order_id,customer_id,product_id,quantity,unit_price,discount_pct,total_amount,status,order_date,updated_at
1,157,85,5,179.75,0,500.55,processing,2026-05-20T18:04:01.208332,2026-05-20T18:04:01.208332
2,272,45,4,66.28,15,225.35,completed,2026-06-03T19:03:01.208332,2026-06-03T19:03:01.208332
3,181,90,4,221.59,0,886.36,completed,2026-04-20T10:01:01.208332,2026-04-20T10:01:01.208332
4,119,16,2,113.51,0,227.02,cancelled,2026-03-17T08:42:01.208332,2026-03-17T08:42:01.208332
5,275,98,2,165.02,0,330.04,cancelled,2026-04-03T23:45:01.208332,2026-04-03T23:45:01.208332
6,248,36,5,202.99,20,811.96,processing,2026-05-30T02:32:01.208332,2026-05-30T02:32:01.208332
7,145,13,2,225.88,0,451.76,completed,2026-04-06T00:15:01.208332,2026-04-06T00:15:01.208332
8,92,39,1,247.09,15,210.03,completed,2026-05-31T20:02:01.208332,2026-05-31T20:02:01.208332
9,141,6,1,94.28,10,84.85,cancelled,2026-04-17T18:43:01.208332,2026-04-17T18:43:01.208332
10,484,17,4,85.34,0,341.36,completed,2026-08-01T11:20:01.208332,2026-08-01T11:20:01.208332
11,294,37,4,143.78,5,546.36,completed,2026-05-14T18:48:01.208332,2026-05-14T18:48:01.208332
12,95,7,3,89.48,20,214.75,completed,2026-05-21T13:35:01.208332,2026-05-21T13:35:01.208332
13,421,9,4,149.34,5,567.49,processing,2026-03-09T02:02:01.208332,2026-03-09T02:02:01.208332
14,323,88,1,114.54,0,114.54,processing,2026-03-22T18:13:01.208332,2026-03-22T18:13:01.208332
15,486,39,1,247.09,0,247.09,processing,2026-03-17T03:53:01.208332,2026-03-17T03:53:01.208332
16,392,54,5,139.17,10,626.26,processing,2026-07-17T13:09:01.208332,2026-07-17T13:09:01.208332
17,116,100,5,63.18,5,300.1,shipped,2026-05-16T14:41:01.208332,2026-05-16T14:41:01.208332
18,153,76,4,172.56,0,690.24,processing,2026-06-07T02:44:01.208332,2026-06-07T02:44:01.208332
19,31,79,1,177.33,20,141.86,cancelled,2026-04-02T10:12:01.208332,2026-04-02T10:12:01.208332
20,109,34,1,167.45,0,167.45,completed,2026-04-08T06:21:01.208332,2026-04-08T06:21:01.208332
21,283,10,2,36.02,0,72.04,shipped,2026-05-08T23:12:01.208332,2026-05-08T23:12:01.208332
22,353,77,4,235.95,0,943.8,completed,2026-03-01T12:58:01.208332,2026-03-01T12:58:01.208332
23,148,91,3,146.76,15,374.24,shipped,2026-07-30T02:02:01.208332,2026-07-30T02:02:01.208332
24,37,88,2,114.54,0,229.08,cancelled,2026-07-17T00:26:01.208332,2026-07-17T00:26:01.208332
25,302,85,2,179.75,5,341.52,processing,2026-03-16T11:49:01.208332,2026-03-16T11:49:01.208332
26,116,83,2,213.9,0,427.8,completed,2026-07-24T01:58:01.208332,2026-07-24T01:58:01.208332
27,37,8,2,220.49,20,352.78,processing,2026-04-20T14:20:01.208332,2026-04-20T14:20:01.208332
28,384,73,3,155.74,5,443.86,shipped,2026-03-18T05:40:01.208332,2026-03-18T05:40:01.208332
29,353,39,4,247.09,0,988.36,processing,2026-05-25T16:57:01.208332,2026-05-25T16:57:01.208332
30,253,57,1,183.8,10,165.42,shipped,2026-03-02T20:31:01.208332,2026-03-02T20:31:01.208332
31,377,42,5,118.02,0,590.1,completed,2026-02-28T07:22:01.208332,2026-02-28T07:22:01.208332
32,118,87,5,203.97,10,917.87,completed,2026-08-15T16:24:01.208332,2026-08-15T16:24:01.208332
33,392,87,3,203.97,10,550.72,completed,2026-03-02T22:08:01.208332,2026-03-02T22:08:01.208332
34,241,67,4,63.81,0,255.24,processing,2026-03-28T15:18:01.208332,2026-03-28T15:18:01.208332
35,224,82,4,131.43,0,525.72,completed,2026-05-20T03:52:01.208332,2026-05-20T03:52:01.208332
36,210,43,3,193.8,15,494.19,completed,2026-03-14T15:22:01.208332,2026-03-14T15:22:01.208332
37,169,53,4,81.67,0,326.68,shipped,2026-06-24T05:14:01.208332,2026-06-24T05:14:01.208332
38,417,98,5,165.02,0,825.1,completed,2026-05-17T09:31:01.208332,2026-05-17T09:31:01.208332
39,162,33,3,128.65,0,385.95,shipped,2026-08-19T05:10:01.208332,2026-08-19T05:10:01.208332
40,443,66,1,189.77,15,161.3,processing,2026-07-31T20:41:01.208332,2026-07-31T20:41:01.208332
41,237,53,1,81.67,0,81.67,completed,2026-05-28T23:27:01.208332,2026-05-28T23:27:01.208332
42,319,97,4,143.24,15,487.02,completed,2026-05-15T01:40:01.208332,2026-05-15T01:40:01.208332
43,105,35,5,196.82,0,984.1,completed,2026-08-11T11:25:01.208332,2026-08-11T11:25:01.208332
44,225,90,4,221.59,0,886.36,cancelled,2026-02-28T20:29:01.208332,2026-02-28T20:29:01.208332
45,312,31,2,156.71,0,313.42,completed,2026-06-03T21:01:01.208332,2026-06-03T21:01:01.208332
46,283,53,1,81.67,0,81.67,completed,2026-07-26T18:31:01.208332,2026-07-26T18:31:01.208332
47,237,16,2,113.51,5,215.67,cancelled,2026-08-12T09:11:01.208332,2026-08-12T09:11:01.208332
48,150,66,3,189.77,5,540.84,shipped,2026-07-25T13:19:01.208332,2026-07-25T13:19:01.208332
49,242,32,4,109.47,10,394.09,shipped,2026-03-21T22:19:01.208332,2026-03-21T22:19:01.208332
50,98,77,5,235.95,15,1002.79,completed,2026-08-02T16:12:01.208332,2026-08-02T16:12:01.208332
51,443,9,3,149.34,20,358.42,shipped,2026-07-17T09:57:01.208332,2026-07-17T09:57:01.208332
52,175,65,3,210.38,20,504.91,completed,2026-02-24T01:34:01.208332,2026-02-24T01:34:01.208332
53,372,39,5,247.09,10,1111.9,shipped,2026-06-23T17:41:01.208332,2026-06-23T17:41:01.208332
54,444,20,4,40.55,10,145.98,completed,2026-05-22T18:29:01.208332,2026-05-22T18:29:01.208332
55,171,71,5,237.46,5,1127.93,completed,2026-05-17T11:47:01.208332,2026-05-17T11:47:01.208332
56,446,25,2,116.03,10,208.85,completed,2026-05-04T07:35:01.208332,2026-05-04T07:35:01.208332
57,439,100,4,63.18,0,252.72,cancelled,2026-04-22T12:30:01.208332,2026-04-22T12:30:01.208332
58,243,91,4,146.76,5,557.69,cancelled,2026-08-22T12:48:01.208332,2026-08-22T12:48:01.208332
59,406,84,2,114.05,5,216.69,completed,2026-08-18T05:44:01.208332,2026-08-18T05:44:01.208332
60,65,65,5,210.38,0,1051.9,completed,2026-07-31T22:08:01.208332,2026-07-31T22:08:01.208332
61,448,57,1,183.8,10,165.42,shipped,2026-08-08T08:08:01.208332,2026-08-08T08:08:01.208332
62,8,93,2,127.01,5,241.32,cancelled,2026-08-01T03:31:01.208332,2026-08-01T03:31:01.208332
63,497,20,1,40.55,5,38.52,completed,2026-07-15T20:54:01.208332,2026-07-15T20:54:01.208332
64,174,80,4,203.33,15,691.32,completed,2026-03-10T05:16:01.208332,2026-03-10T05:16:01.208332
65,437,87,5,203.97,5,968.86,completed,2026-08-16T07:03:01.208332,2026-08-16T07:03:01.208332
66,321,92,4,16.89,20,54.05,completed,2026-06-02T02:06:01.208332,2026-06-02T02:06:01.208332
67,317,9,2,149.34,15,253.88,completed,2026-06-28T04:33:01.208332,2026-06-28T04:33:01.208332
68,117,96,1,67.93,5,64.53,completed,2026-08-20T16:47:01.208332,2026-08-20T16:47:01.208332
69,390,82,1,131.43,5,124.86,cancelled,2026-03-25T21:13:01.208332,2026-03-25T21:13:01.208332
70,154,4,1,15.68,0,15.68,completed,2026-07-18T12:46:01.208332,2026-07-18T12:46:01.208332
71,151,46,3,224.33,5,639.34,completed,2026-03-22T02:22:01.208332,2026-03-22T02:22:01.208332
72,272,53,5,81.67,15,347.1,completed,2026-07-17T20:56:01.208332,2026-07-17T20:56:01.208332
73,88,23,1,210.09,10,189.08,shipped,2026-08-01T03:07:01.208332,2026-08-01T03:07:01.208332
74,318,88,2,114.54,5,217.63,processing,2026-08-08T18:34:01.208332,2026-08-08T18:34:01.208332
75,74,30,4,15.86,15,53.92,shipped,2026-04-10T20:00:01.208332,2026-04-10T20:00:01.208332
76,131,86,1,186.11,20,148.89,completed,2026-05-19T07:05:01.208332,2026-05-19T07:05:01.208332
77,347,70,2,40.29,0,80.58,completed,2026-05-15T00:18:01.208332,2026-05-15T00:18:01.208332
78,301,39,4,247.09,15,840.11,shipped,2026-04-10T03:03:01.208332,2026-04-10T03:03:01.208332
79,433,39,2,247.09,5,469.47,shipped,2026-07-28T22:38:01.208332,2026-07-28T22:38:01.208332
80,55,31,4,156.71,10,564.16,processing,2026-04-29T22:40:01.208332,2026-04-29T22:40:01.208332
81,152,90,3,221.59,0,664.77,cancelled,2026-08-20T15:04:01.208332,2026-08-20T15:04:01.208332
82,203,36,1,202.99,10,182.69,cancelled,2026-07-31T01:54:01.208332,2026-07-31T01:54:01.208332
83,399,96,1,67.93,10,61.14,shipped,2026-07-09T06:04:01.208332,2026-07-09T06:04:01.208332
84,427,37,2,143.78,10,258.8,completed,2026-07-19T14:03:01.208332,2026-07-19T14:03:01.208332
85,113,82,2,131.43,10,236.57,cancelled,2026-04-10T05:22:01.208332,2026-04-10T05:22:01.208332
86,387,93,2,127.01,15,215.92,cancelled,2026-03-13T06:52:01.208332,2026-03-13T06:52:01.208332
87,331,6,3,94.28,20,226.27,completed,2026-05-14T20:21:01.208332,2026-05-14T20:21:01.208332
88,297,47,2,46.2,0,92.4,completed,2026-08-08T04:35:01.208332,2026-08-08T04:35:01.208332
89,168,96,4,67.93,0,271.72,completed,2026-04-01T03:39:01.208332,2026-04-01T03:39:01.208332
90,403,70,3,40.29,10,108.78,completed,2026-05-25T22:44:01.208332,2026-05-25T22:44:01.208332
91,426,22,3,146.59,20,351.82,shipped,2026-08-14T11:35:01.208332,2026-08-14T11:35:01.208332
92,496,38,3,42.0,20,100.8,shipped,2026-03-16T13:33:01.208332,2026-03-16T13:33:01.208332
93,494,10,2,36.02,20,57.63,completed,2026-08-18T13:04:01.208332,2026-08-18T13:04:01.208332
94,441,87,4,203.97,20,652.7,processing,2026-07-20T01:39:01.208332,2026-07-20T01:39:01.208332
95,188,12,4,155.49,0,621.96,processing,2026-04-12T17:48:01.208332,2026-04-12T17:48:01.208332
96,64,59,3,152.05,15,387.73,cancelled,2026-07-09T22:50:01.208332,2026-07-09T22:50:01.208332
97,135,75,4,16.16,20,51.71,completed,2026-06-19T20:13:01.208332,2026-06-19T20:13:01.208332
98,56,87,2,203.97,5,387.54,processing,2026-02-28T03:42:01.208332,2026-02-28T03:42:01.208332
99,453,72,3,194.06,10,523.96,cancelled,2026-04-04T21:32:01.208332,2026-04-04T21:32:01.208332
100,33,82,4,131.43,15,446.86,cancelled,2026-04-19T14:39:01.208332,2026-04-19T14:39:01.208332
101,210,15,2,134.78,0,269.56,completed,2026-08-14T20:38:01.208332,2026-08-14T20:38:01.208332
102,156,64,1,190.48,0,190.48,processing,2026-04-07T08:13:01.208332,2026-04-07T08:13:01.208332
103,70,50,4,24.94,0,99.76,cancelled,2026-06-25T15:45:01.208332,2026-06-25T15:45:01.208332
104,357,70,4,40.29,10,145.04,cancelled,2026-07-08T17:23:01.208332,2026-07-08T17:23:01.208332
105,80,54,1,139.17,20,111.34,processing,2026-05-23T16:21:01.208332,2026-05-23T16:21:01.208332
106,209,36,1,202.99,15,172.54,completed,2026-05-02T01:14:01.208332,2026-05-02T01:14:01.208332
107,228,57,2,183.8,20,294.08,completed,2026-04-30T14:57:01.208332,2026-04-30T14:57:01.208332
108,352,48,5,179.54,15,763.04,completed,2026-04-29T21:26:01.208332,2026-04-29T21:26:01.208332
109,204,36,2,202.99,0,405.98,shipped,2026-08-15T08:39:01.208332,2026-08-15T08:39:01.208332
110,47,85,2,179.75,15,305.57,processing,2026-06-20T00:21:01.208332,2026-06-20T00:21:01.208332
111,498,3,1,83.25,20,66.6,completed,2026-04-25T07:29:01.208332,2026-04-25T07:29:01.208332
112,65,73,2,155.74,0,311.48,processing,2026-07-24T15:53:01.208332,2026-07-24T15:53:01.208332
113,107,76,2,172.56,20,276.1,completed,2026-07-31T22:07:01.208332,2026-07-31T22:07:01.208332
114,169,100,2,63.18,20,101.09,processing,2026-08-06T12:50:01.208332,2026-08-06T12:50:01.208332
115,2,36,2,202.99,0,405.98,completed,2026-06-01T22:36:01.208332,2026-06-01T22:36:01.208332
116,409,23,1,210.09,15,178.58,completed,2026-07-31T07:56:01.208332,2026-07-31T07:56:01.208332
117,68,2,3,63.38,20,152.11,completed,2026-07-17T03:04:01.208332,2026-07-17T03:04:01.208332
118,302,42,1,118.02,0,118.02,completed,2026-04-12T21:46:01.208332,2026-04-12T21:46:01.208332
119,65,95,4,12.44,10,44.78,cancelled,2026-03-16T06:54:01.208332,2026-03-16T06:54:01.208332
120,33,61,4,53.61,20,171.55,processing,2026-04-30T12:08:01.208332,2026-04-30T12:08:01.208332
121,304,14,4,20.65,10,74.34,processing,2026-04-04T22:19:01.208332,2026-04-04T22:19:01.208332
122,23,94,5,91.68,0,458.4,cancelled,2026-05-17T23:35:01.208332,2026-05-17T23:35:01.208332
123,494,4,1,15.68,5,14.9,shipped,2026-07-27T20:16:01.208332,2026-07-27T20:16:01.208332
124,219,88,1,114.54,5,108.81,shipped,2026-07-03T06:53:01.208332,2026-07-03T06:53:01.208332
125,38,11,3,184.85,10,499.09,completed,2026-03-22T14:26:01.208332,2026-03-22T14:26:01.208332
126,65,36,5,202.99,15,862.71,processing,2026-06-10T03:51:01.208332,2026-06-10T03:51:01.208332
127,365,42,4,118.02,10,424.87,completed,2026-05-31T04:24:01.208332,2026-05-31T04:24:01.208332
128,233,65,5,210.38,5,999.31,cancelled,2026-03-13T15:41:01.208332,2026-03-13T15:41:01.208332
129,59,84,5,114.05,15,484.71,completed,2026-07-31T03:45:01.208332,2026-07-31T03:45:01.208332
130,221,58,2,245.37,5,466.2,shipped,2026-04-26T07:10:01.208332,2026-04-26T07:10:01.208332
131,205,54,1,139.17,0,139.17,completed,2026-05-12T06:55:01.208332,2026-05-12T06:55:01.208332
132,341,33,3,128.65,0,385.95,shipped,2026-06-28T15:08:01.208332,2026-06-28T15:08:01.208332
133,35,12,1,155.49,0,155.49,completed,2026-05-13T05:15:01.208332,2026-05-13T05:15:01.208332
134,382,95,3,12.44,20,29.86,processing,2026-03-19T06:50:01.208332,2026-03-19T06:50:01.208332
135,31,76,5,172.56,10,776.52,cancelled,2026-04-24T14:36:01.208332,2026-04-24T14:36:01.208332
136,63,53,3,81.67,20,196.01,shipped,2026-06-24T17:17:01.208332,2026-06-24T17:17:01.208332
137,445,93,1,127.01,0,127.01,completed,2026-06-12T21:35:01.208332,2026-06-12T21:35:01.208332
138,181,14,5,20.65,10,92.92,completed,2026-04-03T07:50:01.208332,2026-04-03T07:50:01.208332
139,337,62,2,88.56,20,141.7,completed,2026-03-15T07:10:01.208332,2026-03-15T07:10:01.208332
140,433,72,3,194.06,0,582.18,completed,2026-07-12T10:14:01.208332,2026-07-12T10:14:01.208332
141,294,29,4,63.91,20,204.51,processing,2026-06-05T17:15:01.208332,2026-06-05T17:15:01.208332
142,315,87,5,203.97,0,1019.85,cancelled,2026-06-14T11:06:01.208332,2026-06-14T11:06:01.208332
143,425,89,3,214.41,0,643.23,completed,2026-03-28T10:36:01.208332,2026-03-28T10:36:01.208332
144,360,98,3,165.02,0,495.06,completed,2026-04-28T12:00:01.208332,2026-04-28T12:00:01.208332
145,93,19,5,106.58,15,452.96,completed,2026-05-07T13:25:01.208332,2026-05-07T13:25:01.208332
146,73,95,1,12.44,0,12.44,processing,2026-07-09T10:10:01.208332,2026-07-09T10:10:01.208332
147,111,49,4,107.82,5,409.72,completed,2026-04-26T15:45:01.208332,2026-04-26T15:45:01.208332
148,190,40,3,157.04,20,376.9,processing,2026-08-13T23:26:01.208332,2026-08-13T23:26:01.208332
149,306,11,1,184.85,0,184.85,processing,2026-03-24T06:06:01.208332,2026-03-24T06:06:01.208332
150,26,87,1,203.97,0,203.97,cancelled,2026-05-15T06:21:01.208332,2026-05-15T06:21:01.208332
151,218,63,5,91.0,5,432.25,completed,2026-05-09T23:57:01.208332,2026-05-09T23:57:01.208332
152,111,97,5,143.24,0,716.2,shipped,2026-04-27T10:26:01.208332,2026-04-27T10:26:01.208332
153,57,37,5,143.78,5,682.95,cancelled,2026-05-30T12:34:01.208332,2026-05-30T12:34:01.208332
154,158,6,2,94.28,5,179.13,processing,2026-08-21T19:28:01.208332,2026-08-21T19:28:01.208332
155,29,1,2,101.81,0,203.62,completed,2026-08-14T16:33:01.208332,2026-08-14T16:33:01.208332
156,393,18,3,131.71,0,395.13,completed,2026-04-24T07:57:01.208332,2026-04-24T07:57:01.208332
157,4,64,4,190.48,0,761.92,shipped,2026-03-19T02:47:01.208332,2026-03-19T02:47:01.208332
158,273,91,2,146.76,10,264.17,cancelled,2026-06-05T07:28:01.208332,2026-06-05T07:28:01.208332
159,413,46,1,224.33,5,213.11,cancelled,2026-07-30T11:28:01.208332,2026-07-30T11:28:01.208332
160,22,56,1,16.97,5,16.12,completed,2026-08-10T06:59:01.208332,2026-08-10T06:59:01.208332
161,442,41,5,117.02,5,555.85,shipped,2026-06-07T23:35:01.208332,2026-06-07T23:35:01.208332
162,364,82,4,131.43,0,525.72,shipped,2026-03-16T13:34:01.208332,2026-03-16T13:34:01.208332
163,11,42,2,118.02,20,188.83,processing,2026-08-15T02:33:01.208332,2026-08-15T02:33:01.208332
164,236,89,3,214.41,0,643.23,completed,2026-05-14T02:23:01.208332,2026-05-14T02:23:01.208332
165,125,56,5,16.97,5,80.61,completed,2026-05-29T23:35:01.208332,2026-05-29T23:35:01.208332
166,203,40,3,157.04,0,471.12,completed,2026-04-25T05:33:01.208332,2026-04-25T05:33:01.208332
167,40,66,1,189.77,10,170.79,completed,2026-05-27T10:22:01.208332,2026-05-27T10:22:01.208332
168,464,100,3,63.18,0,189.54,cancelled,2026-07-06T00:20:01.208332,2026-07-06T00:20:01.208332
169,418,19,2,106.58,0,213.16,completed,2026-03-22T06:11:01.208332,2026-03-22T06:11:01.208332
170,102,23,5,210.09,0,1050.45,cancelled,2026-07-11T23:47:01.208332,2026-07-11T23:47:01.208332
171,39,23,4,210.09,5,798.34,processing,2026-07-10T22:35:01.208332,2026-07-10T22:35:01.208332
172,390,75,4,16.16,15,54.94,processing,2026-08-10T20:03:01.208332,2026-08-10T20:03:01.208332
173,330,82,5,131.43,0,657.15,cancelled,2026-07-30T22:19:01.208332,2026-07-30T22:19:01.208332
174,162,20,4,40.55,0,162.2,shipped,2026-05-19T23:06:01.208332,2026-05-19T23:06:01.208332
175,324,39,3,247.09,10,667.14,completed,2026-03-05T19:47:01.208332,2026-03-05T19:47:01.208332
176,260,10,3,36.02,5,102.66,completed,2026-05-16T20:48:01.208332,2026-05-16T20:48:01.208332
177,30,48,3,179.54,0,538.62,completed,2026-06-20T22:57:01.208332,2026-06-20T22:57:01.208332
178,315,77,5,235.95,5,1120.76,processing,2026-05-18T19:59:01.208332,2026-05-18T19:59:01.208332
179,284,95,1,12.44,5,11.82,processing,2026-08-08T02:03:01.208332,2026-08-08T02:03:01.208332
180,334,25,3,116.03,10,313.28,processing,2026-05-21T04:25:01.208332,2026-05-21T04:25:01.208332
181,78,8,4,220.49,0,881.96,completed,2026-07-21T05:32:01.208332,2026-07-21T05:32:01.208332
182,366,11,5,184.85,15,785.61,completed,2026-03-27T00:17:01.208332,2026-03-27T00:17:01.208332
183,127,91,4,146.76,5,557.69,processing,2026-05-30T00:03:01.208332,2026-05-30T00:03:01.208332
184,313,21,3,172.56,0,517.68,completed,2026-08-09T16:53:01.208332,2026-08-09T16:53:01.208332
185,199,53,3,81.67,15,208.26,completed,2026-06-12T10:34:01.208332,2026-06-12T10:34:01.208332
186,405,81,3,137.86,0,413.58,completed,2026-04-24T14:48:01.208332,2026-04-24T14:48:01.208332
187,286,87,4,203.97,0,815.88,cancelled,2026-04-10T11:21:01.208332,2026-04-10T11:21:01.208332
188,437,85,5,179.75,20,719.0,completed,2026-03-22T23:21:01.208332,2026-03-22T23:21:01.208332
189,42,75,2,16.16,0,32.32,cancelled,2026-04-21T01:47:01.208332,2026-04-21T01:47:01.208332
190,358,85,4,179.75,0,719.0,cancelled,2026-06-11T22:08:01.208332,2026-06-11T22:08:01.208332
191,481,11,3,184.85,10,499.09,cancelled,2026-05-03T04:06:01.208332,2026-05-03T04:06:01.208332
192,406,43,2,193.8,15,329.46,cancelled,2026-07-01T13:04:01.208332,2026-07-01T13:04:01.208332
193,351,68,1,191.02,15,162.37,shipped,2026-06-25T15:38:01.208332,2026-06-25T15:38:01.208332
194,261,47,1,46.2,0,46.2,completed,2026-04-20T19:49:01.208332,2026-04-20T19:49:01.208332
195,487,28,3,206.42,20,495.41,completed,2026-05-23T02:55:01.208332,2026-05-23T02:55:01.208332
196,116,18,2,131.71,0,263.42,completed,2026-04-18T10:42:01.208332,2026-04-18T10:42:01.208332
197,260,99,5,200.3,20,801.2,processing,2026-07-08T01:33:01.208332,2026-07-08T01:33:01.208332
198,20,85,3,179.75,20,431.4,completed,2026-06-16T02:35:01.208332,2026-06-16T02:35:01.208332
199,306,49,2,107.82,0,215.64,cancelled,2026-03-28T12:29:01.208332,2026-03-28T12:29:01.208332
200,395,80,2,203.33,15,345.66,completed,2026-05-14T06:35:01.208332,2026-05-14T06:35:01.208332
201,211,47,2,46.2,5,87.78,completed,2026-06-14T18:05:01.208332,2026-06-14T18:05:01.208332
202,386,96,4,67.93,0,271.72,completed,2026-05-31T19:29:01.208332,2026-05-31T19:29:01.208332
203,159,61,2,53.61,0,107.22,processing,2026-06-27T01:56:01.208332,2026-06-27T01:56:01.208332
204,226,60,3,164.26,20,394.22,processing,2026-05-04T02:47:01.208332,2026-05-04T02:47:01.208332
205,271,54,2,139.17,20,222.67,processing,2026-03-31T22:51:01.208332,2026-03-31T22:51:01.208332
206,71,33,1,128.65,15,109.35,completed,2026-05-22T02:05:01.208332,2026-05-22T02:05:01.208332
207,284,14,5,20.65,20,82.6,completed,2026-03-18T07:05:01.208332,2026-03-18T07:05:01.208332
208,43,98,2,165.02,0,330.04,processing,2026-05-16T09:28:01.208332,2026-05-16T09:28:01.208332
209,76,56,1,16.97,0,16.97,shipped,2026-07-22T06:35:01.208332,2026-07-22T06:35:01.208332
210,453,45,1,66.28,5,62.97,shipped,2026-03-05T07:02:01.208332,2026-03-05T07:02:01.208332
211,258,48,2,179.54,5,341.13,completed,2026-03-10T10:54:01.208332,2026-03-10T10:54:01.208332
212,115,4,3,15.68,0,47.04,cancelled,2026-07-26T08:47:01.208332,2026-07-26T08:47:01.208332
213,333,43,2,193.8,0,387.6,completed,2026-03-02T13:42:01.208332,2026-03-02T13:42:01.208332
214,470,61,2,53.61,20,85.78,shipped,2026-07-02T00:54:01.208332,2026-07-02T00:54:01.208332
215,230,79,1,177.33,0,177.33,completed,2026-02-27T01:23:01.208332,2026-02-27T01:23:01.208332
216,111,20,5,40.55,15,172.34,processing,2026-06-14T10:36:01.208332,2026-06-14T10:36:01.208332
217,217,15,3,134.78,0,404.34,completed,2026-04-19T10:06:01.208332,2026-04-19T10:06:01.208332
218,25,31,4,156.71,15,532.81,processing,2026-07-18T02:57:01.208332,2026-07-18T02:57:01.208332
219,235,9,1,149.34,20,119.47,shipped,2026-08-07T09:00:01.208332,2026-08-07T09:00:01.208332
220,306,69,1,211.41,15,179.7,processing,2026-05-28T10:04:01.208332,2026-05-28T10:04:01.208332
221,124,92,2,16.89,0,33.78,completed,2026-05-12T17:44:01.208332,2026-05-12T17:44:01.208332
222,315,46,2,224.33,10,403.79,completed,2026-05-10T10:22:01.208332,2026-05-10T10:22:01.208332
223,341,86,1,186.11,10,167.5,completed,2026-08-20T00:41:01.208332,2026-08-20T00:41:01.208332
224,35,68,5,191.02,10,859.59,processing,2026-07-16T18:15:01.208332,2026-07-16T18:15:01.208332
225,284,3,4,83.25,20,266.4,completed,2026-05-20T04:25:01.208332,2026-05-20T04:25:01.208332
226,326,50,3,24.94,0,74.82,completed,2026-07-09T15:26:01.208332,2026-07-09T15:26:01.208332
227,183,9,3,149.34,0,448.02,cancelled,2026-07-07T00:38:01.208332,2026-07-07T00:38:01.208332
228,322,14,5,20.65,15,87.76,completed,2026-07-11T08:20:01.208332,2026-07-11T08:20:01.208332
229,69,6,3,94.28,10,254.56,cancelled,2026-04-26T05:30:01.208332,2026-04-26T05:30:01.208332
230,90,100,4,63.18,15,214.81,cancelled,2026-05-21T17:06:01.208332,2026-05-21T17:06:01.208332
231,94,18,1,131.71,15,111.95,shipped,2026-07-14T21:35:01.208332,2026-07-14T21:35:01.208332
232,19,38,2,42.0,0,84.0,completed,2026-07-17T14:46:01.208332,2026-07-17T14:46:01.208332
233,454,6,3,94.28,0,282.84,shipped,2026-05-28T10:06:01.208332,2026-05-28T10:06:01.208332
234,418,70,4,40.29,0,161.16,cancelled,2026-03-02T06:21:01.208332,2026-03-02T06:21:01.208332
235,98,37,3,143.78,20,345.07,completed,2026-07-15T17:54:01.208332,2026-07-15T17:54:01.208332
236,444,84,3,114.05,0,342.15,completed,2026-03-18T06:12:01.208332,2026-03-18T06:12:01.208332
237,224,52,4,101.29,5,384.9,completed,2026-04-26T07:38:01.208332,2026-04-26T07:38:01.208332
238,255,89,4,214.41,0,857.64,processing,2026-08-10T20:44:01.208332,2026-08-10T20:44:01.208332
239,137,11,4,184.85,0,739.4,processing,2026-05-12T23:43:01.208332,2026-05-12T23:43:01.208332
240,422,24,5,60.44,0,302.2,completed,2026-04-23T01:45:01.208332,2026-04-23T01:45:01.208332
241,41,42,3,118.02,0,354.06,processing,2026-05-15T18:36:01.208332,2026-05-15T18:36:01.208332
242,368,55,2,62.66,15,106.52,completed,2026-05-15T09:49:01.208332,2026-05-15T09:49:01.208332
243,229,6,3,94.28,10,254.56,completed,2026-05-13T18:39:01.208332,2026-05-13T18:39:01.208332
244,328,8,1,220.49,15,187.42,shipped,2026-06-19T15:42:01.208332,2026-06-19T15:42:01.208332
245,187,66,2,189.77,0,379.54,processing,2026-03-21T14:10:01.208332,2026-03-21T14:10:01.208332
246,348,57,1,183.8,0,183.8,completed,2026-03-07T20:06:01.208332,2026-03-07T20:06:01.208332
247,399,83,3,213.9,0,641.7,processing,2026-05-04T07:04:01.208332,2026-05-04T07:04:01.208332
248,17,78,2,152.1,15,258.57,completed,2026-05-16T12:06:01.208332,2026-05-16T12:06:01.208332
249,191,57,1,183.8,10,165.42,processing,2026-03-20T15:57:01.208332,2026-03-20T15:57:01.208332
250,188,51,3,227.16,15,579.26,completed,2026-04-15T07:58:01.208332,2026-04-15T07:58:01.208332
251,492,15,1,134.78,15,114.56,shipped,2026-03-29T11:13:01.208332,2026-03-29T11:13:01.208332
252,266,50,5,24.94,0,124.7,completed,2026-04-12T06:05:01.208332,2026-04-12T06:05:01.208332
253,361,58,2,245.37,10,441.67,cancelled,2026-04-16T14:04:01.208332,2026-04-16T14:04:01.208332
254,470,63,2,91.0,0,182.0,completed,2026-03-20T07:22:01.208332,2026-03-20T07:22:01.208332
255,232,23,4,210.09,0,840.36,cancelled,2026-07-21T03:33:01.208332,2026-07-21T03:33:01.208332
256,496,41,3,117.02,15,298.4,processing,2026-03-07T10:05:01.208332,2026-03-07T10:05:01.208332
257,278,38,3,42.0,20,100.8,cancelled,2026-03-24T06:31:01.208332,2026-03-24T06:31:01.208332
258,364,90,2,221.59,20,354.54,processing,2026-04-30T09:45:01.208332,2026-04-30T09:45:01.208332
259,115,16,2,113.51,20,181.62,completed,2026-03-20T21:07:01.208332,2026-03-20T21:07:01.208332
260,405,64,1,190.48,0,190.48,processing,2026-06-04T10:55:01.208332,2026-06-04T10:55:01.208332
261,189,60,5,164.26,0,821.3,completed,2026-06-15T00:00:01.208332,2026-06-15T00:00:01.208332
262,34,40,4,157.04,15,533.94,shipped,2026-07-04T11:09:01.208332,2026-07-04T11:09:01.208332
263,270,53,4,81.67,20,261.34,completed,2026-06-08T06:08:01.208332,2026-06-08T06:08:01.208332
264,65,41,1,117.02,5,111.17,cancelled,2026-05-19T09:37:01.208332,2026-05-19T09:37:01.208332
265,265,45,2,66.28,20,106.05,processing,2026-07-15T15:23:01.208332,2026-07-15T15:23:01.208332
266,328,76,2,172.56,20,276.1,completed,2026-08-18T12:02:01.208332,2026-08-18T12:02:01.208332
267,222,65,1,210.38,20,168.3,processing,2026-03-18T04:50:01.208332,2026-03-18T04:50:01.208332
268,79,39,2,247.09,0,494.18,cancelled,2026-04-23T08:05:01.208332,2026-04-23T08:05:01.208332
269,116,45,5,66.28,0,331.4,completed,2026-07-27T14:18:01.208332,2026-07-27T14:18:01.208332
270,129,26,5,123.56,0,617.8,cancelled,2026-03-18T09:14:01.208332,2026-03-18T09:14:01.208332
271,156,79,5,177.33,0,886.65,cancelled,2026-05-26T02:08:01.208332,2026-05-26T02:08:01.208332
272,87,76,5,172.56,0,862.8,cancelled,2026-03-26T18:21:01.208332,2026-03-26T18:21:01.208332
273,320,93,5,127.01,0,635.05,processing,2026-07-26T23:26:01.208332,2026-07-26T23:26:01.208332
274,22,4,1,15.68,0,15.68,cancelled,2026-08-15T06:37:01.208332,2026-08-15T06:37:01.208332
275,395,74,3,241.53,15,615.9,processing,2026-04-02T23:24:01.208332,2026-04-02T23:24:01.208332
276,214,80,1,203.33,5,193.16,cancelled,2026-08-04T10:27:01.208332,2026-08-04T10:27:01.208332
277,280,38,3,42.0,5,119.7,cancelled,2026-04-09T04:15:01.208332,2026-04-09T04:15:01.208332
278,208,39,4,247.09,0,988.36,completed,2026-06-28T22:57:01.208332,2026-06-28T22:57:01.208332
279,81,57,4,183.8,5,698.44,completed,2026-05-19T03:32:01.208332,2026-05-19T03:32:01.208332
280,175,78,2,152.1,0,304.2,cancelled,2026-07-30T10:15:01.208332,2026-07-30T10:15:01.208332
281,164,94,3,91.68,5,261.29,completed,2026-03-19T09:41:01.208332,2026-03-19T09:41:01.208332
282,264,72,1,194.06,0,194.06,shipped,2026-04-08T14:32:01.208332,2026-04-08T14:32:01.208332
283,63,35,4,196.82,0,787.28,completed,2026-03-21T05:52:01.208332,2026-03-21T05:52:01.208332
284,26,38,4,42.0,20,134.4,shipped,2026-06-15T14:59:01.208332,2026-06-15T14:59:01.208332
285,128,21,3,172.56,10,465.91,completed,2026-07-04T21:01:01.208332,2026-07-04T21:01:01.208332
286,98,98,2,165.02,5,313.54,shipped,2026-05-28T07:14:01.208332,2026-05-28T07:14:01.208332
287,256,40,4,157.04,0,628.16,shipped,2026-03-11T23:47:01.208332,2026-03-11T23:47:01.208332
288,259,59,2,152.05,0,304.1,completed,2026-06-09T19:02:01.208332,2026-06-09T19:02:01.208332
289,25,7,3,89.48,5,255.02,cancelled,2026-06-12T08:57:01.208332,2026-06-12T08:57:01.208332
290,345,61,3,53.61,10,144.75,completed,2026-02-25T02:05:01.208332,2026-02-25T02:05:01.208332
291,221,18,3,131.71,15,335.86,shipped,2026-05-01T04:28:01.208332,2026-05-01T04:28:01.208332
292,188,6,4,94.28,0,377.12,processing,2026-06-07T09:57:01.208332,2026-06-07T09:57:01.208332
293,100,47,5,46.2,0,231.0,shipped,2026-03-08T23:37:01.208332,2026-03-08T23:37:01.208332
294,259,58,5,245.37,0,1226.85,processing,2026-07-23T20:12:01.208332,2026-07-23T20:12:01.208332
295,349,79,1,177.33,0,177.33,completed,2026-08-20T02:34:01.208332,2026-08-20T02:34:01.208332
296,202,48,3,179.54,10,484.76,completed,2026-08-13T12:41:01.208332,2026-08-13T12:41:01.208332
297,387,19,2,106.58,10,191.84,shipped,2026-05-27T06:45:01.208332,2026-05-27T06:45:01.208332
298,257,6,1,94.28,0,94.28,cancelled,2026-03-20T13:05:01.208332,2026-03-20T13:05:01.208332
299,171,61,5,53.61,5,254.65,processing,2026-03-22T17:05:01.208332,2026-03-22T17:05:01.208332
300,458,66,2,189.77,0,379.54,processing,2026-08-12T03:34:01.208332,2026-08-12T03:34:01.208332
301,164,21,4,172.56,10,621.22,completed,2026-07-08T04:30:01.208332,2026-07-08T04:30:01.208332
302,304,44,5,75.9,20,303.6,processing,2026-05-27T09:20:01.208332,2026-05-27T09:20:01.208332
303,251,91,5,146.76,0,733.8,completed,2026-05-21T01:12:01.208332,2026-05-21T01:12:01.208332
304,189,43,1,193.8,5,184.11,completed,2026-06-09T20:36:01.208332,2026-06-09T20:36:01.208332
305,408,93,1,127.01,10,114.31,completed,2026-05-20T23:52:01.208332,2026-05-20T23:52:01.208332
306,496,84,5,114.05,10,513.23,cancelled,2026-04-06T00:31:01.208332,2026-04-06T00:31:01.208332
307,27,75,4,16.16,0,64.64,cancelled,2026-05-30T00:46:01.208332,2026-05-30T00:46:01.208332
308,370,80,4,203.33,0,813.32,cancelled,2026-07-23T04:15:01.208332,2026-07-23T04:15:01.208332
309,125,5,5,88.78,15,377.31,completed,2026-03-15T14:30:01.208332,2026-03-15T14:30:01.208332
310,10,57,3,183.8,5,523.83,shipped,2026-03-23T03:58:01.208332,2026-03-23T03:58:01.208332
311,354,27,4,78.11,10,281.2,processing,2026-07-14T16:16:01.208332,2026-07-14T16:16:01.208332
312,472,61,1,53.61,15,45.57,processing,2026-03-20T17:39:01.208332,2026-03-20T17:39:01.208332
313,107,72,3,194.06,15,494.85,processing,2026-05-21T16:24:01.208332,2026-05-21T16:24:01.208332
314,193,41,2,117.02,5,222.34,processing,2026-08-08T15:29:01.208332,2026-08-08T15:29:01.208332
315,176,70,3,40.29,15,102.74,cancelled,2026-07-14T03:14:01.208332,2026-07-14T03:14:01.208332
316,349,83,3,213.9,10,577.53,completed,2026-05-22T17:46:01.208332,2026-05-22T17:46:01.208332
317,491,32,3,109.47,10,295.57,completed,2026-04-18T22:31:01.208332,2026-04-18T22:31:01.208332
318,483,39,3,247.09,15,630.08,cancelled,2026-04-02T07:58:01.208332,2026-04-02T07:58:01.208332
319,361,63,3,91.0,5,259.35,processing,2026-04-28T02:18:01.208332,2026-04-28T02:18:01.208332
320,479,93,3,127.01,0,381.03,processing,2026-03-17T18:50:01.208332,2026-03-17T18:50:01.208332
321,347,70,4,40.29,5,153.1,completed,2026-07-22T13:54:01.208332,2026-07-22T13:54:01.208332
322,489,99,2,200.3,0,400.6,completed,2026-03-03T06:09:01.208332,2026-03-03T06:09:01.208332
323,490,92,1,16.89,0,16.89,shipped,2026-08-10T19:25:01.208332,2026-08-10T19:25:01.208332
324,336,33,4,128.65,0,514.6,processing,2026-04-01T09:12:01.208332,2026-04-01T09:12:01.208332
325,139,72,3,194.06,0,582.18,processing,2026-03-15T11:35:01.208332,2026-03-15T11:35:01.208332
326,380,76,2,172.56,0,345.12,cancelled,2026-03-04T20:09:01.208332,2026-03-04T20:09:01.208332
327,464,68,2,191.02,15,324.73,completed,2026-04-06T23:38:01.208332,2026-04-06T23:38:01.208332
328,52,53,3,81.67,15,208.26,completed,2026-05-20T14:19:01.208332,2026-05-20T14:19:01.208332
329,349,99,2,200.3,0,400.6,processing,2026-08-18T04:24:01.208332,2026-08-18T04:24:01.208332
330,476,21,4,172.56,15,586.7,shipped,2026-08-12T19:35:01.208332,2026-08-12T19:35:01.208332
331,245,84,2,114.05,20,182.48,completed,2026-08-18T01:46:01.208332,2026-08-18T01:46:01.208332
332,165,37,1,143.78,20,115.02,cancelled,2026-03-11T21:13:01.208332,2026-03-11T21:13:01.208332
333,294,30,5,15.86,15,67.41,completed,2026-07-05T05:42:01.208332,2026-07-05T05:42:01.208332
334,468,23,4,210.09,20,672.29,completed,2026-03-27T14:23:01.208332,2026-03-27T14:23:01.208332
335,429,51,4,227.16,0,908.64,cancelled,2026-08-13T02:28:01.208332,2026-08-13T02:28:01.208332
336,493,38,1,42.0,0,42.0,processing,2026-04-18T22:03:01.208332,2026-04-18T22:03:01.208332
337,309,14,3,20.65,0,61.95,cancelled,2026-05-17T07:26:01.208332,2026-05-17T07:26:01.208332
338,279,68,4,191.02,0,764.08,processing,2026-07-28T12:42:01.208332,2026-07-28T12:42:01.208332
339,240,35,2,196.82,20,314.91,completed,2026-03-16T02:31:01.208332,2026-03-16T02:31:01.208332
340,84,94,4,91.68,15,311.71,cancelled,2026-04-11T10:22:01.208332,2026-04-11T10:22:01.208332
341,96,2,3,63.38,20,152.11,processing,2026-04-18T07:20:01.208332,2026-04-18T07:20:01.208332
342,346,97,2,143.24,0,286.48,cancelled,2026-06-14T19:40:01.208332,2026-06-14T19:40:01.208332
343,460,52,4,101.29,10,364.64,completed,2026-04-24T07:06:01.208332,2026-04-24T07:06:01.208332
344,206,86,1,186.11,0,186.11,completed,2026-08-21T07:24:01.208332,2026-08-21T07:24:01.208332
345,245,42,2,118.02,0,236.04,shipped,2026-04-12T01:45:01.208332,2026-04-12T01:45:01.208332
346,121,58,3,245.37,0,736.11,processing,2026-04-19T13:35:01.208332,2026-04-19T13:35:01.208332
347,371,74,1,241.53,0,241.53,completed,2026-06-22T14:21:01.208332,2026-06-22T14:21:01.208332
348,355,31,1,156.71,15,133.2,shipped,2026-03-17T02:53:01.208332,2026-03-17T02:53:01.208332
349,158,21,4,172.56,15,586.7,cancelled,2026-05-26T01:54:01.208332,2026-05-26T01:54:01.208332
350,395,40,1,157.04,15,133.48,completed,2026-08-09T09:00:01.208332,2026-08-09T09:00:01.208332
351,189,79,2,177.33,0,354.66,completed,2026-08-16T21:08:01.208332,2026-08-16T21:08:01.208332
352,245,20,4,40.55,15,137.87,completed,2026-06-13T20:52:01.208332,2026-06-13T20:52:01.208332
353,213,90,5,221.59,5,1052.55,processing,2026-07-11T11:16:01.208332,2026-07-11T11:16:01.208332
354,411,86,2,186.11,20,297.78,cancelled,2026-04-09T15:33:01.208332,2026-04-09T15:33:01.208332
355,387,77,1,235.95,10,212.35,processing,2026-05-15T22:14:01.208332,2026-05-15T22:14:01.208332
356,361,47,1,46.2,10,41.58,completed,2026-03-16T00:36:01.208332,2026-03-16T00:36:01.208332
357,425,71,5,237.46,0,1187.3,processing,2026-06-07T20:32:01.208332,2026-06-07T20:32:01.208332
358,77,22,3,146.59,20,351.82,shipped,2026-05-29T07:46:01.208332,2026-05-29T07:46:01.208332
359,60,88,2,114.54,15,194.72,shipped,2026-06-09T18:10:01.208332,2026-06-09T18:10:01.208332
360,47,66,4,189.77,20,607.26,shipped,2026-03-05T17:26:01.208332,2026-03-05T17:26:01.208332
361,68,66,4,189.77,5,721.13,completed,2026-06-06T06:07:01.208332,2026-06-06T06:07:01.208332
362,287,60,3,164.26,15,418.86,shipped,2026-02-27T13:28:01.208332,2026-02-27T13:28:01.208332
363,131,1,2,101.81,10,183.26,completed,2026-03-08T21:26:01.208332,2026-03-08T21:26:01.208332
364,217,45,1,66.28,10,59.65,completed,2026-03-06T13:37:01.208332,2026-03-06T13:37:01.208332
365,479,61,1,53.61,0,53.61,completed,2026-05-09T00:44:01.208332,2026-05-09T00:44:01.208332
366,394,18,4,131.71,0,526.84,shipped,2026-08-04T20:39:01.208332,2026-08-04T20:39:01.208332
367,230,49,4,107.82,0,431.28,cancelled,2026-06-27T21:15:01.208332,2026-06-27T21:15:01.208332
368,448,70,2,40.29,15,68.49,completed,2026-07-30T05:00:01.208332,2026-07-30T05:00:01.208332
369,61,23,5,210.09,5,997.93,completed,2026-05-30T20:54:01.208332,2026-05-30T20:54:01.208332
370,373,29,1,63.91,20,51.13,completed,2026-02-27T17:41:01.208332,2026-02-27T17:41:01.208332
371,238,87,5,203.97,5,968.86,shipped,2026-05-31T10:25:01.208332,2026-05-31T10:25:01.208332
372,422,30,2,15.86,5,30.13,completed,2026-04-27T14:45:01.208332,2026-04-27T14:45:01.208332
373,142,25,1,116.03,0,116.03,cancelled,2026-07-20T23:01:01.208332,2026-07-20T23:01:01.208332
374,215,79,1,177.33,0,177.33,completed,2026-04-02T02:45:01.208332,2026-04-02T02:45:01.208332
375,52,77,1,235.95,5,224.15,cancelled,2026-06-12T10:07:01.208332,2026-06-12T10:07:01.208332
376,361,7,2,89.48,15,152.12,shipped,2026-03-03T15:38:01.208332,2026-03-03T15:38:01.208332
377,225,30,5,15.86,0,79.3,completed,2026-07-10T22:19:01.208332,2026-07-10T22:19:01.208332
378,72,65,3,210.38,0,631.14,cancelled,2026-07-22T02:35:01.208332,2026-07-22T02:35:01.208332
379,295,41,5,117.02,10,526.59,cancelled,2026-07-14T05:38:01.208332,2026-07-14T05:38:01.208332
380,420,42,2,118.02,0,236.04,completed,2026-08-02T02:47:01.208332,2026-08-02T02:47:01.208332
381,339,67,2,63.81,5,121.24,completed,2026-04-19T07:16:01.208332,2026-04-19T07:16:01.208332
382,32,72,5,194.06,15,824.75,completed,2026-08-08T13:06:01.208332,2026-08-08T13:06:01.208332
383,321,87,4,203.97,10,734.29,completed,2026-05-24T19:46:01.208332,2026-05-24T19:46:01.208332
384,498,45,4,66.28,20,212.1,completed,2026-05-30T01:46:01.208332,2026-05-30T01:46:01.208332
385,357,54,4,139.17,0,556.68,shipped,2026-04-19T04:35:01.208332,2026-04-19T04:35:01.208332
386,95,97,5,143.24,5,680.39,completed,2026-04-08T11:10:01.208332,2026-04-08T11:10:01.208332
387,154,91,2,146.76,20,234.82,completed,2026-05-18T21:21:01.208332,2026-05-18T21:21:01.208332
388,288,53,4,81.67,10,294.01,completed,2026-05-31T01:56:01.208332,2026-05-31T01:56:01.208332
389,199,32,3,109.47,0,328.41,cancelled,2026-04-24T17:18:01.208332,2026-04-24T17:18:01.208332
390,41,58,3,245.37,0,736.11,cancelled,2026-06-01T02:35:01.208332,2026-06-01T02:35:01.208332
391,425,25,1,116.03,0,116.03,cancelled,2026-05-03T06:14:01.208332,2026-05-03T06:14:01.208332
392,310,78,1,152.1,20,121.68,completed,2026-03-08T20:21:01.208332,2026-03-08T20:21:01.208332
393,412,98,5,165.02,15,701.34,processing,2026-06-25T19:58:01.208332,2026-06-25T19:58:01.208332
394,112,62,2,88.56,20,141.7,completed,2026-08-07T17:15:01.208332,2026-08-07T17:15:01.208332
395,156,2,2,63.38,0,126.76,cancelled,2026-08-17T17:44:01.208332,2026-08-17T17:44:01.208332
396,61,96,4,67.93,0,271.72,processing,2026-06-30T05:36:01.208332,2026-06-30T05:36:01.208332
397,361,27,4,78.11,0,312.44,completed,2026-06-04T02:26:01.208332,2026-06-04T02:26:01.208332
398,398,37,4,143.78,5,546.36,cancelled,2026-05-31T17:55:01.208332,2026-05-31T17:55:01.208332
399,184,40,3,157.04,0,471.12,shipped,2026-05-27T22:53:01.208332,2026-05-27T22:53:01.208332
400,239,13,4,225.88,20,722.82,completed,2026-07-26T11:12:01.208332,2026-07-26T11:12:01.208332
401,469,27,3,78.11,0,234.33,completed,2026-05-09T22:51:01.208332,2026-05-09T22:51:01.208332
402,289,29,2,63.91,0,127.82,processing,2026-04-12T01:42:01.208332,2026-04-12T01:42:01.208332
403,479,75,5,16.16,15,68.68,completed,2026-05-10T14:47:01.208332,2026-05-10T14:47:01.208332
404,79,26,3,123.56,0,370.68,processing,2026-05-03T17:54:01.208332,2026-05-03T17:54:01.208332
405,427,32,4,109.47,10,394.09,cancelled,2026-06-22T18:23:01.208332,2026-06-22T18:23:01.208332
406,173,33,4,128.65,15,437.41,cancelled,2026-06-20T09:58:01.208332,2026-06-20T09:58:01.208332
407,252,59,2,152.05,15,258.49,completed,2026-07-18T07:40:01.208332,2026-07-18T07:40:01.208332
408,87,18,5,131.71,5,625.62,processing,2026-03-29T02:29:01.208332,2026-03-29T02:29:01.208332
409,329,8,5,220.49,0,1102.45,completed,2026-07-26T08:18:01.208332,2026-07-26T08:18:01.208332
410,484,86,1,186.11,20,148.89,shipped,2026-02-24T18:15:01.208332,2026-02-24T18:15:01.208332
411,71,81,2,137.86,0,275.72,completed,2026-07-02T08:02:01.208332,2026-07-02T08:02:01.208332
412,5,28,5,206.42,5,980.49,completed,2026-05-02T12:54:01.208332,2026-05-02T12:54:01.208332
413,317,82,5,131.43,5,624.29,shipped,2026-06-23T14:49:01.208332,2026-06-23T14:49:01.208332
414,9,1,5,101.81,10,458.15,completed,2026-05-09T11:31:01.208332,2026-05-09T11:31:01.208332
415,9,68,3,191.02,10,515.75,completed,2026-08-20T13:02:01.208332,2026-08-20T13:02:01.208332
416,9,65,4,210.38,20,673.22,completed,2026-08-13T16:01:01.208332,2026-08-13T16:01:01.208332
417,55,13,5,225.88,0,1129.4,completed,2026-04-08T11:10:01.208332,2026-04-08T11:10:01.208332
418,318,68,3,191.02,20,458.45,completed,2026-04-29T02:56:01.208332,2026-04-29T02:56:01.208332
419,408,51,1,227.16,0,227.16,shipped,2026-08-17T05:36:01.208332,2026-08-17T05:36:01.208332
420,236,73,2,155.74,15,264.76,completed,2026-04-05T17:09:01.208332,2026-04-05T17:09:01.208332
421,351,11,1,184.85,0,184.85,shipped,2026-05-08T09:03:01.208332,2026-05-08T09:03:01.208332
422,194,71,4,237.46,0,949.84,completed,2026-06-19T12:21:01.208332,2026-06-19T12:21:01.208332
423,360,22,1,146.59,5,139.26,shipped,2026-07-27T11:40:01.208332,2026-07-27T11:40:01.208332
424,331,43,5,193.8,20,775.2,completed,2026-08-19T21:08:01.208332,2026-08-19T21:08:01.208332
425,459,68,1,191.02,0,191.02,cancelled,2026-04-03T02:03:01.208332,2026-04-03T02:03:01.208332
426,455,73,4,155.74,0,622.96,completed,2026-03-04T01:47:01.208332,2026-03-04T01:47:01.208332
427,351,36,5,202.99,10,913.46,completed,2026-06-23T09:41:01.208332,2026-06-23T09:41:01.208332
428,92,41,1,117.02,0,117.02,completed,2026-06-10T11:09:01.208332,2026-06-10T11:09:01.208332
429,386,92,4,16.89,0,67.56,completed,2026-04-19T01:55:01.208332,2026-04-19T01:55:01.208332
430,289,31,5,156.71,20,626.84,shipped,2026-07-28T05:38:01.208332,2026-07-28T05:38:01.208332
431,347,70,3,40.29,5,114.83,cancelled,2026-07-11T03:40:01.208332,2026-07-11T03:40:01.208332
432,72,89,1,214.41,10,192.97,completed,2026-07-09T07:18:01.208332,2026-07-09T07:18:01.208332
433,28,13,4,225.88,0,903.52,completed,2026-07-26T06:35:01.208332,2026-07-26T06:35:01.208332
434,175,78,5,152.1,10,684.45,completed,2026-05-06T19:35:01.208332,2026-05-06T19:35:01.208332
435,16,82,3,131.43,20,315.43,shipped,2026-05-16T14:51:01.208332,2026-05-16T14:51:01.208332
436,117,46,5,224.33,5,1065.57,completed,2026-05-13T05:08:01.208332,2026-05-13T05:08:01.208332
437,349,75,4,16.16,0,64.64,processing,2026-07-14T04:01:01.208332,2026-07-14T04:01:01.208332
438,152,32,1,109.47,0,109.47,completed,2026-04-13T09:09:01.208332,2026-04-13T09:09:01.208332
439,195,92,2,16.89,15,28.71,completed,2026-05-05T12:39:01.208332,2026-05-05T12:39:01.208332
440,185,14,1,20.65,0,20.65,completed,2026-08-14T06:13:01.208332,2026-08-14T06:13:01.208332
441,228,47,3,46.2,0,138.6,completed,2026-03-19T17:17:01.208332,2026-03-19T17:17:01.208332
442,96,56,4,16.97,10,61.09,processing,2026-06-04T14:03:01.208332,2026-06-04T14:03:01.208332
443,209,14,1,20.65,0,20.65,processing,2026-04-29T00:38:01.208332,2026-04-29T00:38:01.208332
444,48,77,5,235.95,20,943.8,shipped,2026-04-23T15:49:01.208332,2026-04-23T15:49:01.208332
445,7,38,4,42.0,5,159.6,completed,2026-07-15T10:36:01.208332,2026-07-15T10:36:01.208332
446,372,72,2,194.06,10,349.31,completed,2026-05-29T11:06:01.208332,2026-05-29T11:06:01.208332
447,351,49,2,107.82,0,215.64,completed,2026-04-13T13:17:01.208332,2026-04-13T13:17:01.208332
448,138,64,2,190.48,0,380.96,shipped,2026-03-26T00:54:01.208332,2026-03-26T00:54:01.208332
449,142,54,3,139.17,5,396.63,completed,2026-07-16T01:53:01.208332,2026-07-16T01:53:01.208332
450,185,33,2,128.65,15,218.71,shipped,2026-06-17T09:10:01.208332,2026-06-17T09:10:01.208332
451,305,79,2,177.33,5,336.93,completed,2026-03-15T01:44:01.208332,2026-03-15T01:44:01.208332
452,156,1,4,101.81,0,407.24,processing,2026-07-26T19:25:01.208332,2026-07-26T19:25:01.208332
453,195,43,4,193.8,0,775.2,cancelled,2026-05-12T23:45:01.208332,2026-05-12T23:45:01.208332
454,499,77,2,235.95,0,471.9,processing,2026-04-22T23:22:01.208332,2026-04-22T23:22:01.208332
455,486,89,2,214.41,5,407.38,completed,2026-04-21T19:03:01.208332,2026-04-21T19:03:01.208332
456,494,51,3,227.16,0,681.48,cancelled,2026-07-07T09:04:01.208332,2026-07-07T09:04:01.208332
457,325,63,5,91.0,20,364.0,completed,2026-04-08T17:32:01.208332,2026-04-08T17:32:01.208332
458,193,36,4,202.99,0,811.96,processing,2026-03-16T07:57:01.208332,2026-03-16T07:57:01.208332
459,103,76,5,172.56,0,862.8,processing,2026-06-27T16:48:01.208332,2026-06-27T16:48:01.208332
460,14,94,4,91.68,15,311.71,shipped,2026-04-02T18:20:01.208332,2026-04-02T18:20:01.208332
461,409,38,1,42.0,20,33.6,shipped,2026-07-27T22:24:01.208332,2026-07-27T22:24:01.208332
462,345,64,2,190.48,15,323.82,completed,2026-04-19T17:27:01.208332,2026-04-19T17:27:01.208332
463,130,85,2,179.75,15,305.57,shipped,2026-05-11T15:02:01.208332,2026-05-11T15:02:01.208332
464,38,58,5,245.37,5,1165.51,shipped,2026-06-09T14:13:01.208332,2026-06-09T14:13:01.208332
465,274,65,4,210.38,10,757.37,completed,2026-03-02T06:59:01.208332,2026-03-02T06:59:01.208332
466,360,69,5,211.41,15,898.49,completed,2026-08-09T01:26:01.208332,2026-08-09T01:26:01.208332
467,56,99,2,200.3,15,340.51,completed,2026-06-24T14:27:01.208332,2026-06-24T14:27:01.208332
468,86,83,5,213.9,0,1069.5,cancelled,2026-06-06T03:06:01.208332,2026-06-06T03:06:01.208332
469,347,83,4,213.9,20,684.48,shipped,2026-04-24T23:08:01.208332,2026-04-24T23:08:01.208332
470,55,2,1,63.38,0,63.38,processing,2026-04-05T00:18:01.208332,2026-04-05T00:18:01.208332
471,383,67,5,63.81,10,287.15,processing,2026-06-28T18:49:01.208332,2026-06-28T18:49:01.208332
472,114,58,3,245.37,5,699.3,cancelled,2026-05-18T21:31:01.208332,2026-05-18T21:31:01.208332
473,302,89,5,214.41,0,1072.05,completed,2026-04-27T09:33:01.208332,2026-04-27T09:33:01.208332
474,248,14,3,20.65,5,58.85,completed,2026-08-10T04:18:01.208332,2026-08-10T04:18:01.208332
475,60,94,2,91.68,0,183.36,completed,2026-04-21T09:02:01.208332,2026-04-21T09:02:01.208332
476,234,27,5,78.11,5,371.02,shipped,2026-04-28T00:06:01.208332,2026-04-28T00:06:01.208332
477,50,57,4,183.8,0,735.2,completed,2026-03-07T19:51:01.208332,2026-03-07T19:51:01.208332
478,23,91,1,146.76,0,146.76,completed,2026-07-28T04:29:01.208332,2026-07-28T04:29:01.208332
479,332,14,2,20.65,15,35.1,processing,2026-04-09T00:02:01.208332,2026-04-09T00:02:01.208332
480,90,71,2,237.46,0,474.92,shipped,2026-06-05T12:23:01.208332,2026-06-05T12:23:01.208332
481,491,60,2,164.26,20,262.82,cancelled,2026-05-08T08:02:01.208332,2026-05-08T08:02:01.208332
482,95,24,4,60.44,5,229.67,cancelled,2026-02-28T21:54:01.208332,2026-02-28T21:54:01.208332
483,315,26,4,123.56,10,444.82,shipped,2026-05-12T19:06:01.208332,2026-05-12T19:06:01.208332
484,3,91,2,146.76,0,293.52,cancelled,2026-04-15T06:28:01.208332,2026-04-15T06:28:01.208332
485,415,9,5,149.34,0,746.7,processing,2026-07-19T03:26:01.208332,2026-07-19T03:26:01.208332
486,96,47,3,46.2,0,138.6,completed,2026-05-17T21:26:01.208332,2026-05-17T21:26:01.208332
487,135,86,4,186.11,10,670.0,cancelled,2026-08-18T10:31:01.208332,2026-08-18T10:31:01.208332
488,161,77,4,235.95,10,849.42,processing,2026-05-06T01:25:01.208332,2026-05-06T01:25:01.208332
489,59,45,3,66.28,20,159.07,processing,2026-05-17T22:47:01.208332,2026-05-17T22:47:01.208332
490,89,87,3,203.97,10,550.72,completed,2026-06-11T00:51:01.208332,2026-06-11T00:51:01.208332
491,345,18,3,131.71,0,395.13,completed,2026-04-08T00:42:01.208332,2026-04-08T00:42:01.208332
492,60,24,3,60.44,15,154.12,processing,2026-03-21T07:58:01.208332,2026-03-21T07:58:01.208332
493,199,54,5,139.17,0,695.85,shipped,2026-06-08T05:43:01.208332,2026-06-08T05:43:01.208332
494,217,24,4,60.44,15,205.5,cancelled,2026-06-01T10:12:01.208332,2026-06-01T10:12:01.208332
495,471,83,2,213.9,10,385.02,shipped,2026-03-25T23:24:01.208332,2026-03-25T23:24:01.208332
496,148,18,2,131.71,0,263.42,shipped,2026-07-26T21:03:01.208332,2026-07-26T21:03:01.208332
497,318,7,3,89.48,0,268.44,completed,2026-05-22T19:39:01.208332,2026-05-22T19:39:01.208332
498,100,50,5,24.94,10,112.23,shipped,2026-06-22T11:40:01.208332,2026-06-22T11:40:01.208332
499,210,88,4,114.54,5,435.25,shipped,2026-07-02T21:01:01.208332,2026-07-02T21:01:01.208332
500,251,22,1,146.59,10,131.93,completed,2026-03-01T05:11:01.208332,2026-03-01T05:11:01.208332
501,150,5,3,88.78,0,266.34,completed,2026-06-01T11:12:01.208332,2026-06-01T11:12:01.208332
502,87,100,4,63.18,10,227.45,shipped,2026-07-08T18:28:01.208332,2026-07-08T18:28:01.208332
503,282,66,1,189.77,10,170.79,completed,2026-03-16T09:20:01.208332,2026-03-16T09:20:01.208332
504,397,70,3,40.29,10,108.78,completed,2026-07-23T08:24:01.208332,2026-07-23T08:24:01.208332
505,390,93,4,127.01,10,457.24,shipped,2026-04-04T09:11:01.208332,2026-04-04T09:11:01.208332
506,53,95,2,12.44,0,24.88,completed,2026-08-01T20:28:01.208332,2026-08-01T20:28:01.208332
507,231,34,3,167.45,20,401.88,completed,2026-07-22T06:42:01.208332,2026-07-22T06:42:01.208332
508,225,16,2,113.51,0,227.02,cancelled,2026-07-21T04:22:01.208332,2026-07-21T04:22:01.208332
509,302,89,3,214.41,20,514.58,processing,2026-07-02T23:41:01.208332,2026-07-02T23:41:01.208332
510,324,55,2,62.66,10,112.79,completed,2026-03-20T22:41:01.208332,2026-03-20T22:41:01.208332
511,417,27,1,78.11,10,70.3,processing,2026-04-28T11:06:01.208332,2026-04-28T11:06:01.208332
512,144,77,5,235.95,0,1179.75,cancelled,2026-04-23T12:25:01.208332,2026-04-23T12:25:01.208332
513,150,38,5,42.0,0,210.0,processing,2026-08-15T23:27:01.208332,2026-08-15T23:27:01.208332
514,461,87,1,203.97,0,203.97,shipped,2026-08-17T20:46:01.208332,2026-08-17T20:46:01.208332
515,471,8,3,220.49,20,529.18,completed,2026-06-23T00:01:01.208332,2026-06-23T00:01:01.208332
516,360,17,2,85.34,0,170.68,completed,2026-07-03T02:29:01.208332,2026-07-03T02:29:01.208332
517,425,32,4,109.47,5,415.99,processing,2026-03-21T11:31:01.208332,2026-03-21T11:31:01.208332
518,324,35,4,196.82,5,747.92,completed,2026-05-16T21:08:01.208332,2026-05-16T21:08:01.208332
519,325,99,1,200.3,5,190.28,cancelled,2026-05-28T11:06:01.208332,2026-05-28T11:06:01.208332
520,143,89,3,214.41,5,611.07,shipped,2026-08-15T14:05:01.208332,2026-08-15T14:05:01.208332
521,168,75,1,16.16,20,12.93,cancelled,2026-07-14T12:36:01.208332,2026-07-14T12:36:01.208332
522,48,94,4,91.68,15,311.71,cancelled,2026-06-24T12:03:01.208332,2026-06-24T12:03:01.208332
523,184,9,5,149.34,5,709.37,shipped,2026-04-04T06:04:01.208332,2026-04-04T06:04:01.208332
524,423,28,4,206.42,0,825.68,completed,2026-04-23T08:59:01.208332,2026-04-23T08:59:01.208332
525,173,71,5,237.46,0,1187.3,shipped,2026-06-06T15:52:01.208332,2026-06-06T15:52:01.208332
526,404,44,1,75.9,0,75.9,cancelled,2026-03-13T17:24:01.208332,2026-03-13T17:24:01.208332
527,402,59,1,152.05,0,152.05,completed,2026-08-11T19:07:01.208332,2026-08-11T19:07:01.208332
528,226,59,1,152.05,5,144.45,cancelled,2026-04-01T10:18:01.208332,2026-04-01T10:18:01.208332
529,466,17,3,85.34,0,256.02,completed,2026-08-01T18:46:01.208332,2026-08-01T18:46:01.208332
530,48,84,3,114.05,0,342.15,completed,2026-03-10T14:28:01.208332,2026-03-10T14:28:01.208332
531,341,84,2,114.05,0,228.1,cancelled,2026-05-06T18:00:01.208332,2026-05-06T18:00:01.208332
532,157,93,2,127.01,5,241.32,completed,2026-06-22T22:13:01.208332,2026-06-22T22:13:01.208332
533,361,13,1,225.88,0,225.88,completed,2026-05-21T09:34:01.208332,2026-05-21T09:34:01.208332
534,68,76,2,172.56,10,310.61,shipped,2026-06-27T09:15:01.208332,2026-06-27T09:15:01.208332
535,5,2,3,63.38,20,152.11,shipped,2026-03-17T13:14:01.208332,2026-03-17T13:14:01.208332
536,356,17,4,85.34,0,341.36,shipped,2026-04-06T06:39:01.208332,2026-04-06T06:39:01.208332
537,46,94,1,91.68,0,91.68,completed,2026-04-21T15:25:01.208332,2026-04-21T15:25:01.208332
538,452,39,2,247.09,5,469.47,completed,2026-07-14T09:40:01.208332,2026-07-14T09:40:01.208332
539,329,87,2,203.97,0,407.94,processing,2026-05-31T04:11:01.208332,2026-05-31T04:11:01.208332
540,5,79,2,177.33,5,336.93,cancelled,2026-04-28T12:43:01.208332,2026-04-28T12:43:01.208332
541,110,81,2,137.86,5,261.93,cancelled,2026-06-15T18:02:01.208332,2026-06-15T18:02:01.208332
542,227,28,1,206.42,0,206.42,completed,2026-03-21T02:05:01.208332,2026-03-21T02:05:01.208332
543,302,94,4,91.68,0,366.72,shipped,2026-08-17T22:51:01.208332,2026-08-17T22:51:01.208332
544,162,18,2,131.71,0,263.42,completed,2026-06-20T22:45:01.208332,2026-06-20T22:45:01.208332
545,128,71,5,237.46,10,1068.57,processing,2026-07-04T21:14:01.208332,2026-07-04T21:14:01.208332
546,146,100,1,63.18,20,50.54,cancelled,2026-07-27T19:16:01.208332,2026-07-27T19:16:01.208332
547,449,39,2,247.09,10,444.76,processing,2026-06-14T02:04:01.208332,2026-06-14T02:04:01.208332
548,97,96,4,67.93,0,271.72,completed,2026-06-21T05:31:01.208332,2026-06-21T05:31:01.208332
549,402,31,4,156.71,5,595.5,completed,2026-03-16T02:57:01.208332,2026-03-16T02:57:01.208332
550,256,82,5,131.43,0,657.15,completed,2026-05-30T18:29:01.208332,2026-05-30T18:29:01.208332
551,185,41,2,117.02,5,222.34,processing,2026-07-30T07:19:01.208332,2026-07-30T07:19:01.208332
552,216,47,5,46.2,15,196.35,shipped,2026-03-27T01:12:01.208332,2026-03-27T01:12:01.208332
553,489,99,1,200.3,0,200.3,completed,2026-06-10T12:35:01.208332,2026-06-10T12:35:01.208332
554,8,34,2,167.45,0,334.9,completed,2026-08-10T13:10:01.208332,2026-08-10T13:10:01.208332
555,486,51,5,227.16,0,1135.8,cancelled,2026-06-18T00:38:01.208332,2026-06-18T00:38:01.208332
556,257,99,4,200.3,5,761.14,shipped,2026-07-01T08:37:01.208332,2026-07-01T08:37:01.208332
557,43,82,5,131.43,10,591.44,completed,2026-06-15T17:55:01.208332,2026-06-15T17:55:01.208332
558,143,11,3,184.85,0,554.55,completed,2026-05-27T16:17:01.208332,2026-05-27T16:17:01.208332
559,499,20,5,40.55,0,202.75,processing,2026-05-05T17:29:01.208332,2026-05-05T17:29:01.208332
560,325,98,1,165.02,0,165.02,shipped,2026-06-30T18:55:01.208332,2026-06-30T18:55:01.208332
561,374,31,1,156.71,0,156.71,shipped,2026-03-11T07:02:01.208332,2026-03-11T07:02:01.208332
562,60,59,5,152.05,10,684.23,completed,2026-03-05T14:47:01.208332,2026-03-05T14:47:01.208332
563,342,95,2,12.44,0,24.88,cancelled,2026-02-25T21:42:01.208332,2026-02-25T21:42:01.208332
564,71,90,1,221.59,0,221.59,completed,2026-05-24T23:13:01.208332,2026-05-24T23:13:01.208332
565,268,67,3,63.81,0,191.43,completed,2026-05-02T07:05:01.208332,2026-05-02T07:05:01.208332
566,384,100,3,63.18,15,161.11,completed,2026-08-03T23:10:01.208332,2026-08-03T23:10:01.208332
567,395,4,3,15.68,20,37.63,completed,2026-05-12T18:06:01.208332,2026-05-12T18:06:01.208332
568,269,9,3,149.34,15,380.82,processing,2026-08-20T02:25:01.208332,2026-08-20T02:25:01.208332
569,322,10,4,36.02,5,136.88,completed,2026-05-27T14:00:01.208332,2026-05-27T14:00:01.208332
570,29,64,5,190.48,0,952.4,completed,2026-05-01T12:49:01.208332,2026-05-01T12:49:01.208332
571,131,99,1,200.3,10,180.27,cancelled,2026-06-26T07:38:01.208332,2026-06-26T07:38:01.208332
572,60,30,5,15.86,0,79.3,completed,2026-03-03T14:46:01.208332,2026-03-03T14:46:01.208332
573,126,6,4,94.28,0,377.12,completed,2026-05-04T07:37:01.208332,2026-05-04T07:37:01.208332
574,92,5,5,88.78,20,355.12,cancelled,2026-08-08T23:27:01.208332,2026-08-08T23:27:01.208332
575,380,84,4,114.05,0,456.2,completed,2026-04-23T04:20:01.208332,2026-04-23T04:20:01.208332
576,214,93,3,127.01,0,381.03,completed,2026-07-23T23:12:01.208332,2026-07-23T23:12:01.208332
577,293,48,1,179.54,10,161.59,completed,2026-06-26T04:10:01.208332,2026-06-26T04:10:01.208332
578,92,29,5,63.91,0,319.55,shipped,2026-08-16T06:48:01.208332,2026-08-16T06:48:01.208332
579,36,60,3,164.26,20,394.22,completed,2026-07-27T09:33:01.208332,2026-07-27T09:33:01.208332
580,168,12,5,155.49,5,738.58,completed,2026-02-25T01:11:01.208332,2026-02-25T01:11:01.208332
581,103,38,5,42.0,20,168.0,cancelled,2026-04-19T22:10:01.208332,2026-04-19T22:10:01.208332
582,319,32,4,109.47,0,437.88,shipped,2026-06-11T07:30:01.208332,2026-06-11T07:30:01.208332
583,396,100,2,63.18,15,107.41,processing,2026-08-06T12:27:01.208332,2026-08-06T12:27:01.208332
584,390,32,2,109.47,0,218.94,shipped,2026-08-12T08:04:01.208332,2026-08-12T08:04:01.208332
585,13,30,5,15.86,0,79.3,cancelled,2026-06-19T08:50:01.208332,2026-06-19T08:50:01.208332
586,450,2,3,63.38,0,190.14,cancelled,2026-07-11T18:10:01.208332,2026-07-11T18:10:01.208332
587,193,95,3,12.44,0,37.32,processing,2026-04-01T22:52:01.208332,2026-04-01T22:52:01.208332
588,122,54,4,139.17,0,556.68,completed,2026-08-19T15:32:01.208332,2026-08-19T15:32:01.208332
589,365,36,1,202.99,0,202.99,completed,2026-08-10T07:28:01.208332,2026-08-10T07:28:01.208332
590,460,67,4,63.81,15,216.95,completed,2026-08-05T15:12:01.208332,2026-08-05T15:12:01.208332
591,235,96,1,67.93,10,61.14,processing,2026-03-12T23:56:01.208332,2026-03-12T23:56:01.208332
592,69,82,4,131.43,0,525.72,processing,2026-06-11T08:23:01.208332,2026-06-11T08:23:01.208332
593,32,56,2,16.97,0,33.94,completed,2026-04-17T16:43:01.208332,2026-04-17T16:43:01.208332
594,436,41,4,117.02,15,397.87,cancelled,2026-07-25T00:59:01.208332,2026-07-25T00:59:01.208332
595,168,41,4,117.02,0,468.08,completed,2026-04-07T03:01:01.208332,2026-04-07T03:01:01.208332
596,484,26,2,123.56,20,197.7,processing,2026-07-13T19:11:01.208332,2026-07-13T19:11:01.208332
597,56,20,1,40.55,0,40.55,shipped,2026-05-16T10:33:01.208332,2026-05-16T10:33:01.208332
598,161,53,1,81.67,10,73.5,completed,2026-04-29T19:44:01.208332,2026-04-29T19:44:01.208332
599,232,40,4,157.04,0,628.16,completed,2026-07-28T18:55:01.208332,2026-07-28T18:55:01.208332
600,47,21,3,172.56,20,414.14,cancelled,2026-07-01T21:16:01.208332,2026-07-01T21:16:01.208332
601,309,6,2,94.28,20,150.85,completed,2026-07-29T12:47:01.208332,2026-07-29T12:47:01.208332
602,76,12,2,155.49,0,310.98,processing,2026-05-06T17:35:01.208332,2026-05-06T17:35:01.208332
603,26,87,3,203.97,0,611.91,completed,2026-07-22T21:23:01.208332,2026-07-22T21:23:01.208332
604,16,52,4,101.29,10,364.64,processing,2026-07-09T18:46:01.208332,2026-07-09T18:46:01.208332
605,128,13,4,225.88,0,903.52,completed,2026-07-19T22:38:01.208332,2026-07-19T22:38:01.208332
606,63,2,1,63.38,20,50.7,completed,2026-07-15T18:25:01.208332,2026-07-15T18:25:01.208332
607,67,26,4,123.56,0,494.24,cancelled,2026-06-28T12:47:01.208332,2026-06-28T12:47:01.208332
608,481,83,1,213.9,10,192.51,completed,2026-06-10T07:09:01.208332,2026-06-10T07:09:01.208332
609,470,10,1,36.02,0,36.02,cancelled,2026-03-31T14:21:01.208332,2026-03-31T14:21:01.208332
610,228,17,1,85.34,20,68.27,completed,2026-07-24T13:52:01.208332,2026-07-24T13:52:01.208332
611,63,6,4,94.28,0,377.12,processing,2026-03-26T04:19:01.208332,2026-03-26T04:19:01.208332
612,222,93,4,127.01,5,482.64,shipped,2026-02-28T23:10:01.208332,2026-02-28T23:10:01.208332
613,350,55,2,62.66,0,125.32,completed,2026-04-03T16:28:01.208332,2026-04-03T16:28:01.208332
614,141,36,4,202.99,0,811.96,processing,2026-03-01T21:45:01.208332,2026-03-01T21:45:01.208332
615,318,79,2,177.33,15,301.46,shipped,2026-04-18T07:42:01.208332,2026-04-18T07:42:01.208332
616,211,71,4,237.46,0,949.84,completed,2026-03-11T13:37:01.208332,2026-03-11T13:37:01.208332
617,197,18,4,131.71,0,526.84,processing,2026-06-20T14:09:01.208332,2026-06-20T14:09:01.208332
618,128,81,5,137.86,20,551.44,shipped,2026-02-27T03:41:01.208332,2026-02-27T03:41:01.208332
619,401,92,3,16.89,5,48.14,shipped,2026-06-02T17:24:01.208332,2026-06-02T17:24:01.208332
620,177,73,5,155.74,0,778.7,completed,2026-05-05T07:13:01.208332,2026-05-05T07:13:01.208332
621,93,4,3,15.68,10,42.34,completed,2026-04-04T11:16:01.208332,2026-04-04T11:16:01.208332
622,459,100,3,63.18,0,189.54,shipped,2026-07-20T19:25:01.208332,2026-07-20T19:25:01.208332
623,272,46,5,224.33,0,1121.65,completed,2026-08-19T21:44:01.208332,2026-08-19T21:44:01.208332
624,52,32,2,109.47,0,218.94,cancelled,2026-05-31T18:05:01.208332,2026-05-31T18:05:01.208332
625,29,98,2,165.02,10,297.04,shipped,2026-07-27T16:48:01.208332,2026-07-27T16:48:01.208332
626,182,23,2,210.09,0,420.18,completed,2026-06-11T11:07:01.208332,2026-06-11T11:07:01.208332
627,413,95,3,12.44,10,33.59,cancelled,2026-02-28T17:36:01.208332,2026-02-28T17:36:01.208332
628,359,46,5,224.33,10,1009.49,processing,2026-03-21T11:13:01.208332,2026-03-21T11:13:01.208332
629,486,25,4,116.03,10,417.71,completed,2026-04-20T20:38:01.208332,2026-04-20T20:38:01.208332
630,252,5,1,88.78,0,88.78,processing,2026-04-06T22:42:01.208332,2026-04-06T22:42:01.208332
631,113,3,5,83.25,5,395.44,completed,2026-02-23T17:21:01.208332,2026-02-23T17:21:01.208332
632,470,79,2,177.33,20,283.73,completed,2026-03-19T08:29:01.208332,2026-03-19T08:29:01.208332
633,368,23,3,210.09,0,630.27,completed,2026-02-27T14:06:01.208332,2026-02-27T14:06:01.208332
634,301,91,2,146.76,20,234.82,processing,2026-03-15T18:59:01.208332,2026-03-15T18:59:01.208332
635,441,47,1,46.2,0,46.2,cancelled,2026-07-01T20:32:01.208332,2026-07-01T20:32:01.208332
636,203,76,1,172.56,0,172.56,completed,2026-04-19T12:47:01.208332,2026-04-19T12:47:01.208332
637,70,21,4,172.56,20,552.19,shipped,2026-06-19T23:21:01.208332,2026-06-19T23:21:01.208332
638,333,41,2,117.02,15,198.93,processing,2026-08-18T22:52:01.208332,2026-08-18T22:52:01.208332
639,356,79,3,177.33,0,531.99,processing,2026-06-24T18:07:01.208332,2026-06-24T18:07:01.208332
640,418,23,4,210.09,0,840.36,cancelled,2026-07-07T05:14:01.208332,2026-07-07T05:14:01.208332
641,151,17,2,85.34,15,145.08,cancelled,2026-02-23T22:13:01.208332,2026-02-23T22:13:01.208332
642,486,74,4,241.53,20,772.9,processing,2026-07-13T22:10:01.208332,2026-07-13T22:10:01.208332
643,17,24,5,60.44,0,302.2,processing,2026-08-10T06:26:01.208332,2026-08-10T06:26:01.208332
644,114,82,5,131.43,0,657.15,shipped,2026-08-13T02:49:01.208332,2026-08-13T02:49:01.208332
645,73,43,1,193.8,0,193.8,completed,2026-04-27T17:36:01.208332,2026-04-27T17:36:01.208332
646,86,82,1,131.43,20,105.14,cancelled,2026-07-02T15:53:01.208332,2026-07-02T15:53:01.208332
647,328,94,3,91.68,5,261.29,completed,2026-02-25T16:09:01.208332,2026-02-25T16:09:01.208332
648,108,32,1,109.47,0,109.47,completed,2026-04-11T07:43:01.208332,2026-04-11T07:43:01.208332
649,369,1,1,101.81,5,96.72,cancelled,2026-05-14T08:58:01.208332,2026-05-14T08:58:01.208332
650,215,22,4,146.59,5,557.04,shipped,2026-08-03T02:52:01.208332,2026-08-03T02:52:01.208332
651,180,70,4,40.29,0,161.16,shipped,2026-07-24T11:28:01.208332,2026-07-24T11:28:01.208332
652,404,74,2,241.53,0,483.06,completed,2026-05-16T18:04:01.208332,2026-05-16T18:04:01.208332
653,410,5,3,88.78,0,266.34,completed,2026-04-22T14:51:01.208332,2026-04-22T14:51:01.208332
654,488,14,1,20.65,0,20.65,shipped,2026-03-26T13:34:01.208332,2026-03-26T13:34:01.208332
655,83,94,1,91.68,10,82.51,completed,2026-08-14T01:18:01.208332,2026-08-14T01:18:01.208332
656,174,77,5,235.95,5,1120.76,completed,2026-07-01T20:23:01.208332,2026-07-01T20:23:01.208332
657,221,84,2,114.05,10,205.29,shipped,2026-08-04T13:45:01.208332,2026-08-04T13:45:01.208332
658,81,7,1,89.48,0,89.48,completed,2026-04-02T00:25:01.208332,2026-04-02T00:25:01.208332
659,210,90,5,221.59,15,941.76,cancelled,2026-08-11T02:15:01.208332,2026-08-11T02:15:01.208332
660,277,34,3,167.45,0,502.35,completed,2026-04-07T20:13:01.208332,2026-04-07T20:13:01.208332
661,26,51,5,227.16,10,1022.22,shipped,2026-07-26T11:44:01.208332,2026-07-26T11:44:01.208332
662,79,7,3,89.48,0,268.44,completed,2026-05-12T10:36:01.208332,2026-05-12T10:36:01.208332
663,151,85,5,179.75,5,853.81,completed,2026-03-31T22:45:01.208332,2026-03-31T22:45:01.208332
664,14,27,2,78.11,15,132.79,completed,2026-04-17T17:18:01.208332,2026-04-17T17:18:01.208332
665,243,15,3,134.78,20,323.47,shipped,2026-05-06T22:55:01.208332,2026-05-06T22:55:01.208332
666,251,85,3,179.75,0,539.25,processing,2026-06-20T10:43:01.208332,2026-06-20T10:43:01.208332
667,199,24,3,60.44,5,172.25,completed,2026-05-01T20:18:01.208332,2026-05-01T20:18:01.208332
668,229,6,3,94.28,5,268.7,completed,2026-05-19T06:14:01.208332,2026-05-19T06:14:01.208332
669,116,35,5,196.82,0,984.1,cancelled,2026-03-23T02:39:01.208332,2026-03-23T02:39:01.208332
670,342,13,1,225.88,15,192.0,processing,2026-04-27T04:24:01.208332,2026-04-27T04:24:01.208332
671,212,97,5,143.24,0,716.2,completed,2026-06-04T09:05:01.208332,2026-06-04T09:05:01.208332
672,431,50,5,24.94,5,118.47,processing,2026-08-18T09:15:01.208332,2026-08-18T09:15:01.208332
673,352,61,5,53.61,0,268.05,completed,2026-05-21T07:11:01.208332,2026-05-21T07:11:01.208332
674,41,51,1,227.16,10,204.44,processing,2026-06-07T14:03:01.208332,2026-06-07T14:03:01.208332
675,410,74,5,241.53,0,1207.65,shipped,2026-03-17T11:53:01.208332,2026-03-17T11:53:01.208332
676,89,22,2,146.59,20,234.54,completed,2026-03-30T16:23:01.208332,2026-03-30T16:23:01.208332
677,22,55,1,62.66,15,53.26,completed,2026-05-13T20:37:01.208332,2026-05-13T20:37:01.208332
678,422,81,2,137.86,20,220.58,completed,2026-06-11T22:10:01.208332,2026-06-11T22:10:01.208332
679,164,94,1,91.68,0,91.68,processing,2026-05-05T05:59:01.208332,2026-05-05T05:59:01.208332
680,204,71,3,237.46,20,569.9,processing,2026-04-14T21:06:01.208332,2026-04-14T21:06:01.208332
681,235,2,5,63.38,10,285.21,shipped,2026-05-29T17:28:01.208332,2026-05-29T17:28:01.208332
682,58,54,2,139.17,0,278.34,processing,2026-06-06T17:51:01.208332,2026-06-06T17:51:01.208332
683,299,98,1,165.02,0,165.02,completed,2026-06-06T00:46:01.208332,2026-06-06T00:46:01.208332
684,403,37,5,143.78,0,718.9,shipped,2026-08-02T09:56:01.208332,2026-08-02T09:56:01.208332
685,136,50,4,24.94,10,89.78,shipped,2026-06-14T10:57:01.208332,2026-06-14T10:57:01.208332
686,20,23,3,210.09,5,598.76,processing,2026-03-21T18:52:01.208332,2026-03-21T18:52:01.208332
687,312,88,4,114.54,0,458.16,completed,2026-05-06T15:36:01.208332,2026-05-06T15:36:01.208332
688,354,31,1,156.71,15,133.2,completed,2026-05-21T02:37:01.208332,2026-05-21T02:37:01.208332
689,460,48,1,179.54,0,179.54,completed,2026-07-22T09:34:01.208332,2026-07-22T09:34:01.208332
690,160,36,4,202.99,20,649.57,cancelled,2026-06-30T08:02:01.208332,2026-06-30T08:02:01.208332
691,51,30,2,15.86,0,31.72,cancelled,2026-08-19T22:47:01.208332,2026-08-19T22:47:01.208332
692,227,100,3,63.18,0,189.54,shipped,2026-07-06T06:32:01.208332,2026-07-06T06:32:01.208332
693,310,83,1,213.9,0,213.9,completed,2026-05-15T00:15:01.208332,2026-05-15T00:15:01.208332
694,468,53,4,81.67,20,261.34,completed,2026-05-28T14:59:01.208332,2026-05-28T14:59:01.208332
695,421,8,5,220.49,20,881.96,completed,2026-03-24T12:55:01.208332,2026-03-24T12:55:01.208332
696,160,91,5,146.76,5,697.11,processing,2026-03-20T07:01:01.208332,2026-03-20T07:01:01.208332
697,451,73,1,155.74,0,155.74,completed,2026-03-30T16:33:01.208332,2026-03-30T16:33:01.208332
698,429,8,2,220.49,0,440.98,completed,2026-05-17T16:37:01.208332,2026-05-17T16:37:01.208332
699,471,47,2,46.2,0,92.4,shipped,2026-05-01T15:43:01.208332,2026-05-01T15:43:01.208332
700,259,51,1,227.16,15,193.09,completed,2026-03-01T03:53:01.208332,2026-03-01T03:53:01.208332
701,191,63,5,91.0,5,432.25,shipped,2026-03-27T22:14:01.208332,2026-03-27T22:14:01.208332
702,301,71,3,237.46,0,712.38,completed,2026-03-25T08:46:01.208332,2026-03-25T08:46:01.208332
703,384,89,1,214.41,0,214.41,shipped,2026-02-28T14:17:01.208332,2026-02-28T14:17:01.208332
704,26,21,5,172.56,20,690.24,completed,2026-08-18T06:09:01.208332,2026-08-18T06:09:01.208332
705,439,29,2,63.91,15,108.65,completed,2026-04-02T05:35:01.208332,2026-04-02T05:35:01.208332
706,334,53,5,81.67,0,408.35,cancelled,2026-07-30T23:59:01.208332,2026-07-30T23:59:01.208332
707,5,61,2,53.61,15,91.14,processing,2026-03-27T03:05:01.208332,2026-03-27T03:05:01.208332
708,411,2,2,63.38,0,126.76,completed,2026-06-14T08:15:01.208332,2026-06-14T08:15:01.208332
709,365,91,3,146.76,5,418.27,shipped,2026-08-05T14:47:01.208332,2026-08-05T14:47:01.208332
710,437,45,4,66.28,0,265.12,shipped,2026-04-04T07:44:01.208332,2026-04-04T07:44:01.208332
711,155,87,5,203.97,20,815.88,shipped,2026-06-17T02:56:01.208332,2026-06-17T02:56:01.208332
712,300,14,1,20.65,10,18.59,completed,2026-06-24T04:14:01.208332,2026-06-24T04:14:01.208332
713,288,83,5,213.9,10,962.55,completed,2026-04-16T01:24:01.208332,2026-04-16T01:24:01.208332
714,351,14,4,20.65,0,82.6,completed,2026-04-25T19:36:01.208332,2026-04-25T19:36:01.208332
715,328,42,3,118.02,0,354.06,cancelled,2026-06-23T00:59:01.208332,2026-06-23T00:59:01.208332
716,488,84,3,114.05,0,342.15,processing,2026-03-22T21:25:01.208332,2026-03-22T21:25:01.208332
717,392,31,1,156.71,20,125.37,processing,2026-07-29T16:02:01.208332,2026-07-29T16:02:01.208332
718,207,85,3,179.75,15,458.36,cancelled,2026-03-21T01:43:01.208332,2026-03-21T01:43:01.208332
719,14,84,4,114.05,0,456.2,shipped,2026-04-11T19:49:01.208332,2026-04-11T19:49:01.208332
720,208,50,1,24.94,10,22.45,processing,2026-07-02T11:58:01.208332,2026-07-02T11:58:01.208332
721,418,25,3,116.03,15,295.88,completed,2026-07-03T11:07:01.208332,2026-07-03T11:07:01.208332
722,352,69,4,211.41,15,718.79,processing,2026-04-29T20:39:01.208332,2026-04-29T20:39:01.208332
723,154,22,5,146.59,0,732.95,completed,2026-04-18T01:55:01.208332,2026-04-18T01:55:01.208332
724,242,17,3,85.34,15,217.62,processing,2026-07-20T18:04:01.208332,2026-07-20T18:04:01.208332
725,391,24,3,60.44,15,154.12,completed,2026-03-11T20:31:01.208332,2026-03-11T20:31:01.208332
726,182,29,3,63.91,5,182.14,completed,2026-07-17T01:35:01.208332,2026-07-17T01:35:01.208332
727,191,34,5,167.45,0,837.25,completed,2026-05-19T00:34:01.208332,2026-05-19T00:34:01.208332
728,241,7,5,89.48,10,402.66,processing,2026-08-14T12:04:01.208332,2026-08-14T12:04:01.208332
729,37,61,2,53.61,10,96.5,cancelled,2026-03-17T09:51:01.208332,2026-03-17T09:51:01.208332
730,196,68,3,191.02,5,544.41,completed,2026-03-05T10:34:01.208332,2026-03-05T10:34:01.208332
731,71,26,3,123.56,5,352.15,processing,2026-08-22T07:28:01.208332,2026-08-22T07:28:01.208332
732,458,59,2,152.05,0,304.1,cancelled,2026-07-30T14:13:01.208332,2026-07-30T14:13:01.208332
733,93,100,1,63.18,5,60.02,cancelled,2026-04-25T03:38:01.208332,2026-04-25T03:38:01.208332
734,91,41,1,117.02,0,117.02,completed,2026-05-16T21:25:01.208332,2026-05-16T21:25:01.208332
735,108,98,2,165.02,10,297.04,completed,2026-07-12T18:26:01.208332,2026-07-12T18:26:01.208332
736,251,98,1,165.02,0,165.02,shipped,2026-06-15T11:04:01.208332,2026-06-15T11:04:01.208332
737,325,55,4,62.66,5,238.11,shipped,2026-08-18T07:56:01.208332,2026-08-18T07:56:01.208332
738,197,1,1,101.81,10,91.63,cancelled,2026-03-31T21:37:01.208332,2026-03-31T21:37:01.208332
739,192,2,3,63.38,20,152.11,processing,2026-07-25T06:47:01.208332,2026-07-25T06:47:01.208332
740,98,3,1,83.25,15,70.76,completed,2026-07-07T03:31:01.208332,2026-07-07T03:31:01.208332
741,116,89,3,214.41,0,643.23,completed,2026-03-19T01:40:01.208332,2026-03-19T01:40:01.208332
742,197,65,5,210.38,0,1051.9,completed,2026-03-26T00:05:01.208332,2026-03-26T00:05:01.208332
743,422,6,3,94.28,0,282.84,cancelled,2026-05-17T14:20:01.208332,2026-05-17T14:20:01.208332
744,267,77,5,235.95,0,1179.75,cancelled,2026-05-13T13:04:01.208332,2026-05-13T13:04:01.208332
745,69,44,4,75.9,0,303.6,completed,2026-07-10T03:40:01.208332,2026-07-10T03:40:01.208332
746,85,52,1,101.29,0,101.29,cancelled,2026-04-05T10:26:01.208332,2026-04-05T10:26:01.208332
747,68,28,1,206.42,10,185.78,completed,2026-05-26T11:08:01.208332,2026-05-26T11:08:01.208332
748,64,47,1,46.2,5,43.89,cancelled,2026-08-02T04:02:01.208332,2026-08-02T04:02:01.208332
749,131,99,5,200.3,10,901.35,processing,2026-03-04T10:38:01.208332,2026-03-04T10:38:01.208332
750,25,85,1,179.75,15,152.79,completed,2026-07-25T19:25:01.208332,2026-07-25T19:25:01.208332
751,25,89,1,214.41,5,203.69,shipped,2026-05-15T11:36:01.208332,2026-05-15T11:36:01.208332
752,64,71,3,237.46,5,676.76,completed,2026-07-01T08:52:01.208332,2026-07-01T08:52:01.208332
753,106,89,1,214.41,0,214.41,cancelled,2026-05-11T05:10:01.208332,2026-05-11T05:10:01.208332
754,52,85,5,179.75,0,898.75,processing,2026-06-16T23:24:01.208332,2026-06-16T23:24:01.208332
755,359,18,4,131.71,20,421.47,completed,2026-08-06T04:30:01.208332,2026-08-06T04:30:01.208332
756,262,93,5,127.01,0,635.05,completed,2026-04-16T01:31:01.208332,2026-04-16T01:31:01.208332
757,402,14,4,20.65,0,82.6,completed,2026-06-14T11:08:01.208332,2026-06-14T11:08:01.208332
758,399,34,5,167.45,0,837.25,cancelled,2026-04-29T18:09:01.208332,2026-04-29T18:09:01.208332
759,210,38,2,42.0,0,84.0,shipped,2026-06-03T09:13:01.208332,2026-06-03T09:13:01.208332
760,467,27,4,78.11,0,312.44,completed,2026-04-07T06:56:01.208332,2026-04-07T06:56:01.208332
761,7,86,1,186.11,0,186.11,processing,2026-07-25T15:33:01.208332,2026-07-25T15:33:01.208332
762,343,64,2,190.48,0,380.96,processing,2026-07-15T12:10:01.208332,2026-07-15T12:10:01.208332
763,39,93,1,127.01,0,127.01,completed,2026-06-20T21:31:01.208332,2026-06-20T21:31:01.208332
764,234,38,3,42.0,5,119.7,completed,2026-03-04T17:10:01.208332,2026-03-04T17:10:01.208332
765,417,23,1,210.09,20,168.07,completed,2026-04-17T11:52:01.208332,2026-04-17T11:52:01.208332
766,411,87,3,203.97,5,581.31,completed,2026-07-08T01:05:01.208332,2026-07-08T01:05:01.208332
767,49,98,1,165.02,0,165.02,completed,2026-07-28T16:48:01.208332,2026-07-28T16:48:01.208332
768,340,83,2,213.9,0,427.8,shipped,2026-04-29T16:25:01.208332,2026-04-29T16:25:01.208332
769,490,80,3,203.33,15,518.49,completed,2026-03-12T12:28:01.208332,2026-03-12T12:28:01.208332
770,418,44,2,75.9,0,151.8,shipped,2026-05-07T13:23:01.208332,2026-05-07T13:23:01.208332
771,493,59,3,152.05,20,364.92,cancelled,2026-05-04T19:35:01.208332,2026-05-04T19:35:01.208332
772,436,62,4,88.56,15,301.1,completed,2026-08-03T21:54:01.208332,2026-08-03T21:54:01.208332
773,58,17,1,85.34,20,68.27,completed,2026-03-24T14:46:01.208332,2026-03-24T14:46:01.208332
774,214,76,4,172.56,20,552.19,cancelled,2026-06-07T04:07:01.208332,2026-06-07T04:07:01.208332
775,225,24,5,60.44,5,287.09,completed,2026-07-15T10:35:01.208332,2026-07-15T10:35:01.208332
776,314,4,2,15.68,5,29.79,shipped,2026-08-10T03:38:01.208332,2026-08-10T03:38:01.208332
777,58,53,4,81.67,0,326.68,completed,2026-03-07T03:05:01.208332,2026-03-07T03:05:01.208332
778,336,41,1,117.02,15,99.47,cancelled,2026-07-31T16:10:01.208332,2026-07-31T16:10:01.208332
779,269,99,5,200.3,15,851.27,completed,2026-06-06T10:56:01.208332,2026-06-06T10:56:01.208332
780,490,86,3,186.11,10,502.5,cancelled,2026-05-29T19:50:01.208332,2026-05-29T19:50:01.208332
781,359,80,1,203.33,5,193.16,cancelled,2026-06-24T01:26:01.208332,2026-06-24T01:26:01.208332
782,128,62,3,88.56,15,225.83,cancelled,2026-06-26T17:08:01.208332,2026-06-26T17:08:01.208332
783,198,20,5,40.55,10,182.47,completed,2026-03-05T12:46:01.208332,2026-03-05T12:46:01.208332
784,330,21,5,172.56,20,690.24,shipped,2026-05-20T00:43:01.208332,2026-05-20T00:43:01.208332
785,446,22,1,146.59,20,117.27,completed,2026-05-24T02:24:01.208332,2026-05-24T02:24:01.208332
786,124,43,3,193.8,0,581.4,completed,2026-05-26T21:10:01.208332,2026-05-26T21:10:01.208332
787,282,83,4,213.9,5,812.82,completed,2026-07-22T08:20:01.208332,2026-07-22T08:20:01.208332
788,41,59,4,152.05,20,486.56,shipped,2026-06-07T21:59:01.208332,2026-06-07T21:59:01.208332
789,46,64,4,190.48,0,761.92,shipped,2026-03-17T05:00:01.208332,2026-03-17T05:00:01.208332
790,382,84,1,114.05,0,114.05,shipped,2026-05-08T01:01:01.208332,2026-05-08T01:01:01.208332
791,19,72,5,194.06,0,970.3,completed,2026-07-23T22:49:01.208332,2026-07-23T22:49:01.208332
792,406,78,5,152.1,15,646.42,processing,2026-04-20T01:10:01.208332,2026-04-20T01:10:01.208332
793,288,27,4,78.11,0,312.44,completed,2026-04-30T17:50:01.208332,2026-04-30T17:50:01.208332
794,419,29,4,63.91,0,255.64,processing,2026-06-05T13:42:01.208332,2026-06-05T13:42:01.208332
795,308,61,3,53.61,15,136.71,completed,2026-05-16T23:30:01.208332,2026-05-16T23:30:01.208332
796,50,98,2,165.02,0,330.04,completed,2026-04-26T17:46:01.208332,2026-04-26T17:46:01.208332
797,425,82,3,131.43,10,354.86,completed,2026-05-29T14:57:01.208332,2026-05-29T14:57:01.208332
798,360,14,1,20.65,0,20.65,completed,2026-05-24T05:47:01.208332,2026-05-24T05:47:01.208332
799,421,92,4,16.89,0,67.56,processing,2026-04-10T21:22:01.208332,2026-04-10T21:22:01.208332
800,101,25,1,116.03,20,92.82,completed,2026-05-06T02:57:01.208332,2026-05-06T02:57:01.208332
801,235,25,3,116.03,0,348.09,shipped,2026-07-11T10:24:01.208332,2026-07-11T10:24:01.208332
802,24,82,5,131.43,0,657.15,shipped,2026-07-14T03:55:01.208332,2026-07-14T03:55:01.208332
803,235,85,5,179.75,10,808.88,shipped,2026-03-20T02:36:01.208332,2026-03-20T02:36:01.208332
804,3,68,1,191.02,10,171.92,shipped,2026-08-12T20:47:01.208332,2026-08-12T20:47:01.208332
805,430,75,4,16.16,10,58.18,completed,2026-07-15T18:57:01.208332,2026-07-15T18:57:01.208332
806,355,75,2,16.16,15,27.47,completed,2026-07-22T00:13:01.208332,2026-07-22T00:13:01.208332
807,54,50,5,24.94,10,112.23,completed,2026-08-03T06:55:01.208332,2026-08-03T06:55:01.208332
808,259,50,4,24.94,10,89.78,cancelled,2026-08-09T08:02:01.208332,2026-08-09T08:02:01.208332
809,391,32,3,109.47,5,311.99,completed,2026-08-18T00:22:01.208332,2026-08-18T00:22:01.208332
810,497,38,4,42.0,20,134.4,completed,2026-03-19T21:04:01.208332,2026-03-19T21:04:01.208332
811,212,78,5,152.1,0,760.5,cancelled,2026-07-27T01:48:01.208332,2026-07-27T01:48:01.208332
812,281,41,5,117.02,15,497.33,completed,2026-04-04T03:57:01.208332,2026-04-04T03:57:01.208332
813,108,80,3,203.33,15,518.49,cancelled,2026-04-27T10:58:01.208332,2026-04-27T10:58:01.208332
814,68,91,2,146.76,10,264.17,cancelled,2026-06-02T08:32:01.208332,2026-06-02T08:32:01.208332
815,327,42,1,118.02,20,94.42,processing,2026-04-28T17:19:01.208332,2026-04-28T17:19:01.208332
816,246,75,5,16.16,15,68.68,shipped,2026-07-02T20:56:01.208332,2026-07-02T20:56:01.208332
817,346,96,5,67.93,0,339.65,shipped,2026-08-02T08:07:01.208332,2026-08-02T08:07:01.208332
818,414,2,5,63.38,0,316.9,shipped,2026-02-28T04:46:01.208332,2026-02-28T04:46:01.208332
819,75,7,1,89.48,0,89.48,completed,2026-04-13T04:48:01.208332,2026-04-13T04:48:01.208332
820,147,88,3,114.54,0,343.62,completed,2026-07-26T09:40:01.208332,2026-07-26T09:40:01.208332
821,354,38,2,42.0,20,67.2,completed,2026-06-02T02:47:01.208332,2026-06-02T02:47:01.208332
822,184,58,1,245.37,10,220.83,cancelled,2026-07-31T14:52:01.208332,2026-07-31T14:52:01.208332
823,379,72,2,194.06,15,329.9,processing,2026-06-21T09:40:01.208332,2026-06-21T09:40:01.208332
824,200,31,5,156.71,20,626.84,cancelled,2026-07-18T15:47:01.208332,2026-07-18T15:47:01.208332
825,148,89,1,214.41,5,203.69,shipped,2026-05-05T03:37:01.208332,2026-05-05T03:37:01.208332
826,490,88,3,114.54,10,309.26,completed,2026-03-05T09:25:01.208332,2026-03-05T09:25:01.208332
827,381,33,2,128.65,10,231.57,shipped,2026-07-31T18:25:01.208332,2026-07-31T18:25:01.208332
828,425,29,3,63.91,20,153.38,processing,2026-06-10T17:03:01.208332,2026-06-10T17:03:01.208332
829,379,78,2,152.1,20,243.36,completed,2026-07-05T13:33:01.208332,2026-07-05T13:33:01.208332
830,151,58,2,245.37,15,417.13,completed,2026-03-09T03:43:01.208332,2026-03-09T03:43:01.208332
831,493,23,5,210.09,0,1050.45,completed,2026-05-03T06:22:01.208332,2026-05-03T06:22:01.208332
832,220,36,5,202.99,0,1014.95,completed,2026-03-19T06:38:01.208332,2026-03-19T06:38:01.208332
833,300,33,1,128.65,0,128.65,cancelled,2026-05-19T11:47:01.208332,2026-05-19T11:47:01.208332
834,480,20,1,40.55,0,40.55,completed,2026-08-11T15:36:01.208332,2026-08-11T15:36:01.208332
835,306,7,5,89.48,20,357.92,completed,2026-06-24T02:12:01.208332,2026-06-24T02:12:01.208332
836,252,74,5,241.53,0,1207.65,cancelled,2026-03-08T20:47:01.208332,2026-03-08T20:47:01.208332
837,163,68,2,191.02,0,382.04,completed,2026-05-29T08:55:01.208332,2026-05-29T08:55:01.208332
838,403,65,2,210.38,5,399.72,processing,2026-06-02T11:07:01.208332,2026-06-02T11:07:01.208332
839,207,12,3,155.49,0,466.47,completed,2026-08-03T09:59:01.208332,2026-08-03T09:59:01.208332
840,340,43,3,193.8,0,581.4,completed,2026-04-18T01:00:01.208332,2026-04-18T01:00:01.208332
841,487,97,5,143.24,10,644.58,processing,2026-05-21T01:02:01.208332,2026-05-21T01:02:01.208332
842,422,97,1,143.24,0,143.24,completed,2026-06-25T09:00:01.208332,2026-06-25T09:00:01.208332
843,229,31,5,156.71,10,705.2,completed,2026-04-08T23:39:01.208332,2026-04-08T23:39:01.208332
844,350,42,4,118.02,20,377.66,completed,2026-08-14T15:04:01.208332,2026-08-14T15:04:01.208332
845,198,33,5,128.65,15,546.76,completed,2026-04-16T02:03:01.208332,2026-04-16T02:03:01.208332
846,467,67,3,63.81,10,172.29,processing,2026-07-19T17:55:01.208332,2026-07-19T17:55:01.208332
847,229,63,1,91.0,0,91.0,cancelled,2026-08-06T03:01:01.208332,2026-08-06T03:01:01.208332
848,99,42,5,118.02,0,590.1,completed,2026-08-15T05:10:01.208332,2026-08-15T05:10:01.208332
849,86,99,5,200.3,10,901.35,cancelled,2026-02-24T22:23:01.208332,2026-02-24T22:23:01.208332
850,34,27,2,78.11,20,124.98,shipped,2026-06-28T08:56:01.208332,2026-06-28T08:56:01.208332
851,428,14,2,20.65,10,37.17,cancelled,2026-07-24T11:13:01.208332,2026-07-24T11:13:01.208332
852,450,95,4,12.44,15,42.3,completed,2026-07-22T06:49:01.208332,2026-07-22T06:49:01.208332
853,383,88,2,114.54,0,229.08,cancelled,2026-05-18T04:45:01.208332,2026-05-18T04:45:01.208332
854,170,5,1,88.78,0,88.78,completed,2026-03-05T11:28:01.208332,2026-03-05T11:28:01.208332
855,407,33,5,128.65,0,643.25,completed,2026-06-08T06:24:01.208332,2026-06-08T06:24:01.208332
856,467,34,4,167.45,5,636.31,cancelled,2026-05-16T17:21:01.208332,2026-05-16T17:21:01.208332
857,208,56,3,16.97,0,50.91,cancelled,2026-05-05T12:07:01.208332,2026-05-05T12:07:01.208332
858,61,69,1,211.41,15,179.7,processing,2026-07-04T17:20:01.208332,2026-07-04T17:20:01.208332
859,33,97,5,143.24,0,716.2,completed,2026-07-01T04:34:01.208332,2026-07-01T04:34:01.208332
860,184,65,1,210.38,0,210.38,cancelled,2026-07-16T20:20:01.208332,2026-07-16T20:20:01.208332
861,155,78,1,152.1,0,152.1,shipped,2026-07-12T21:54:01.208332,2026-07-12T21:54:01.208332
862,196,51,1,227.16,5,215.8,processing,2026-03-24T01:21:01.208332,2026-03-24T01:21:01.208332
863,113,18,4,131.71,20,421.47,processing,2026-07-18T18:37:01.208332,2026-07-18T18:37:01.208332
864,152,82,2,131.43,0,262.86,cancelled,2026-06-26T21:29:01.208332,2026-06-26T21:29:01.208332
865,332,48,1,179.54,10,161.59,processing,2026-08-01T20:16:01.208332,2026-08-01T20:16:01.208332
866,73,16,1,113.51,0,113.51,processing,2026-06-07T20:36:01.208332,2026-06-07T20:36:01.208332
867,202,69,5,211.41,0,1057.05,completed,2026-04-20T01:34:01.208332,2026-04-20T01:34:01.208332
868,384,95,3,12.44,0,37.32,cancelled,2026-05-09T17:16:01.208332,2026-05-09T17:16:01.208332
869,436,66,2,189.77,0,379.54,completed,2026-03-29T02:14:01.208332,2026-03-29T02:14:01.208332
870,316,33,2,128.65,0,257.3,cancelled,2026-03-28T14:43:01.208332,2026-03-28T14:43:01.208332
871,410,73,1,155.74,20,124.59,processing,2026-07-10T07:43:01.208332,2026-07-10T07:43:01.208332
872,237,83,5,213.9,0,1069.5,cancelled,2026-04-17T12:14:01.208332,2026-04-17T12:14:01.208332
873,35,33,1,128.65,0,128.65,processing,2026-07-05T16:30:01.208332,2026-07-05T16:30:01.208332
874,250,43,3,193.8,0,581.4,cancelled,2026-06-25T19:18:01.208332,2026-06-25T19:18:01.208332
875,121,13,3,225.88,10,609.88,completed,2026-03-08T07:21:01.208332,2026-03-08T07:21:01.208332
876,163,63,4,91.0,0,364.0,cancelled,2026-06-15T19:12:01.208332,2026-06-15T19:12:01.208332
877,157,89,5,214.41,0,1072.05,processing,2026-06-06T13:18:01.208332,2026-06-06T13:18:01.208332
878,187,41,4,117.02,0,468.08,completed,2026-02-24T11:28:01.208332,2026-02-24T11:28:01.208332
879,127,29,4,63.91,0,255.64,completed,2026-07-26T12:51:01.208332,2026-07-26T12:51:01.208332
880,69,87,3,203.97,5,581.31,shipped,2026-05-18T20:34:01.208332,2026-05-18T20:34:01.208332
881,184,100,3,63.18,5,180.06,completed,2026-06-04T00:39:01.208332,2026-06-04T00:39:01.208332
882,90,83,5,213.9,0,1069.5,completed,2026-07-26T20:12:01.208332,2026-07-26T20:12:01.208332
883,440,18,5,131.71,0,658.55,cancelled,2026-04-12T12:27:01.208332,2026-04-12T12:27:01.208332
884,454,81,1,137.86,15,117.18,completed,2026-03-09T07:47:01.208332,2026-03-09T07:47:01.208332
885,435,65,1,210.38,20,168.3,processing,2026-06-09T12:41:01.208332,2026-06-09T12:41:01.208332
886,208,99,5,200.3,0,1001.5,completed,2026-08-07T14:04:01.208332,2026-08-07T14:04:01.208332
887,283,34,5,167.45,10,753.52,cancelled,2026-05-20T13:01:01.208332,2026-05-20T13:01:01.208332
888,397,20,3,40.55,5,115.57,processing,2026-04-05T06:00:01.208332,2026-04-05T06:00:01.208332
889,376,38,2,42.0,5,79.8,processing,2026-05-25T19:48:01.208332,2026-05-25T19:48:01.208332
890,47,51,3,227.16,10,613.33,cancelled,2026-02-25T12:38:01.208332,2026-02-25T12:38:01.208332
891,123,79,2,177.33,20,283.73,completed,2026-05-28T04:39:01.208332,2026-05-28T04:39:01.208332
892,229,21,2,172.56,10,310.61,processing,2026-08-15T07:21:01.208332,2026-08-15T07:21:01.208332
893,338,19,4,106.58,0,426.32,completed,2026-03-02T22:57:01.208332,2026-03-02T22:57:01.208332
894,390,63,2,91.0,0,182.0,completed,2026-04-12T17:21:01.208332,2026-04-12T17:21:01.208332
895,120,6,2,94.28,10,169.7,completed,2026-08-07T20:16:01.208332,2026-08-07T20:16:01.208332
896,199,61,4,53.61,0,214.44,cancelled,2026-03-02T20:42:01.208332,2026-03-02T20:42:01.208332
897,166,14,5,20.65,15,87.76,completed,2026-07-24T15:09:01.208332,2026-07-24T15:09:01.208332
898,428,95,3,12.44,10,33.59,processing,2026-06-02T16:40:01.208332,2026-06-02T16:40:01.208332
899,90,49,4,107.82,0,431.28,cancelled,2026-06-10T13:58:01.208332,2026-06-10T13:58:01.208332
900,460,10,5,36.02,0,180.1,completed,2026-05-03T02:34:01.208332,2026-05-03T02:34:01.208332
901,265,52,3,101.29,20,243.1,completed,2026-07-31T13:29:01.208332,2026-07-31T13:29:01.208332
902,250,62,5,88.56,0,442.8,completed,2026-05-25T22:55:01.208332,2026-05-25T22:55:01.208332
903,226,22,2,146.59,0,293.18,cancelled,2026-05-28T06:25:01.208332,2026-05-28T06:25:01.208332
904,144,28,2,206.42,0,412.84,completed,2026-03-24T05:52:01.208332,2026-03-24T05:52:01.208332
905,309,92,1,16.89,15,14.36,shipped,2026-04-06T12:45:01.208332,2026-04-06T12:45:01.208332
906,416,43,1,193.8,5,184.11,shipped,2026-06-26T12:29:01.208332,2026-06-26T12:29:01.208332
907,246,27,5,78.11,0,390.55,shipped,2026-06-21T10:17:01.208332,2026-06-21T10:17:01.208332
908,12,32,1,109.47,0,109.47,processing,2026-06-07T23:58:01.208332,2026-06-07T23:58:01.208332
909,83,18,5,131.71,0,658.55,processing,2026-08-04T18:19:01.208332,2026-08-04T18:19:01.208332
910,76,8,2,220.49,0,440.98,completed,2026-08-10T12:35:01.208332,2026-08-10T12:35:01.208332
911,265,52,5,101.29,10,455.81,completed,2026-06-19T16:10:01.208332,2026-06-19T16:10:01.208332
912,450,93,3,127.01,0,381.03,shipped,2026-04-04T00:40:01.208332,2026-04-04T00:40:01.208332
913,311,61,4,53.61,0,214.44,shipped,2026-04-04T12:46:01.208332,2026-04-04T12:46:01.208332
914,308,19,5,106.58,20,426.32,completed,2026-07-13T07:34:01.208332,2026-07-13T07:34:01.208332
915,320,85,5,179.75,0,898.75,cancelled,2026-03-26T03:09:01.208332,2026-03-26T03:09:01.208332
916,352,44,4,75.9,10,273.24,completed,2026-06-11T02:43:01.208332,2026-06-11T02:43:01.208332
917,118,49,4,107.82,0,431.28,completed,2026-03-15T08:43:01.208332,2026-03-15T08:43:01.208332
918,104,67,5,63.81,15,271.19,completed,2026-05-11T00:28:01.208332,2026-05-11T00:28:01.208332
919,311,13,2,225.88,5,429.17,processing,2026-08-06T17:33:01.208332,2026-08-06T17:33:01.208332
920,308,5,5,88.78,10,399.51,completed,2026-07-10T13:34:01.208332,2026-07-10T13:34:01.208332
921,48,62,2,88.56,10,159.41,completed,2026-06-01T18:32:01.208332,2026-06-01T18:32:01.208332
922,460,100,4,63.18,10,227.45,completed,2026-05-11T04:21:01.208332,2026-05-11T04:21:01.208332
923,448,6,5,94.28,5,447.83,shipped,2026-04-06T09:00:01.208332,2026-04-06T09:00:01.208332
924,405,99,4,200.3,0,801.2,cancelled,2026-06-10T19:57:01.208332,2026-06-10T19:57:01.208332
925,465,98,5,165.02,0,825.1,completed,2026-05-12T01:21:01.208332,2026-05-12T01:21:01.208332
926,131,62,2,88.56,20,141.7,completed,2026-03-10T20:34:01.208332,2026-03-10T20:34:01.208332
927,307,70,4,40.29,0,161.16,completed,2026-03-30T00:12:01.208332,2026-03-30T00:12:01.208332
928,364,96,1,67.93,10,61.14,completed,2026-05-29T17:22:01.208332,2026-05-29T17:22:01.208332
929,267,1,4,101.81,15,346.15,cancelled,2026-04-01T23:51:01.208332,2026-04-01T23:51:01.208332
930,412,41,4,117.02,0,468.08,completed,2026-03-15T00:02:01.208332,2026-03-15T00:02:01.208332
931,219,84,5,114.05,0,570.25,processing,2026-04-12T04:00:01.208332,2026-04-12T04:00:01.208332
932,217,73,3,155.74,10,420.5,cancelled,2026-04-14T18:18:01.208332,2026-04-14T18:18:01.208332
933,204,97,2,143.24,5,272.16,processing,2026-06-04T02:32:01.208332,2026-06-04T02:32:01.208332
934,248,23,3,210.09,10,567.24,shipped,2026-06-04T14:48:01.208332,2026-06-04T14:48:01.208332
935,130,40,5,157.04,0,785.2,cancelled,2026-07-14T12:52:01.208332,2026-07-14T12:52:01.208332
936,204,95,2,12.44,20,19.9,cancelled,2026-07-30T20:29:01.208332,2026-07-30T20:29:01.208332
937,61,96,2,67.93,5,129.07,cancelled,2026-07-16T03:49:01.208332,2026-07-16T03:49:01.208332
938,487,21,1,172.56,0,172.56,shipped,2026-05-27T03:21:01.208332,2026-05-27T03:21:01.208332
939,403,44,5,75.9,10,341.55,cancelled,2026-06-30T11:51:01.208332,2026-06-30T11:51:01.208332
940,362,7,2,89.48,5,170.01,cancelled,2026-08-18T04:38:01.208332,2026-08-18T04:38:01.208332
941,3,12,2,155.49,5,295.43,processing,2026-08-11T03:31:01.208332,2026-08-11T03:31:01.208332
942,223,12,1,155.49,0,155.49,completed,2026-04-04T23:17:01.208332,2026-04-04T23:17:01.208332
943,41,78,1,152.1,15,129.28,shipped,2026-05-04T13:30:01.208332,2026-05-04T13:30:01.208332
944,315,84,5,114.05,0,570.25,processing,2026-07-03T03:25:01.208332,2026-07-03T03:25:01.208332
945,30,100,2,63.18,15,107.41,shipped,2026-05-24T14:17:01.208332,2026-05-24T14:17:01.208332
946,6,26,5,123.56,0,617.8,completed,2026-03-31T01:13:01.208332,2026-03-31T01:13:01.208332
947,402,77,5,235.95,10,1061.78,completed,2026-06-30T17:56:01.208332,2026-06-30T17:56:01.208332
948,315,22,1,146.59,0,146.59,cancelled,2026-04-08T03:41:01.208332,2026-04-08T03:41:01.208332
949,1,21,1,172.56,0,172.56,shipped,2026-07-15T12:48:01.208332,2026-07-15T12:48:01.208332
950,181,86,4,186.11,5,707.22,completed,2026-06-10T06:59:01.208332,2026-06-10T06:59:01.208332
951,266,2,1,63.38,0,63.38,completed,2026-06-03T15:34:01.208332,2026-06-03T15:34:01.208332
952,372,72,5,194.06,0,970.3,completed,2026-04-27T20:30:01.208332,2026-04-27T20:30:01.208332
953,116,78,2,152.1,5,288.99,shipped,2026-08-11T20:20:01.208332,2026-08-11T20:20:01.208332
954,295,1,3,101.81,0,305.43,processing,2026-05-08T17:09:01.208332,2026-05-08T17:09:01.208332
955,55,72,1,194.06,10,174.65,completed,2026-04-18T03:58:01.208332,2026-04-18T03:58:01.208332
956,485,15,5,134.78,0,673.9,processing,2026-08-02T02:09:01.208332,2026-08-02T02:09:01.208332
957,417,74,3,241.53,15,615.9,shipped,2026-05-15T04:51:01.208332,2026-05-15T04:51:01.208332
958,289,62,2,88.56,20,141.7,shipped,2026-04-26T10:22:01.208332,2026-04-26T10:22:01.208332
959,349,59,5,152.05,20,608.2,shipped,2026-02-28T13:51:01.208332,2026-02-28T13:51:01.208332
960,60,34,1,167.45,5,159.08,completed,2026-06-18T22:52:01.208332,2026-06-18T22:52:01.208332
961,347,90,2,221.59,20,354.54,shipped,2026-04-22T01:48:01.208332,2026-04-22T01:48:01.208332
962,490,46,5,224.33,10,1009.49,cancelled,2026-02-25T08:50:01.208332,2026-02-25T08:50:01.208332
963,427,34,2,167.45,0,334.9,shipped,2026-03-12T12:43:01.208332,2026-03-12T12:43:01.208332
964,345,96,3,67.93,0,203.79,completed,2026-06-04T13:14:01.208332,2026-06-04T13:14:01.208332
965,244,41,3,117.02,0,351.06,processing,2026-08-05T09:41:01.208332,2026-08-05T09:41:01.208332
966,138,24,2,60.44,5,114.84,completed,2026-07-07T18:51:01.208332,2026-07-07T18:51:01.208332
967,121,95,2,12.44,20,19.9,completed,2026-04-12T21:56:01.208332,2026-04-12T21:56:01.208332
968,118,26,2,123.56,20,197.7,completed,2026-06-16T05:03:01.208332,2026-06-16T05:03:01.208332
969,80,100,1,63.18,0,63.18,completed,2026-08-10T02:43:01.208332,2026-08-10T02:43:01.208332
970,347,85,4,179.75,10,647.1,processing,2026-02-24T19:18:01.208332,2026-02-24T19:18:01.208332
971,491,6,4,94.28,0,377.12,completed,2026-06-16T14:06:01.208332,2026-06-16T14:06:01.208332
972,253,74,3,241.53,5,688.36,processing,2026-03-28T21:20:01.208332,2026-03-28T21:20:01.208332
973,144,51,2,227.16,20,363.46,completed,2026-06-08T13:51:01.208332,2026-06-08T13:51:01.208332
974,28,68,4,191.02,5,725.88,processing,2026-08-13T15:46:01.208332,2026-08-13T15:46:01.208332
975,17,65,3,210.38,5,599.58,cancelled,2026-07-30T05:30:01.208332,2026-07-30T05:30:01.208332
976,398,23,4,210.09,0,840.36,processing,2026-06-30T17:02:01.208332,2026-06-30T17:02:01.208332
977,236,41,1,117.02,0,117.02,completed,2026-06-26T07:34:01.208332,2026-06-26T07:34:01.208332
978,195,75,1,16.16,0,16.16,processing,2026-04-30T10:13:01.208332,2026-04-30T10:13:01.208332
979,442,34,2,167.45,10,301.41,completed,2026-04-12T10:46:01.208332,2026-04-12T10:46:01.208332
980,138,61,5,53.61,0,268.05,completed,2026-05-01T05:06:01.208332,2026-05-01T05:06:01.208332
981,256,55,2,62.66,5,119.05,completed,2026-07-01T03:49:01.208332,2026-07-01T03:49:01.208332
982,187,52,3,101.29,5,288.68,processing,2026-03-28T08:18:01.208332,2026-03-28T08:18:01.208332
983,68,74,2,241.53,20,386.45,cancelled,2026-03-13T18:42:01.208332,2026-03-13T18:42:01.208332
984,139,31,5,156.71,5,744.37,shipped,2026-07-29T11:38:01.208332,2026-07-29T11:38:01.208332
985,101,19,2,106.58,5,202.5,completed,2026-07-20T06:23:01.208332,2026-07-20T06:23:01.208332
986,91,54,4,139.17,0,556.68,cancelled,2026-08-05T05:07:01.208332,2026-08-05T05:07:01.208332
987,265,69,3,211.41,20,507.38,completed,2026-05-23T04:26:01.208332,2026-05-23T04:26:01.208332
988,129,72,5,194.06,0,970.3,completed,2026-05-07T03:00:01.208332,2026-05-07T03:00:01.208332
989,354,21,1,172.56,0,172.56,completed,2026-07-21T17:59:01.208332,2026-07-21T17:59:01.208332
990,244,81,1,137.86,5,130.97,completed,2026-07-09T03:32:01.208332,2026-07-09T03:32:01.208332
991,134,47,3,46.2,10,124.74,completed,2026-06-05T02:05:01.208332,2026-06-05T02:05:01.208332
992,177,3,4,83.25,0,333.0,cancelled,2026-04-28T12:18:01.208332,2026-04-28T12:18:01.208332
993,494,78,2,152.1,10,273.78,cancelled,2026-06-08T10:29:01.208332,2026-06-08T10:29:01.208332
994,333,69,2,211.41,20,338.26,completed,2026-04-16T09:50:01.208332,2026-04-16T09:50:01.208332
995,167,87,5,203.97,5,968.86,cancelled,2026-07-14T15:16:01.208332,2026-07-14T15:16:01.208332
996,229,11,4,184.85,10,665.46,shipped,2026-04-16T18:12:01.208332,2026-04-16T18:12:01.208332
997,324,19,2,106.58,15,181.19,completed,2026-07-20T15:20:01.208332,2026-07-20T15:20:01.208332
998,216,81,5,137.86,10,620.37,completed,2026-05-08T06:50:01.208332,2026-05-08T06:50:01.208332
999,41,21,3,172.56,0,517.68,completed,2026-04-21T15:59:01.208332,2026-04-21T15:59:01.208332
1000,335,38,3,42.0,10,113.4,shipped,2026-06-20T22:51:01.208332,2026-06-20T22:51:01.208332
1001,139,57,3,183.8,15,468.69,processing,2026-06-10T10:39:01.208332,2026-06-10T10:39:01.208332
1002,495,58,4,245.37,0,981.48,completed,2026-03-29T01:46:01.208332,2026-03-29T01:46:01.208332
1003,65,94,2,91.68,15,155.86,cancelled,2026-04-10T09:49:01.208332,2026-04-10T09:49:01.208332
1004,359,96,1,67.93,0,67.93,shipped,2026-03-25T23:36:01.208332,2026-03-25T23:36:01.208332
1005,53,13,1,225.88,5,214.59,completed,2026-06-03T10:30:01.208332,2026-06-03T10:30:01.208332
1006,14,99,4,200.3,10,721.08,completed,2026-07-12T20:41:01.208332,2026-07-12T20:41:01.208332
1007,54,34,5,167.45,0,837.25,cancelled,2026-03-10T22:43:01.208332,2026-03-10T22:43:01.208332
1008,477,50,3,24.94,0,74.82,cancelled,2026-04-09T15:15:01.208332,2026-04-09T15:15:01.208332
1009,146,57,2,183.8,0,367.6,completed,2026-05-30T11:44:01.208332,2026-05-30T11:44:01.208332
1010,15,5,3,88.78,20,213.07,completed,2026-08-09T05:15:01.208332,2026-08-09T05:15:01.208332
1011,443,61,4,53.61,20,171.55,completed,2026-06-02T00:12:01.208332,2026-06-02T00:12:01.208332
1012,281,57,2,183.8,15,312.46,completed,2026-06-01T18:33:01.208332,2026-06-01T18:33:01.208332
1013,303,77,4,235.95,15,802.23,cancelled,2026-07-09T22:24:01.208332,2026-07-09T22:24:01.208332
1014,450,73,4,155.74,10,560.66,cancelled,2026-06-20T01:38:01.208332,2026-06-20T01:38:01.208332
1015,274,40,3,157.04,5,447.56,completed,2026-06-01T20:12:01.208332,2026-06-01T20:12:01.208332
1016,413,12,4,155.49,0,621.96,shipped,2026-05-01T04:29:01.208332,2026-05-01T04:29:01.208332
1017,134,20,3,40.55,0,121.65,processing,2026-02-23T14:46:01.208332,2026-02-23T14:46:01.208332
1018,418,98,2,165.02,0,330.04,shipped,2026-04-16T19:15:01.208332,2026-04-16T19:15:01.208332
1019,274,2,4,63.38,20,202.82,completed,2026-05-21T10:42:01.208332,2026-05-21T10:42:01.208332
1020,5,99,4,200.3,20,640.96,processing,2026-04-17T22:09:01.208332,2026-04-17T22:09:01.208332
1021,119,1,5,101.81,0,509.05,shipped,2026-03-29T22:14:01.208332,2026-03-29T22:14:01.208332
1022,452,72,4,194.06,5,737.43,completed,2026-04-10T02:10:01.208332,2026-04-10T02:10:01.208332
1023,367,95,4,12.44,20,39.81,completed,2026-05-03T11:26:01.208332,2026-05-03T11:26:01.208332
1024,135,11,4,184.85,15,628.49,processing,2026-04-08T05:01:01.208332,2026-04-08T05:01:01.208332
1025,392,79,3,177.33,0,531.99,cancelled,2026-06-21T15:31:01.208332,2026-06-21T15:31:01.208332
1026,273,35,4,196.82,0,787.28,completed,2026-07-28T23:17:01.208332,2026-07-28T23:17:01.208332
1027,94,18,3,131.71,0,395.13,shipped,2026-06-19T12:59:01.208332,2026-06-19T12:59:01.208332
1028,317,58,3,245.37,15,625.69,shipped,2026-06-16T23:13:01.208332,2026-06-16T23:13:01.208332
1029,97,42,1,118.02,0,118.02,processing,2026-03-04T15:12:01.208332,2026-03-04T15:12:01.208332
1030,12,24,1,60.44,0,60.44,completed,2026-04-13T14:29:01.208332,2026-04-13T14:29:01.208332
1031,367,57,1,183.8,0,183.8,completed,2026-03-12T00:26:01.208332,2026-03-12T00:26:01.208332
1032,8,64,2,190.48,0,380.96,completed,2026-05-11T02:26:01.208332,2026-05-11T02:26:01.208332
1033,403,64,3,190.48,5,542.87,completed,2026-06-30T11:19:01.208332,2026-06-30T11:19:01.208332
1034,170,11,2,184.85,0,369.7,shipped,2026-04-13T02:44:01.208332,2026-04-13T02:44:01.208332
1035,37,70,4,40.29,0,161.16,completed,2026-03-30T14:04:01.208332,2026-03-30T14:04:01.208332
1036,419,49,1,107.82,0,107.82,cancelled,2026-08-20T00:27:01.208332,2026-08-20T00:27:01.208332
1037,128,50,4,24.94,0,99.76,completed,2026-07-07T21:04:01.208332,2026-07-07T21:04:01.208332
1038,102,59,1,152.05,10,136.85,completed,2026-06-24T20:11:01.208332,2026-06-24T20:11:01.208332
1039,243,50,3,24.94,0,74.82,cancelled,2026-03-24T11:21:01.208332,2026-03-24T11:21:01.208332
1040,373,6,5,94.28,10,424.26,completed,2026-03-17T20:00:01.208332,2026-03-17T20:00:01.208332
1041,247,82,3,131.43,0,394.29,completed,2026-04-30T05:05:01.208332,2026-04-30T05:05:01.208332
1042,443,86,2,186.11,0,372.22,cancelled,2026-04-07T13:19:01.208332,2026-04-07T13:19:01.208332
1043,223,42,1,118.02,0,118.02,completed,2026-07-18T05:06:01.208332,2026-07-18T05:06:01.208332
1044,300,16,4,113.51,20,363.23,completed,2026-04-08T20:26:01.208332,2026-04-08T20:26:01.208332
1045,497,6,5,94.28,20,377.12,shipped,2026-06-29T08:18:01.208332,2026-06-29T08:18:01.208332
1046,353,77,2,235.95,0,471.9,completed,2026-07-13T22:01:01.208332,2026-07-13T22:01:01.208332
1047,128,21,4,172.56,0,690.24,processing,2026-06-28T11:18:01.208332,2026-06-28T11:18:01.208332
1048,174,98,1,165.02,0,165.02,cancelled,2026-04-29T07:38:01.208332,2026-04-29T07:38:01.208332
1049,79,90,5,221.59,20,886.36,completed,2026-03-15T03:34:01.208332,2026-03-15T03:34:01.208332
1050,250,30,3,15.86,10,42.82,cancelled,2026-07-17T03:38:01.208332,2026-07-17T03:38:01.208332
1051,388,45,4,66.28,15,225.35,completed,2026-03-30T17:26:01.208332,2026-03-30T17:26:01.208332
1052,353,49,3,107.82,15,274.94,completed,2026-03-20T03:01:01.208332,2026-03-20T03:01:01.208332
1053,461,6,4,94.28,15,320.55,processing,2026-05-14T05:50:01.208332,2026-05-14T05:50:01.208332
1054,151,70,4,40.29,0,161.16,completed,2026-06-06T18:19:01.208332,2026-06-06T18:19:01.208332
1055,279,45,3,66.28,15,169.01,completed,2026-05-19T20:48:01.208332,2026-05-19T20:48:01.208332
1056,445,77,5,235.95,0,1179.75,processing,2026-03-08T03:17:01.208332,2026-03-08T03:17:01.208332
1057,80,58,3,245.37,20,588.89,processing,2026-04-12T12:57:01.208332,2026-04-12T12:57:01.208332
1058,188,59,1,152.05,20,121.64,processing,2026-06-19T17:56:01.208332,2026-06-19T17:56:01.208332
1059,195,94,2,91.68,0,183.36,completed,2026-06-16T10:01:01.208332,2026-06-16T10:01:01.208332
1060,398,80,2,203.33,0,406.66,completed,2026-07-04T20:28:01.208332,2026-07-04T20:28:01.208332
1061,338,69,4,211.41,0,845.64,cancelled,2026-05-30T00:03:01.208332,2026-05-30T00:03:01.208332
1062,255,99,5,200.3,0,1001.5,completed,2026-06-15T04:46:01.208332,2026-06-15T04:46:01.208332
1063,166,53,3,81.67,0,245.01,processing,2026-03-13T02:55:01.208332,2026-03-13T02:55:01.208332
1064,338,9,1,149.34,20,119.47,completed,2026-08-13T07:40:01.208332,2026-08-13T07:40:01.208332
1065,92,5,2,88.78,0,177.56,completed,2026-05-22T22:58:01.208332,2026-05-22T22:58:01.208332
1066,51,5,5,88.78,15,377.31,shipped,2026-07-25T20:12:01.208332,2026-07-25T20:12:01.208332
1067,337,63,5,91.0,10,409.5,processing,2026-07-01T06:27:01.208332,2026-07-01T06:27:01.208332
1068,132,7,3,89.48,0,268.44,cancelled,2026-06-13T21:49:01.208332,2026-06-13T21:49:01.208332
1069,37,2,2,63.38,15,107.75,completed,2026-05-24T01:21:01.208332,2026-05-24T01:21:01.208332
1070,240,82,1,131.43,0,131.43,cancelled,2026-06-05T04:23:01.208332,2026-06-05T04:23:01.208332
1071,481,54,3,139.17,20,334.01,completed,2026-07-02T13:33:01.208332,2026-07-02T13:33:01.208332
1072,422,79,3,177.33,10,478.79,cancelled,2026-03-02T23:58:01.208332,2026-03-02T23:58:01.208332
1073,37,39,1,247.09,0,247.09,processing,2026-08-17T11:14:01.208332,2026-08-17T11:14:01.208332
1074,50,13,2,225.88,10,406.58,completed,2026-05-04T17:54:01.208332,2026-05-04T17:54:01.208332
1075,99,68,2,191.02,10,343.84,completed,2026-06-17T10:27:01.208332,2026-06-17T10:27:01.208332
1076,286,96,5,67.93,5,322.67,completed,2026-07-09T10:09:01.208332,2026-07-09T10:09:01.208332
1077,393,82,5,131.43,0,657.15,shipped,2026-06-26T09:16:01.208332,2026-06-26T09:16:01.208332
1078,360,86,4,186.11,0,744.44,completed,2026-03-25T23:10:01.208332,2026-03-25T23:10:01.208332
1079,282,52,5,101.29,0,506.45,completed,2026-06-23T07:10:01.208332,2026-06-23T07:10:01.208332
1080,274,77,4,235.95,0,943.8,completed,2026-08-06T21:23:01.208332,2026-08-06T21:23:01.208332
1081,282,42,3,118.02,5,336.36,cancelled,2026-07-12T17:08:01.208332,2026-07-12T17:08:01.208332
1082,221,93,3,127.01,10,342.93,processing,2026-04-08T10:05:01.208332,2026-04-08T10:05:01.208332
1083,280,28,4,206.42,20,660.54,cancelled,2026-06-03T18:23:01.208332,2026-06-03T18:23:01.208332
1084,131,47,4,46.2,5,175.56,shipped,2026-08-17T07:54:01.208332,2026-08-17T07:54:01.208332
1085,1,93,1,127.01,0,127.01,completed,2026-06-12T01:17:01.208332,2026-06-12T01:17:01.208332
1086,266,18,3,131.71,0,395.13,completed,2026-04-19T06:32:01.208332,2026-04-19T06:32:01.208332
1087,110,41,1,117.02,20,93.62,cancelled,2026-07-23T05:28:01.208332,2026-07-23T05:28:01.208332
1088,422,36,5,202.99,10,913.46,processing,2026-06-04T20:58:01.208332,2026-06-04T20:58:01.208332
1089,475,74,2,241.53,0,483.06,shipped,2026-03-02T11:14:01.208332,2026-03-02T11:14:01.208332
1090,183,20,2,40.55,0,81.1,processing,2026-05-01T10:10:01.208332,2026-05-01T10:10:01.208332
1091,128,30,3,15.86,20,38.06,completed,2026-04-19T06:24:01.208332,2026-04-19T06:24:01.208332
1092,293,52,5,101.29,0,506.45,completed,2026-07-07T06:25:01.208332,2026-07-07T06:25:01.208332
1093,371,42,4,118.02,0,472.08,cancelled,2026-05-23T11:40:01.208332,2026-05-23T11:40:01.208332
1094,360,74,1,241.53,10,217.38,completed,2026-06-20T12:25:01.208332,2026-06-20T12:25:01.208332
1095,20,94,5,91.68,5,435.48,completed,2026-03-09T21:14:01.208332,2026-03-09T21:14:01.208332
1096,472,99,3,200.3,0,600.9,shipped,2026-08-02T18:14:01.208332,2026-08-02T18:14:01.208332
1097,214,16,2,113.51,15,192.97,processing,2026-06-22T10:24:01.208332,2026-06-22T10:24:01.208332
1098,476,2,4,63.38,0,253.52,processing,2026-04-20T01:59:01.208332,2026-04-20T01:59:01.208332
1099,22,41,5,117.02,10,526.59,completed,2026-03-22T19:53:01.208332,2026-03-22T19:53:01.208332
1100,258,90,2,221.59,0,443.18,cancelled,2026-03-04T19:05:01.208332,2026-03-04T19:05:01.208332
1101,375,51,4,227.16,20,726.91,processing,2026-06-11T22:32:01.208332,2026-06-11T22:32:01.208332
1102,259,12,2,155.49,5,295.43,shipped,2026-04-17T08:26:01.208332,2026-04-17T08:26:01.208332
1103,76,17,3,85.34,0,256.02,processing,2026-05-21T05:24:01.208332,2026-05-21T05:24:01.208332
1104,382,7,5,89.48,5,425.03,completed,2026-04-12T09:29:01.208332,2026-04-12T09:29:01.208332
1105,205,65,4,210.38,20,673.22,completed,2026-06-30T15:24:01.208332,2026-06-30T15:24:01.208332
1106,391,18,4,131.71,10,474.16,shipped,2026-03-31T15:54:01.208332,2026-03-31T15:54:01.208332
1107,203,84,5,114.05,0,570.25,processing,2026-06-05T18:08:01.208332,2026-06-05T18:08:01.208332
1108,377,68,2,191.02,0,382.04,completed,2026-03-08T15:23:01.208332,2026-03-08T15:23:01.208332
1109,398,56,3,16.97,15,43.27,processing,2026-08-10T19:59:01.208332,2026-08-10T19:59:01.208332
1110,46,15,4,134.78,5,512.16,completed,2026-05-01T02:14:01.208332,2026-05-01T02:14:01.208332
1111,98,42,3,118.02,10,318.65,completed,2026-06-22T21:53:01.208332,2026-06-22T21:53:01.208332
1112,395,40,2,157.04,0,314.08,shipped,2026-06-15T18:40:01.208332,2026-06-15T18:40:01.208332
1113,320,19,4,106.58,0,426.32,completed,2026-08-10T20:18:01.208332,2026-08-10T20:18:01.208332
1114,103,88,3,114.54,0,343.62,cancelled,2026-07-11T12:57:01.208332,2026-07-11T12:57:01.208332
1115,437,11,1,184.85,15,157.12,completed,2026-03-05T12:38:01.208332,2026-03-05T12:38:01.208332
1116,486,80,2,203.33,20,325.33,completed,2026-07-25T03:22:01.208332,2026-07-25T03:22:01.208332
1117,8,44,1,75.9,0,75.9,shipped,2026-05-16T12:42:01.208332,2026-05-16T12:42:01.208332
1118,12,43,2,193.8,15,329.46,completed,2026-06-01T12:56:01.208332,2026-06-01T12:56:01.208332
1119,105,70,5,40.29,20,161.16,processing,2026-04-11T16:27:01.208332,2026-04-11T16:27:01.208332
1120,248,80,2,203.33,15,345.66,cancelled,2026-06-30T19:16:01.208332,2026-06-30T19:16:01.208332
1121,10,49,5,107.82,15,458.23,completed,2026-05-30T11:59:01.208332,2026-05-30T11:59:01.208332
1122,131,22,1,146.59,0,146.59,cancelled,2026-04-01T03:13:01.208332,2026-04-01T03:13:01.208332
1123,317,35,1,196.82,5,186.98,completed,2026-06-22T19:02:01.208332,2026-06-22T19:02:01.208332
1124,35,50,3,24.94,15,63.6,cancelled,2026-07-28T17:10:01.208332,2026-07-28T17:10:01.208332
1125,185,14,1,20.65,0,20.65,cancelled,2026-07-31T12:08:01.208332,2026-07-31T12:08:01.208332
1126,198,30,4,15.86,10,57.1,cancelled,2026-08-20T09:14:01.208332,2026-08-20T09:14:01.208332
1127,51,41,4,117.02,20,374.46,processing,2026-06-12T07:09:01.208332,2026-06-12T07:09:01.208332
1128,46,24,2,60.44,10,108.79,shipped,2026-08-18T14:20:01.208332,2026-08-18T14:20:01.208332
1129,288,92,1,16.89,0,16.89,processing,2026-04-09T15:14:01.208332,2026-04-09T15:14:01.208332
1130,157,43,4,193.8,5,736.44,completed,2026-07-09T02:39:01.208332,2026-07-09T02:39:01.208332
1131,10,45,3,66.28,0,198.84,completed,2026-06-17T10:02:01.208332,2026-06-17T10:02:01.208332
1132,121,65,3,210.38,20,504.91,cancelled,2026-03-06T21:17:01.208332,2026-03-06T21:17:01.208332
1133,132,50,1,24.94,10,22.45,completed,2026-08-15T09:07:01.208332,2026-08-15T09:07:01.208332
1134,116,20,3,40.55,5,115.57,completed,2026-06-23T04:32:01.208332,2026-06-23T04:32:01.208332
1135,45,94,4,91.68,10,330.05,cancelled,2026-08-17T11:19:01.208332,2026-08-17T11:19:01.208332
1136,314,81,2,137.86,5,261.93,processing,2026-04-08T08:31:01.208332,2026-04-08T08:31:01.208332
1137,79,55,3,62.66,10,169.18,shipped,2026-04-24T13:02:01.208332,2026-04-24T13:02:01.208332
1138,278,17,2,85.34,15,145.08,processing,2026-03-20T19:49:01.208332,2026-03-20T19:49:01.208332
1139,278,88,2,114.54,20,183.26,completed,2026-03-20T17:46:01.208332,2026-03-20T17:46:01.208332
1140,353,91,5,146.76,0,733.8,completed,2026-05-12T21:20:01.208332,2026-05-12T21:20:01.208332
1141,336,73,2,155.74,0,311.48,processing,2026-03-07T22:39:01.208332,2026-03-07T22:39:01.208332
1142,273,93,1,127.01,0,127.01,completed,2026-04-22T09:58:01.208332,2026-04-22T09:58:01.208332
1143,373,4,3,15.68,5,44.69,shipped,2026-08-17T13:53:01.208332,2026-08-17T13:53:01.208332
1144,156,57,3,183.8,0,551.4,completed,2026-07-15T10:20:01.208332,2026-07-15T10:20:01.208332
1145,55,17,2,85.34,0,170.68,processing,2026-07-12T09:33:01.208332,2026-07-12T09:33:01.208332
1146,316,35,5,196.82,10,885.69,completed,2026-06-15T01:49:01.208332,2026-06-15T01:49:01.208332
1147,306,30,2,15.86,15,26.96,completed,2026-02-28T08:19:01.208332,2026-02-28T08:19:01.208332
1148,41,89,4,214.41,0,857.64,processing,2026-05-26T01:03:01.208332,2026-05-26T01:03:01.208332
1149,241,92,3,16.89,0,50.67,shipped,2026-07-28T17:22:01.208332,2026-07-28T17:22:01.208332
1150,252,61,2,53.61,0,107.22,completed,2026-03-30T18:43:01.208332,2026-03-30T18:43:01.208332
1151,17,53,1,81.67,0,81.67,shipped,2026-08-15T13:50:01.208332,2026-08-15T13:50:01.208332
1152,114,96,2,67.93,20,108.69,completed,2026-04-01T20:06:01.208332,2026-04-01T20:06:01.208332
1153,91,57,5,183.8,5,873.05,completed,2026-06-28T19:41:01.208332,2026-06-28T19:41:01.208332
1154,444,59,2,152.05,5,288.89,completed,2026-05-08T07:15:01.208332,2026-05-08T07:15:01.208332
1155,312,95,4,12.44,15,42.3,shipped,2026-04-21T13:26:01.208332,2026-04-21T13:26:01.208332
1156,314,96,5,67.93,10,305.69,processing,2026-06-01T04:52:01.208332,2026-06-01T04:52:01.208332
1157,329,91,1,146.76,10,132.08,shipped,2026-03-15T11:58:01.208332,2026-03-15T11:58:01.208332
1158,234,6,2,94.28,10,169.7,shipped,2026-06-01T12:21:01.208332,2026-06-01T12:21:01.208332
1159,377,6,5,94.28,5,447.83,cancelled,2026-05-28T13:21:01.208332,2026-05-28T13:21:01.208332
1160,493,7,2,89.48,0,178.96,shipped,2026-05-14T14:48:01.208332,2026-05-14T14:48:01.208332
1161,453,39,3,247.09,5,704.21,shipped,2026-03-25T21:45:01.208332,2026-03-25T21:45:01.208332
1162,151,79,1,177.33,15,150.73,completed,2026-05-28T17:02:01.208332,2026-05-28T17:02:01.208332
1163,238,83,4,213.9,0,855.6,processing,2026-07-05T03:39:01.208332,2026-07-05T03:39:01.208332
1164,58,24,5,60.44,15,256.87,completed,2026-06-03T01:39:01.208332,2026-06-03T01:39:01.208332
1165,202,53,3,81.67,5,232.76,completed,2026-02-28T03:12:01.208332,2026-02-28T03:12:01.208332
1166,233,76,2,172.56,5,327.86,completed,2026-03-12T00:22:01.208332,2026-03-12T00:22:01.208332
1167,166,89,2,214.41,15,364.5,completed,2026-07-07T02:02:01.208332,2026-07-07T02:02:01.208332
1168,47,15,4,134.78,15,458.25,completed,2026-04-30T16:05:01.208332,2026-04-30T16:05:01.208332
1169,269,91,4,146.76,15,498.98,processing,2026-07-17T14:35:01.208332,2026-07-17T14:35:01.208332
1170,314,21,4,172.56,10,621.22,completed,2026-05-03T21:15:01.208332,2026-05-03T21:15:01.208332
1171,394,22,3,146.59,10,395.79,cancelled,2026-08-01T05:09:01.208332,2026-08-01T05:09:01.208332
1172,442,20,2,40.55,20,64.88,completed,2026-03-21T22:09:01.208332,2026-03-21T22:09:01.208332
1173,394,92,1,16.89,5,16.05,completed,2026-04-20T16:18:01.208332,2026-04-20T16:18:01.208332
1174,374,99,4,200.3,0,801.2,completed,2026-06-17T15:22:01.208332,2026-06-17T15:22:01.208332
1175,61,17,2,85.34,0,170.68,completed,2026-06-16T22:22:01.208332,2026-06-16T22:22:01.208332
1176,7,59,4,152.05,20,486.56,processing,2026-05-25T08:58:01.208332,2026-05-25T08:58:01.208332
1177,414,1,5,101.81,5,483.6,completed,2026-04-07T21:40:01.208332,2026-04-07T21:40:01.208332
1178,302,85,4,179.75,5,683.05,shipped,2026-05-09T06:20:01.208332,2026-05-09T06:20:01.208332
1179,41,77,5,235.95,0,1179.75,processing,2026-04-09T03:32:01.208332,2026-04-09T03:32:01.208332
1180,143,80,5,203.33,20,813.32,completed,2026-07-23T19:56:01.208332,2026-07-23T19:56:01.208332
1181,26,24,2,60.44,0,120.88,completed,2026-06-22T12:34:01.208332,2026-06-22T12:34:01.208332
1182,19,19,1,106.58,15,90.59,processing,2026-06-08T20:05:01.208332,2026-06-08T20:05:01.208332
1183,153,43,1,193.8,0,193.8,shipped,2026-03-15T10:06:01.208332,2026-03-15T10:06:01.208332
1184,92,21,3,172.56,10,465.91,cancelled,2026-06-23T21:59:01.208332,2026-06-23T21:59:01.208332
1185,359,77,5,235.95,20,943.8,completed,2026-06-05T22:33:01.208332,2026-06-05T22:33:01.208332
1186,495,59,5,152.05,0,760.25,completed,2026-08-12T04:03:01.208332,2026-08-12T04:03:01.208332
1187,48,99,3,200.3,0,600.9,shipped,2026-05-01T16:40:01.208332,2026-05-01T16:40:01.208332
1188,420,9,4,149.34,20,477.89,completed,2026-06-03T19:24:01.208332,2026-06-03T19:24:01.208332
1189,150,61,2,53.61,0,107.22,completed,2026-06-30T01:12:01.208332,2026-06-30T01:12:01.208332
1190,169,68,4,191.02,10,687.67,cancelled,2026-04-02T19:11:01.208332,2026-04-02T19:11:01.208332
1191,108,79,1,177.33,0,177.33,cancelled,2026-06-07T14:42:01.208332,2026-06-07T14:42:01.208332
1192,323,68,1,191.02,5,181.47,cancelled,2026-07-05T09:53:01.208332,2026-07-05T09:53:01.208332
1193,310,91,3,146.76,5,418.27,completed,2026-06-14T10:26:01.208332,2026-06-14T10:26:01.208332
1194,133,68,5,191.02,10,859.59,completed,2026-04-29T00:22:01.208332,2026-04-29T00:22:01.208332
1195,315,73,4,155.74,10,560.66,cancelled,2026-07-06T08:13:01.208332,2026-07-06T08:13:01.208332
1196,255,64,2,190.48,10,342.86,cancelled,2026-04-06T23:08:01.208332,2026-04-06T23:08:01.208332
1197,149,25,1,116.03,0,116.03,shipped,2026-02-27T23:09:01.208332,2026-02-27T23:09:01.208332
1198,321,16,2,113.51,20,181.62,shipped,2026-06-15T14:41:01.208332,2026-06-15T14:41:01.208332
1199,212,6,3,94.28,0,282.84,cancelled,2026-06-05T14:51:01.208332,2026-06-05T14:51:01.208332
1200,109,2,2,63.38,15,107.75,completed,2026-04-15T20:48:01.208332,2026-04-15T20:48:01.208332
1201,405,9,3,149.34,0,448.02,processing,2026-05-26T20:07:01.208332,2026-05-26T20:07:01.208332
1202,166,99,1,200.3,0,200.3,completed,2026-06-28T10:49:01.208332,2026-06-28T10:49:01.208332
1203,175,51,5,227.16,10,1022.22,completed,2026-08-17T09:09:01.208332,2026-08-17T09:09:01.208332
1204,427,23,2,210.09,0,420.18,completed,2026-07-25T09:24:01.208332,2026-07-25T09:24:01.208332
1205,473,87,4,203.97,5,775.09,completed,2026-07-18T17:37:01.208332,2026-07-18T17:37:01.208332
1206,331,18,4,131.71,0,526.84,shipped,2026-06-17T18:38:01.208332,2026-06-17T18:38:01.208332
1207,457,69,3,211.41,5,602.52,shipped,2026-07-16T07:40:01.208332,2026-07-16T07:40:01.208332
1208,476,96,1,67.93,20,54.34,completed,2026-05-29T10:58:01.208332,2026-05-29T10:58:01.208332
1209,290,93,3,127.01,10,342.93,completed,2026-06-01T03:41:01.208332,2026-06-01T03:41:01.208332
1210,107,74,3,241.53,20,579.67,completed,2026-08-09T09:14:01.208332,2026-08-09T09:14:01.208332
1211,34,20,3,40.55,20,97.32,completed,2026-03-01T06:33:01.208332,2026-03-01T06:33:01.208332
1212,193,81,5,137.86,20,551.44,processing,2026-03-25T19:29:01.208332,2026-03-25T19:29:01.208332
1213,311,50,2,24.94,10,44.89,completed,2026-03-16T20:52:01.208332,2026-03-16T20:52:01.208332
1214,362,41,1,117.02,0,117.02,completed,2026-05-09T22:35:01.208332,2026-05-09T22:35:01.208332
1215,255,31,3,156.71,5,446.62,completed,2026-07-24T14:19:01.208332,2026-07-24T14:19:01.208332
1216,111,68,3,191.02,0,573.06,completed,2026-03-16T00:42:01.208332,2026-03-16T00:42:01.208332
1217,402,5,2,88.78,0,177.56,processing,2026-05-15T09:14:01.208332,2026-05-15T09:14:01.208332
1218,13,62,5,88.56,0,442.8,completed,2026-03-30T05:24:01.208332,2026-03-30T05:24:01.208332
1219,473,62,5,88.56,0,442.8,completed,2026-07-14T18:43:01.208332,2026-07-14T18:43:01.208332
1220,74,99,1,200.3,20,160.24,processing,2026-08-21T09:59:01.208332,2026-08-21T09:59:01.208332
1221,347,17,2,85.34,15,145.08,shipped,2026-03-02T06:04:01.208332,2026-03-02T06:04:01.208332
1222,199,92,5,16.89,0,84.45,completed,2026-02-24T08:19:01.208332,2026-02-24T08:19:01.208332
1223,478,6,5,94.28,20,377.12,completed,2026-03-11T10:48:01.208332,2026-03-11T10:48:01.208332
1224,240,6,1,94.28,10,84.85,cancelled,2026-07-13T01:51:01.208332,2026-07-13T01:51:01.208332
1225,382,40,1,157.04,10,141.34,completed,2026-07-11T16:16:01.208332,2026-07-11T16:16:01.208332
1226,328,27,3,78.11,0,234.33,completed,2026-03-30T15:36:01.208332,2026-03-30T15:36:01.208332
1227,142,69,3,211.41,20,507.38,cancelled,2026-05-14T21:37:01.208332,2026-05-14T21:37:01.208332
1228,61,35,2,196.82,0,393.64,completed,2026-04-14T09:54:01.208332,2026-04-14T09:54:01.208332
1229,8,80,5,203.33,10,914.99,completed,2026-03-14T05:39:01.208332,2026-03-14T05:39:01.208332
1230,278,45,5,66.28,0,331.4,completed,2026-04-13T22:36:01.208332,2026-04-13T22:36:01.208332
1231,483,91,3,146.76,10,396.25,completed,2026-04-09T04:01:01.208332,2026-04-09T04:01:01.208332
1232,37,40,5,157.04,0,785.2,shipped,2026-06-02T00:11:01.208332,2026-06-02T00:11:01.208332
1233,26,17,1,85.34,5,81.07,cancelled,2026-08-07T00:54:01.208332,2026-08-07T00:54:01.208332
1234,26,14,4,20.65,0,82.6,shipped,2026-03-11T06:37:01.208332,2026-03-11T06:37:01.208332
1235,201,23,5,210.09,10,945.41,cancelled,2026-06-18T04:33:01.208332,2026-06-18T04:33:01.208332
1236,359,58,5,245.37,0,1226.85,completed,2026-04-21T11:26:01.208332,2026-04-21T11:26:01.208332
1237,419,26,5,123.56,0,617.8,shipped,2026-08-19T20:26:01.208332,2026-08-19T20:26:01.208332
1238,291,17,1,85.34,20,68.27,cancelled,2026-07-19T15:53:01.208332,2026-07-19T15:53:01.208332
1239,240,13,4,225.88,0,903.52,cancelled,2026-06-28T04:53:01.208332,2026-06-28T04:53:01.208332
1240,364,99,4,200.3,5,761.14,completed,2026-04-06T18:39:01.208332,2026-04-06T18:39:01.208332
1241,74,79,3,177.33,0,531.99,completed,2026-05-05T23:22:01.208332,2026-05-05T23:22:01.208332
1242,359,86,3,186.11,20,446.66,completed,2026-07-30T07:13:01.208332,2026-07-30T07:13:01.208332
1243,233,63,1,91.0,0,91.0,completed,2026-05-21T03:08:01.208332,2026-05-21T03:08:01.208332
1244,180,62,4,88.56,20,283.39,completed,2026-03-26T16:36:01.208332,2026-03-26T16:36:01.208332
1245,394,45,5,66.28,10,298.26,processing,2026-03-18T18:57:01.208332,2026-03-18T18:57:01.208332
1246,53,52,1,101.29,0,101.29,cancelled,2026-06-04T20:13:01.208332,2026-06-04T20:13:01.208332
1247,37,39,5,247.09,5,1173.68,processing,2026-05-07T13:33:01.208332,2026-05-07T13:33:01.208332
1248,212,31,5,156.71,0,783.55,completed,2026-06-03T08:23:01.208332,2026-06-03T08:23:01.208332
1249,499,62,4,88.56,0,354.24,completed,2026-04-26T14:58:01.208332,2026-04-26T14:58:01.208332
1250,417,89,5,214.41,5,1018.45,shipped,2026-07-16T09:05:01.208332,2026-07-16T09:05:01.208332
1251,291,44,5,75.9,15,322.57,completed,2026-04-07T14:08:01.208332,2026-04-07T14:08:01.208332
1252,340,86,1,186.11,15,158.19,cancelled,2026-08-12T01:22:01.208332,2026-08-12T01:22:01.208332
1253,294,63,1,91.0,10,81.9,shipped,2026-06-12T02:39:01.208332,2026-06-12T02:39:01.208332
1254,167,72,1,194.06,20,155.25,completed,2026-05-15T15:32:01.208332,2026-05-15T15:32:01.208332
1255,158,52,1,101.29,10,91.16,cancelled,2026-03-15T09:28:01.208332,2026-03-15T09:28:01.208332
1256,417,77,4,235.95,0,943.8,cancelled,2026-05-24T13:58:01.208332,2026-05-24T13:58:01.208332
1257,339,8,1,220.49,0,220.49,completed,2026-07-22T08:02:01.208332,2026-07-22T08:02:01.208332
1258,455,75,1,16.16,20,12.93,cancelled,2026-03-22T07:25:01.208332,2026-03-22T07:25:01.208332
1259,77,58,5,245.37,0,1226.85,processing,2026-05-05T14:13:01.208332,2026-05-05T14:13:01.208332
1260,296,58,2,245.37,0,490.74,completed,2026-06-27T15:57:01.208332,2026-06-27T15:57:01.208332
1261,154,73,3,155.74,5,443.86,completed,2026-07-04T06:26:01.208332,2026-07-04T06:26:01.208332
1262,46,75,1,16.16,10,14.54,processing,2026-08-22T04:06:01.208332,2026-08-22T04:06:01.208332
1263,207,17,3,85.34,0,256.02,processing,2026-05-01T19:31:01.208332,2026-05-01T19:31:01.208332
1264,496,7,1,89.48,15,76.06,completed,2026-06-05T13:10:01.208332,2026-06-05T13:10:01.208332
1265,57,37,1,143.78,0,143.78,cancelled,2026-05-13T04:33:01.208332,2026-05-13T04:33:01.208332
1266,303,51,3,227.16,15,579.26,shipped,2026-05-04T06:48:01.208332,2026-05-04T06:48:01.208332
1267,196,56,5,16.97,0,84.85,completed,2026-06-24T04:49:01.208332,2026-06-24T04:49:01.208332
1268,244,18,2,131.71,10,237.08,completed,2026-05-04T14:41:01.208332,2026-05-04T14:41:01.208332
1269,431,54,2,139.17,0,278.34,cancelled,2026-08-01T11:24:01.208332,2026-08-01T11:24:01.208332
1270,65,18,1,131.71,0,131.71,completed,2026-06-21T15:13:01.208332,2026-06-21T15:13:01.208332
1271,74,93,4,127.01,15,431.83,completed,2026-05-14T02:29:01.208332,2026-05-14T02:29:01.208332
1272,44,18,4,131.71,20,421.47,cancelled,2026-05-17T14:47:01.208332,2026-05-17T14:47:01.208332
1273,310,55,5,62.66,0,313.3,processing,2026-05-17T07:38:01.208332,2026-05-17T07:38:01.208332
1274,218,71,4,237.46,5,902.35,completed,2026-04-29T06:43:01.208332,2026-04-29T06:43:01.208332
1275,96,55,5,62.66,0,313.3,shipped,2026-06-08T19:25:01.208332,2026-06-08T19:25:01.208332
1276,434,94,2,91.68,15,155.86,completed,2026-05-25T22:27:01.208332,2026-05-25T22:27:01.208332
1277,211,70,5,40.29,0,201.45,completed,2026-03-01T16:33:01.208332,2026-03-01T16:33:01.208332
1278,291,62,3,88.56,0,265.68,shipped,2026-06-09T05:35:01.208332,2026-06-09T05:35:01.208332
1279,493,89,1,214.41,0,214.41,cancelled,2026-07-06T12:35:01.208332,2026-07-06T12:35:01.208332
1280,270,97,3,143.24,5,408.23,completed,2026-05-28T16:57:01.208332,2026-05-28T16:57:01.208332
1281,268,79,1,177.33,0,177.33,cancelled,2026-05-20T14:32:01.208332,2026-05-20T14:32:01.208332
1282,380,85,1,179.75,15,152.79,processing,2026-06-18T22:59:01.208332,2026-06-18T22:59:01.208332
1283,409,75,3,16.16,10,43.63,completed,2026-03-05T04:56:01.208332,2026-03-05T04:56:01.208332
1284,274,100,1,63.18,5,60.02,processing,2026-05-17T06:04:01.208332,2026-05-17T06:04:01.208332
1285,464,61,5,53.61,15,227.84,shipped,2026-04-24T22:46:01.208332,2026-04-24T22:46:01.208332
1286,181,38,3,42.0,0,126.0,cancelled,2026-03-02T00:42:01.208332,2026-03-02T00:42:01.208332
1287,473,77,3,235.95,15,601.67,processing,2026-07-16T12:10:01.208332,2026-07-16T12:10:01.208332
1288,134,8,4,220.49,10,793.76,processing,2026-03-26T09:05:01.208332,2026-03-26T09:05:01.208332
1289,27,85,3,179.75,20,431.4,processing,2026-07-07T20:01:01.208332,2026-07-07T20:01:01.208332
1290,14,37,4,143.78,0,575.12,processing,2026-03-18T16:27:01.208332,2026-03-18T16:27:01.208332
1291,40,36,3,202.99,0,608.97,completed,2026-06-15T16:49:01.208332,2026-06-15T16:49:01.208332
1292,141,33,1,128.65,15,109.35,processing,2026-03-15T21:44:01.208332,2026-03-15T21:44:01.208332
1293,90,76,2,172.56,15,293.35,completed,2026-05-15T21:49:01.208332,2026-05-15T21:49:01.208332
1294,414,23,3,210.09,20,504.22,completed,2026-07-01T04:05:01.208332,2026-07-01T04:05:01.208332
1295,249,24,5,60.44,20,241.76,completed,2026-03-01T14:56:01.208332,2026-03-01T14:56:01.208332
1296,44,19,5,106.58,20,426.32,shipped,2026-03-23T15:51:01.208332,2026-03-23T15:51:01.208332
1297,386,53,4,81.67,0,326.68,shipped,2026-06-23T20:51:01.208332,2026-06-23T20:51:01.208332
1298,372,82,2,131.43,0,262.86,cancelled,2026-06-08T18:37:01.208332,2026-06-08T18:37:01.208332
1299,432,45,1,66.28,15,56.34,completed,2026-04-12T17:31:01.208332,2026-04-12T17:31:01.208332
1300,27,22,4,146.59,5,557.04,completed,2026-05-21T07:03:01.208332,2026-05-21T07:03:01.208332
1301,244,96,5,67.93,0,339.65,cancelled,2026-05-03T17:44:01.208332,2026-05-03T17:44:01.208332
1302,362,50,4,24.94,0,99.76,processing,2026-03-22T00:32:01.208332,2026-03-22T00:32:01.208332
1303,446,56,1,16.97,0,16.97,shipped,2026-08-11T09:27:01.208332,2026-08-11T09:27:01.208332
1304,196,87,3,203.97,10,550.72,completed,2026-06-27T21:53:01.208332,2026-06-27T21:53:01.208332
1305,50,69,3,211.41,20,507.38,processing,2026-05-13T04:52:01.208332,2026-05-13T04:52:01.208332
1306,471,84,3,114.05,0,342.15,completed,2026-04-13T19:26:01.208332,2026-04-13T19:26:01.208332
1307,411,13,3,225.88,15,575.99,shipped,2026-06-09T22:40:01.208332,2026-06-09T22:40:01.208332
1308,237,99,2,200.3,15,340.51,processing,2026-06-25T21:53:01.208332,2026-06-25T21:53:01.208332
1309,395,25,5,116.03,0,580.15,cancelled,2026-06-26T23:21:01.208332,2026-06-26T23:21:01.208332
1310,93,41,5,117.02,0,585.1,completed,2026-06-26T01:52:01.208332,2026-06-26T01:52:01.208332
1311,426,9,1,149.34,5,141.87,processing,2026-03-13T09:13:01.208332,2026-03-13T09:13:01.208332
1312,54,88,4,114.54,0,458.16,cancelled,2026-04-04T13:00:01.208332,2026-04-04T13:00:01.208332
1313,146,33,2,128.65,0,257.3,processing,2026-02-27T21:54:01.208332,2026-02-27T21:54:01.208332
1314,48,8,5,220.49,15,937.08,completed,2026-08-05T08:10:01.208332,2026-08-05T08:10:01.208332
1315,487,77,1,235.95,15,200.56,completed,2026-08-16T23:02:01.208332,2026-08-16T23:02:01.208332
1316,45,78,2,152.1,5,288.99,cancelled,2026-06-23T02:11:01.208332,2026-06-23T02:11:01.208332
1317,290,24,1,60.44,15,51.37,completed,2026-03-29T03:25:01.208332,2026-03-29T03:25:01.208332
1318,151,60,1,164.26,15,139.62,completed,2026-05-17T03:29:01.208332,2026-05-17T03:29:01.208332
1319,394,55,3,62.66,0,187.98,completed,2026-03-25T02:00:01.208332,2026-03-25T02:00:01.208332
1320,142,100,1,63.18,5,60.02,completed,2026-05-05T08:08:01.208332,2026-05-05T08:08:01.208332
1321,31,34,3,167.45,0,502.35,completed,2026-05-14T19:16:01.208332,2026-05-14T19:16:01.208332
1322,252,26,5,123.56,5,586.91,cancelled,2026-03-28T01:59:01.208332,2026-03-28T01:59:01.208332
1323,252,14,2,20.65,10,37.17,shipped,2026-07-13T12:54:01.208332,2026-07-13T12:54:01.208332
1324,112,79,1,177.33,5,168.46,completed,2026-07-03T19:59:01.208332,2026-07-03T19:59:01.208332
1325,53,5,1,88.78,0,88.78,cancelled,2026-06-07T14:36:01.208332,2026-06-07T14:36:01.208332
1326,129,100,4,63.18,0,252.72,shipped,2026-08-05T19:17:01.208332,2026-08-05T19:17:01.208332
1327,77,84,1,114.05,0,114.05,shipped,2026-06-24T14:04:01.208332,2026-06-24T14:04:01.208332
1328,137,20,3,40.55,5,115.57,completed,2026-06-08T05:00:01.208332,2026-06-08T05:00:01.208332
1329,264,91,4,146.76,5,557.69,shipped,2026-05-13T23:31:01.208332,2026-05-13T23:31:01.208332
1330,433,94,1,91.68,10,82.51,completed,2026-04-05T17:06:01.208332,2026-04-05T17:06:01.208332
1331,197,89,4,214.41,0,857.64,processing,2026-06-06T20:41:01.208332,2026-06-06T20:41:01.208332
1332,479,46,3,224.33,15,572.04,shipped,2026-04-19T17:26:01.208332,2026-04-19T17:26:01.208332
1333,29,81,1,137.86,0,137.86,completed,2026-05-31T22:11:01.208332,2026-05-31T22:11:01.208332
1334,42,59,3,152.05,15,387.73,completed,2026-04-01T13:48:01.208332,2026-04-01T13:48:01.208332
1335,284,6,4,94.28,15,320.55,completed,2026-03-30T08:52:01.208332,2026-03-30T08:52:01.208332
1336,357,50,1,24.94,15,21.2,completed,2026-06-28T23:57:01.208332,2026-06-28T23:57:01.208332
1337,250,11,4,184.85,15,628.49,completed,2026-03-30T02:08:01.208332,2026-03-30T02:08:01.208332
1338,19,25,1,116.03,15,98.63,completed,2026-06-11T12:59:01.208332,2026-06-11T12:59:01.208332
1339,251,50,1,24.94,20,19.95,cancelled,2026-06-02T00:04:01.208332,2026-06-02T00:04:01.208332
1340,158,64,5,190.48,20,761.92,shipped,2026-07-21T09:04:01.208332,2026-07-21T09:04:01.208332
1341,495,3,1,83.25,0,83.25,completed,2026-03-05T19:16:01.208332,2026-03-05T19:16:01.208332
1342,404,93,1,127.01,5,120.66,completed,2026-03-17T02:44:01.208332,2026-03-17T02:44:01.208332
1343,414,84,5,114.05,5,541.74,cancelled,2026-08-13T17:40:01.208332,2026-08-13T17:40:01.208332
1344,446,69,2,211.41,15,359.4,completed,2026-06-09T01:34:01.208332,2026-06-09T01:34:01.208332
1345,474,10,1,36.02,15,30.62,shipped,2026-03-21T08:59:01.208332,2026-03-21T08:59:01.208332
1346,335,3,4,83.25,10,299.7,completed,2026-03-03T22:28:01.208332,2026-03-03T22:28:01.208332
1347,360,84,2,114.05,0,228.1,cancelled,2026-03-26T22:56:01.208332,2026-03-26T22:56:01.208332
1348,26,40,1,157.04,5,149.19,completed,2026-06-14T20:51:01.208332,2026-06-14T20:51:01.208332
1349,428,76,1,172.56,20,138.05,completed,2026-07-22T09:56:01.208332,2026-07-22T09:56:01.208332
1350,59,64,5,190.48,20,761.92,completed,2026-06-15T16:05:01.208332,2026-06-15T16:05:01.208332
1351,33,26,4,123.56,0,494.24,cancelled,2026-07-21T07:57:01.208332,2026-07-21T07:57:01.208332
1352,348,52,3,101.29,0,303.87,cancelled,2026-08-20T05:56:01.208332,2026-08-20T05:56:01.208332
1353,295,70,2,40.29,0,80.58,completed,2026-07-25T20:46:01.208332,2026-07-25T20:46:01.208332
1354,392,6,5,94.28,0,471.4,completed,2026-04-25T16:12:01.208332,2026-04-25T16:12:01.208332
1355,62,36,2,202.99,20,324.78,completed,2026-05-10T04:12:01.208332,2026-05-10T04:12:01.208332
1356,357,48,5,179.54,0,897.7,completed,2026-05-14T10:54:01.208332,2026-05-14T10:54:01.208332
1357,474,75,1,16.16,0,16.16,cancelled,2026-03-13T19:07:01.208332,2026-03-13T19:07:01.208332
1358,314,49,2,107.82,0,215.64,shipped,2026-08-02T17:30:01.208332,2026-08-02T17:30:01.208332
1359,42,1,1,101.81,0,101.81,completed,2026-08-11T04:43:01.208332,2026-08-11T04:43:01.208332
1360,362,84,5,114.05,0,570.25,cancelled,2026-05-10T08:52:01.208332,2026-05-10T08:52:01.208332
1361,414,99,4,200.3,15,681.02,completed,2026-03-18T16:46:01.208332,2026-03-18T16:46:01.208332
1362,74,82,3,131.43,10,354.86,shipped,2026-05-16T14:16:01.208332,2026-05-16T14:16:01.208332
1363,123,23,5,210.09,15,892.88,processing,2026-03-02T10:44:01.208332,2026-03-02T10:44:01.208332
1364,93,92,4,16.89,10,60.8,completed,2026-08-15T14:16:01.208332,2026-08-15T14:16:01.208332
1365,322,39,3,247.09,5,704.21,processing,2026-02-24T10:20:01.208332,2026-02-24T10:20:01.208332
1366,121,25,1,116.03,10,104.43,completed,2026-08-20T10:02:01.208332,2026-08-20T10:02:01.208332
1367,317,47,5,46.2,10,207.9,shipped,2026-04-04T12:23:01.208332,2026-04-04T12:23:01.208332
1368,395,81,2,137.86,0,275.72,completed,2026-03-05T06:13:01.208332,2026-03-05T06:13:01.208332
1369,58,20,4,40.55,5,154.09,completed,2026-03-27T16:44:01.208332,2026-03-27T16:44:01.208332
1370,344,6,1,94.28,15,80.14,completed,2026-04-30T21:33:01.208332,2026-04-30T21:33:01.208332
1371,108,56,3,16.97,0,50.91,shipped,2026-06-15T21:17:01.208332,2026-06-15T21:17:01.208332
1372,23,14,1,20.65,10,18.59,completed,2026-03-27T14:49:01.208332,2026-03-27T14:49:01.208332
1373,403,4,4,15.68,10,56.45,completed,2026-03-16T17:27:01.208332,2026-03-16T17:27:01.208332
1374,459,31,4,156.71,10,564.16,completed,2026-06-09T03:23:01.208332,2026-06-09T03:23:01.208332
1375,215,26,3,123.56,0,370.68,completed,2026-07-15T09:45:01.208332,2026-07-15T09:45:01.208332
1376,167,30,1,15.86,0,15.86,shipped,2026-07-07T21:38:01.208332,2026-07-07T21:38:01.208332
1377,446,26,4,123.56,0,494.24,shipped,2026-03-08T23:37:01.208332,2026-03-08T23:37:01.208332
1378,300,63,1,91.0,5,86.45,completed,2026-03-21T23:37:01.208332,2026-03-21T23:37:01.208332
1379,476,79,4,177.33,0,709.32,completed,2026-05-05T02:38:01.208332,2026-05-05T02:38:01.208332
1380,70,59,2,152.05,15,258.49,completed,2026-04-29T21:04:01.208332,2026-04-29T21:04:01.208332
1381,104,43,2,193.8,0,387.6,processing,2026-06-29T14:40:01.208332,2026-06-29T14:40:01.208332
1382,31,36,2,202.99,0,405.98,shipped,2026-07-28T15:17:01.208332,2026-07-28T15:17:01.208332
1383,235,54,2,139.17,20,222.67,completed,2026-04-27T03:28:01.208332,2026-04-27T03:28:01.208332
1384,454,38,5,42.0,0,210.0,cancelled,2026-07-17T07:56:01.208332,2026-07-17T07:56:01.208332
1385,488,79,2,177.33,10,319.19,processing,2026-08-19T04:57:01.208332,2026-08-19T04:57:01.208332
1386,438,30,1,15.86,5,15.07,processing,2026-07-29T14:32:01.208332,2026-07-29T14:32:01.208332
1387,251,28,5,206.42,5,980.49,shipped,2026-07-25T23:13:01.208332,2026-07-25T23:13:01.208332
1388,143,2,4,63.38,15,215.49,completed,2026-08-01T10:48:01.208332,2026-08-01T10:48:01.208332
1389,127,42,4,118.02,10,424.87,processing,2026-04-05T02:04:01.208332,2026-04-05T02:04:01.208332
1390,485,20,5,40.55,0,202.75,completed,2026-05-10T15:38:01.208332,2026-05-10T15:38:01.208332
1391,21,61,5,53.61,0,268.05,processing,2026-05-12T02:16:01.208332,2026-05-12T02:16:01.208332
1392,202,62,1,88.56,5,84.13,completed,2026-05-24T18:18:01.208332,2026-05-24T18:18:01.208332
1393,43,72,1,194.06,15,164.95,shipped,2026-07-06T19:35:01.208332,2026-07-06T19:35:01.208332
1394,487,28,2,206.42,0,412.84,completed,2026-04-18T10:41:01.208332,2026-04-18T10:41:01.208332
1395,332,12,1,155.49,5,147.72,completed,2026-06-25T09:25:01.208332,2026-06-25T09:25:01.208332
1396,83,91,4,146.76,20,469.63,cancelled,2026-06-07T10:23:01.208332,2026-06-07T10:23:01.208332
1397,299,4,4,15.68,5,59.58,completed,2026-07-14T02:33:01.208332,2026-07-14T02:33:01.208332
1398,448,91,4,146.76,0,587.04,completed,2026-07-17T09:18:01.208332,2026-07-17T09:18:01.208332
1399,321,60,1,164.26,20,131.41,completed,2026-06-17T19:06:01.208332,2026-06-17T19:06:01.208332
1400,198,89,3,214.41,10,578.91,completed,2026-03-01T13:17:01.208332,2026-03-01T13:17:01.208332
1401,219,97,3,143.24,15,365.26,processing,2026-08-14T19:55:01.208332,2026-08-14T19:55:01.208332
1402,278,74,2,241.53,20,386.45,completed,2026-06-28T05:42:01.208332,2026-06-28T05:42:01.208332
1403,318,43,1,193.8,10,174.42,cancelled,2026-08-14T16:32:01.208332,2026-08-14T16:32:01.208332
1404,187,7,1,89.48,5,85.01,shipped,2026-05-01T03:39:01.208332,2026-05-01T03:39:01.208332
1405,317,6,3,94.28,0,282.84,cancelled,2026-03-27T12:07:01.208332,2026-03-27T12:07:01.208332
1406,287,91,1,146.76,10,132.08,completed,2026-07-02T17:30:01.208332,2026-07-02T17:30:01.208332
1407,71,43,2,193.8,10,348.84,cancelled,2026-03-16T06:30:01.208332,2026-03-16T06:30:01.208332
1408,245,95,5,12.44,20,49.76,cancelled,2026-08-17T04:45:01.208332,2026-08-17T04:45:01.208332
1409,108,97,2,143.24,0,286.48,completed,2026-04-28T19:23:01.208332,2026-04-28T19:23:01.208332
1410,258,88,4,114.54,0,458.16,completed,2026-03-05T12:18:01.208332,2026-03-05T12:18:01.208332
1411,191,45,4,66.28,5,251.86,processing,2026-05-25T21:14:01.208332,2026-05-25T21:14:01.208332
1412,425,16,4,113.51,15,385.93,cancelled,2026-05-31T10:17:01.208332,2026-05-31T10:17:01.208332
1413,423,69,3,211.41,5,602.52,completed,2026-06-16T15:20:01.208332,2026-06-16T15:20:01.208332
1414,410,87,1,203.97,0,203.97,shipped,2026-08-04T23:09:01.208332,2026-08-04T23:09:01.208332
1415,45,11,4,184.85,0,739.4,completed,2026-04-17T02:17:01.208332,2026-04-17T02:17:01.208332
1416,56,22,3,146.59,0,439.77,completed,2026-06-30T11:57:01.208332,2026-06-30T11:57:01.208332
1417,255,20,2,40.55,10,72.99,cancelled,2026-08-15T22:10:01.208332,2026-08-15T22:10:01.208332
1418,12,38,4,42.0,15,142.8,completed,2026-06-02T03:55:01.208332,2026-06-02T03:55:01.208332
1419,243,45,4,66.28,5,251.86,cancelled,2026-07-07T21:28:01.208332,2026-07-07T21:28:01.208332
1420,11,38,2,42.0,0,84.0,completed,2026-02-27T14:38:01.208332,2026-02-27T14:38:01.208332
1421,428,67,3,63.81,5,181.86,completed,2026-06-08T22:45:01.208332,2026-06-08T22:45:01.208332
1422,336,83,3,213.9,5,609.62,cancelled,2026-06-11T14:47:01.208332,2026-06-11T14:47:01.208332
1423,357,68,5,191.02,5,907.35,completed,2026-05-17T23:25:01.208332,2026-05-17T23:25:01.208332
1424,291,17,3,85.34,0,256.02,completed,2026-07-17T06:43:01.208332,2026-07-17T06:43:01.208332
1425,117,62,3,88.56,0,265.68,completed,2026-07-13T17:27:01.208332,2026-07-13T17:27:01.208332
1426,76,46,3,224.33,5,639.34,completed,2026-08-16T16:07:01.208332,2026-08-16T16:07:01.208332
1427,317,21,5,172.56,0,862.8,completed,2026-03-28T18:45:01.208332,2026-03-28T18:45:01.208332
1428,430,91,2,146.76,0,293.52,completed,2026-04-07T21:47:01.208332,2026-04-07T21:47:01.208332
1429,22,41,5,117.02,0,585.1,completed,2026-05-14T20:38:01.208332,2026-05-14T20:38:01.208332
1430,190,24,2,60.44,10,108.79,completed,2026-07-02T07:53:01.208332,2026-07-02T07:53:01.208332
1431,341,41,3,117.02,0,351.06,shipped,2026-05-02T11:39:01.208332,2026-05-02T11:39:01.208332
1432,277,21,5,172.56,0,862.8,completed,2026-03-17T17:09:01.208332,2026-03-17T17:09:01.208332
1433,208,64,2,190.48,5,361.91,completed,2026-08-11T12:02:01.208332,2026-08-11T12:02:01.208332
1434,80,1,5,101.81,10,458.15,cancelled,2026-04-24T21:45:01.208332,2026-04-24T21:45:01.208332
1435,362,38,4,42.0,0,168.0,processing,2026-08-19T02:38:01.208332,2026-08-19T02:38:01.208332
1436,342,19,5,106.58,15,452.96,shipped,2026-08-07T16:35:01.208332,2026-08-07T16:35:01.208332
1437,174,89,1,214.41,15,182.25,completed,2026-05-21T19:04:01.208332,2026-05-21T19:04:01.208332
1438,72,87,5,203.97,0,1019.85,completed,2026-04-20T16:23:01.208332,2026-04-20T16:23:01.208332
1439,206,80,2,203.33,5,386.33,completed,2026-04-29T15:50:01.208332,2026-04-29T15:50:01.208332
1440,168,8,5,220.49,15,937.08,processing,2026-03-31T02:59:01.208332,2026-03-31T02:59:01.208332
1441,270,29,3,63.91,0,191.73,completed,2026-02-27T16:52:01.208332,2026-02-27T16:52:01.208332
1442,276,58,1,245.37,10,220.83,completed,2026-05-06T09:37:01.208332,2026-05-06T09:37:01.208332
1443,252,41,5,117.02,10,526.59,completed,2026-05-27T17:23:01.208332,2026-05-27T17:23:01.208332
1444,466,86,3,186.11,5,530.41,cancelled,2026-03-22T12:45:01.208332,2026-03-22T12:45:01.208332
1445,438,55,3,62.66,5,178.58,completed,2026-05-02T11:17:01.208332,2026-05-02T11:17:01.208332
1446,146,45,3,66.28,0,198.84,shipped,2026-08-20T13:13:01.208332,2026-08-20T13:13:01.208332
1447,448,72,1,194.06,0,194.06,shipped,2026-07-06T02:24:01.208332,2026-07-06T02:24:01.208332
1448,380,54,4,139.17,0,556.68,cancelled,2026-03-25T09:58:01.208332,2026-03-25T09:58:01.208332
1449,497,55,4,62.66,0,250.64,processing,2026-07-25T16:46:01.208332,2026-07-25T16:46:01.208332
1450,307,12,2,155.49,0,310.98,shipped,2026-04-19T19:12:01.208332,2026-04-19T19:12:01.208332
1451,445,68,3,191.02,0,573.06,processing,2026-08-12T11:22:01.208332,2026-08-12T11:22:01.208332
1452,388,49,1,107.82,0,107.82,cancelled,2026-05-09T03:19:01.208332,2026-05-09T03:19:01.208332
1453,469,35,4,196.82,0,787.28,shipped,2026-06-04T18:45:01.208332,2026-06-04T18:45:01.208332
1454,364,73,2,155.74,0,311.48,shipped,2026-03-29T11:02:01.208332,2026-03-29T11:02:01.208332
1455,149,71,4,237.46,0,949.84,completed,2026-07-23T09:13:01.208332,2026-07-23T09:13:01.208332
1456,428,75,3,16.16,5,46.06,cancelled,2026-06-05T09:54:01.208332,2026-06-05T09:54:01.208332
1457,238,29,1,63.91,20,51.13,completed,2026-02-24T01:03:01.208332,2026-02-24T01:03:01.208332
1458,135,39,4,247.09,0,988.36,cancelled,2026-06-22T14:55:01.208332,2026-06-22T14:55:01.208332
1459,458,37,4,143.78,0,575.12,cancelled,2026-05-24T03:27:01.208332,2026-05-24T03:27:01.208332
1460,331,32,1,109.47,0,109.47,completed,2026-07-12T19:28:01.208332,2026-07-12T19:28:01.208332
1461,253,9,5,149.34,15,634.7,processing,2026-04-30T10:55:01.208332,2026-04-30T10:55:01.208332
1462,247,73,4,155.74,20,498.37,cancelled,2026-04-11T13:11:01.208332,2026-04-11T13:11:01.208332
1463,352,61,1,53.61,0,53.61,cancelled,2026-05-27T21:37:01.208332,2026-05-27T21:37:01.208332
1464,295,3,3,83.25,0,249.75,completed,2026-06-09T11:39:01.208332,2026-06-09T11:39:01.208332
1465,75,41,4,117.02,15,397.87,completed,2026-03-20T06:21:01.208332,2026-03-20T06:21:01.208332
1466,84,7,3,89.48,0,268.44,cancelled,2026-05-10T23:15:01.208332,2026-05-10T23:15:01.208332
1467,467,46,1,224.33,0,224.33,processing,2026-04-17T16:39:01.208332,2026-04-17T16:39:01.208332
1468,328,10,5,36.02,0,180.1,cancelled,2026-07-13T03:00:01.208332,2026-07-13T03:00:01.208332
1469,94,98,1,165.02,10,148.52,completed,2026-07-10T14:39:01.208332,2026-07-10T14:39:01.208332
1470,279,42,3,118.02,20,283.25,cancelled,2026-07-27T10:12:01.208332,2026-07-27T10:12:01.208332
1471,410,39,3,247.09,15,630.08,cancelled,2026-06-30T15:49:01.208332,2026-06-30T15:49:01.208332
1472,186,13,5,225.88,10,1016.46,completed,2026-04-28T14:39:01.208332,2026-04-28T14:39:01.208332
1473,7,18,5,131.71,0,658.55,shipped,2026-05-02T12:05:01.208332,2026-05-02T12:05:01.208332
1474,211,44,2,75.9,0,151.8,completed,2026-04-04T06:16:01.208332,2026-04-04T06:16:01.208332
1475,258,29,2,63.91,20,102.26,processing,2026-08-05T21:40:01.208332,2026-08-05T21:40:01.208332
1476,315,89,5,214.41,20,857.64,cancelled,2026-05-31T11:07:01.208332,2026-05-31T11:07:01.208332
1477,283,90,1,221.59,5,210.51,completed,2026-05-18T10:17:01.208332,2026-05-18T10:17:01.208332
1478,60,17,1,85.34,5,81.07,completed,2026-04-27T23:43:01.208332,2026-04-27T23:43:01.208332
1479,354,47,2,46.2,20,73.92,processing,2026-05-15T01:13:01.208332,2026-05-15T01:13:01.208332
1480,268,98,3,165.02,0,495.06,completed,2026-07-02T19:56:01.208332,2026-07-02T19:56:01.208332
1481,15,96,1,67.93,0,67.93,cancelled,2026-03-19T00:43:01.208332,2026-03-19T00:43:01.208332
1482,73,89,2,214.41,0,428.82,completed,2026-03-18T10:00:01.208332,2026-03-18T10:00:01.208332
1483,67,11,4,184.85,15,628.49,completed,2026-07-12T12:04:01.208332,2026-07-12T12:04:01.208332
1484,40,3,4,83.25,20,266.4,completed,2026-05-13T02:30:01.208332,2026-05-13T02:30:01.208332
1485,101,14,1,20.65,20,16.52,processing,2026-06-23T17:01:01.208332,2026-06-23T17:01:01.208332
1486,304,8,4,220.49,0,881.96,completed,2026-08-07T23:47:01.208332,2026-08-07T23:47:01.208332
1487,23,9,3,149.34,15,380.82,completed,2026-02-25T11:14:01.208332,2026-02-25T11:14:01.208332
1488,401,16,5,113.51,0,567.55,completed,2026-06-10T13:38:01.208332,2026-06-10T13:38:01.208332
1489,95,86,3,186.11,0,558.33,completed,2026-03-12T02:59:01.208332,2026-03-12T02:59:01.208332
1490,434,96,3,67.93,10,183.41,completed,2026-04-27T22:05:01.208332,2026-04-27T22:05:01.208332
1491,83,65,5,210.38,0,1051.9,processing,2026-05-26T12:20:01.208332,2026-05-26T12:20:01.208332
1492,35,13,5,225.88,20,903.52,processing,2026-02-26T03:27:01.208332,2026-02-26T03:27:01.208332
1493,112,92,2,16.89,0,33.78,processing,2026-03-26T20:51:01.208332,2026-03-26T20:51:01.208332
1494,3,93,1,127.01,0,127.01,processing,2026-08-10T03:59:01.208332,2026-08-10T03:59:01.208332
1495,436,91,4,146.76,0,587.04,processing,2026-06-30T16:33:01.208332,2026-06-30T16:33:01.208332
1496,95,57,1,183.8,0,183.8,completed,2026-07-25T13:24:01.208332,2026-07-25T13:24:01.208332
1497,195,55,2,62.66,10,112.79,shipped,2026-04-06T00:33:01.208332,2026-04-06T00:33:01.208332
1498,58,98,3,165.02,0,495.06,completed,2026-05-19T09:55:01.208332,2026-05-19T09:55:01.208332
1499,267,18,4,131.71,20,421.47,cancelled,2026-04-30T08:41:01.208332,2026-04-30T08:41:01.208332
1500,148,72,1,194.06,0,194.06,shipped,2026-04-24T07:55:01.208332,2026-04-24T07:55:01.208332
1501,60,50,3,24.94,5,71.08,cancelled,2026-06-12T21:30:01.208332,2026-06-12T21:30:01.208332
1502,160,88,4,114.54,0,458.16,shipped,2026-06-04T10:27:01.208332,2026-06-04T10:27:01.208332
1503,149,55,2,62.66,20,100.26,shipped,2026-03-08T06:29:01.208332,2026-03-08T06:29:01.208332
1504,481,87,3,203.97,0,611.91,cancelled,2026-02-25T22:13:01.208332,2026-02-25T22:13:01.208332
1505,252,87,1,203.97,5,193.77,processing,2026-05-14T08:16:01.208332,2026-05-14T08:16:01.208332
1506,338,87,1,203.97,0,203.97,shipped,2026-03-21T16:44:01.208332,2026-03-21T16:44:01.208332
1507,206,89,5,214.41,0,1072.05,completed,2026-07-08T13:43:01.208332,2026-07-08T13:43:01.208332
1508,34,47,2,46.2,0,92.4,processing,2026-04-01T01:19:01.208332,2026-04-01T01:19:01.208332
1509,433,52,1,101.29,0,101.29,shipped,2026-07-26T04:07:01.208332,2026-07-26T04:07:01.208332
1510,372,64,3,190.48,20,457.15,processing,2026-07-03T11:40:01.208332,2026-07-03T11:40:01.208332
1511,304,35,4,196.82,0,787.28,cancelled,2026-05-21T05:17:01.208332,2026-05-21T05:17:01.208332
1512,309,52,4,101.29,10,364.64,completed,2026-04-15T08:51:01.208332,2026-04-15T08:51:01.208332
1513,394,59,1,152.05,0,152.05,shipped,2026-04-10T05:38:01.208332,2026-04-10T05:38:01.208332
1514,255,30,2,15.86,0,31.72,cancelled,2026-03-13T17:32:01.208332,2026-03-13T17:32:01.208332
1515,28,9,4,149.34,15,507.76,completed,2026-02-28T11:14:01.208332,2026-02-28T11:14:01.208332
1516,196,78,3,152.1,0,456.3,processing,2026-04-19T17:06:01.208332,2026-04-19T17:06:01.208332
1517,320,13,1,225.88,15,192.0,processing,2026-07-10T10:11:01.208332,2026-07-10T10:11:01.208332
1518,393,64,4,190.48,0,761.92,cancelled,2026-04-18T00:57:01.208332,2026-04-18T00:57:01.208332
1519,255,63,5,91.0,0,455.0,completed,2026-06-02T08:18:01.208332,2026-06-02T08:18:01.208332
1520,415,70,5,40.29,0,201.45,completed,2026-08-16T00:15:01.208332,2026-08-16T00:15:01.208332
1521,221,16,4,113.51,5,431.34,shipped,2026-04-21T20:41:01.208332,2026-04-21T20:41:01.208332
1522,227,59,1,152.05,0,152.05,processing,2026-03-27T19:07:01.208332,2026-03-27T19:07:01.208332
1523,338,100,3,63.18,15,161.11,shipped,2026-03-25T11:31:01.208332,2026-03-25T11:31:01.208332
1524,221,18,3,131.71,15,335.86,shipped,2026-05-05T10:17:01.208332,2026-05-05T10:17:01.208332
1525,392,15,5,134.78,15,572.81,cancelled,2026-05-23T21:37:01.208332,2026-05-23T21:37:01.208332
1526,284,88,5,114.54,10,515.43,shipped,2026-05-20T03:02:01.208332,2026-05-20T03:02:01.208332
1527,288,21,5,172.56,0,862.8,completed,2026-05-05T20:21:01.208332,2026-05-05T20:21:01.208332
1528,254,76,4,172.56,10,621.22,completed,2026-06-26T17:59:01.208332,2026-06-26T17:59:01.208332
1529,393,37,3,143.78,0,431.34,processing,2026-02-28T17:20:01.208332,2026-02-28T17:20:01.208332
1530,24,17,3,85.34,0,256.02,cancelled,2026-07-20T23:21:01.208332,2026-07-20T23:21:01.208332
1531,299,4,3,15.68,5,44.69,shipped,2026-03-13T07:41:01.208332,2026-03-13T07:41:01.208332
1532,177,46,4,224.33,0,897.32,cancelled,2026-03-05T20:59:01.208332,2026-03-05T20:59:01.208332
1533,126,32,2,109.47,15,186.1,processing,2026-04-21T09:57:01.208332,2026-04-21T09:57:01.208332
1534,44,89,1,214.41,20,171.53,completed,2026-04-20T02:32:01.208332,2026-04-20T02:32:01.208332
1535,173,22,1,146.59,10,131.93,completed,2026-04-23T23:11:01.208332,2026-04-23T23:11:01.208332
1536,236,85,4,179.75,10,647.1,shipped,2026-05-28T07:23:01.208332,2026-05-28T07:23:01.208332
1537,137,3,4,83.25,10,299.7,completed,2026-02-27T15:31:01.208332,2026-02-27T15:31:01.208332
1538,194,74,4,241.53,0,966.12,completed,2026-06-07T19:49:01.208332,2026-06-07T19:49:01.208332
1539,414,63,1,91.0,15,77.35,completed,2026-06-26T11:58:01.208332,2026-06-26T11:58:01.208332
1540,173,64,5,190.48,20,761.92,cancelled,2026-07-12T20:16:01.208332,2026-07-12T20:16:01.208332
1541,174,22,5,146.59,0,732.95,shipped,2026-04-30T17:47:01.208332,2026-04-30T17:47:01.208332
1542,104,64,1,190.48,20,152.38,processing,2026-07-28T09:32:01.208332,2026-07-28T09:32:01.208332
1543,110,37,3,143.78,0,431.34,processing,2026-04-18T17:22:01.208332,2026-04-18T17:22:01.208332
1544,206,29,5,63.91,15,271.62,completed,2026-08-16T23:40:01.208332,2026-08-16T23:40:01.208332
1545,368,75,1,16.16,10,14.54,completed,2026-04-25T22:02:01.208332,2026-04-25T22:02:01.208332
1546,35,73,5,155.74,5,739.76,completed,2026-05-12T08:25:01.208332,2026-05-12T08:25:01.208332
1547,178,10,3,36.02,10,97.25,completed,2026-07-19T23:38:01.208332,2026-07-19T23:38:01.208332
1548,222,85,5,179.75,0,898.75,shipped,2026-04-01T00:30:01.208332,2026-04-01T00:30:01.208332
1549,206,33,5,128.65,10,578.93,cancelled,2026-05-17T02:33:01.208332,2026-05-17T02:33:01.208332
1550,391,71,2,237.46,0,474.92,cancelled,2026-06-17T21:27:01.208332,2026-06-17T21:27:01.208332
1551,265,24,5,60.44,5,287.09,cancelled,2026-04-03T08:46:01.208332,2026-04-03T08:46:01.208332
1552,493,96,4,67.93,0,271.72,cancelled,2026-08-13T04:53:01.208332,2026-08-13T04:53:01.208332
1553,273,79,4,177.33,10,638.39,cancelled,2026-07-05T20:59:01.208332,2026-07-05T20:59:01.208332
1554,31,67,2,63.81,0,127.62,completed,2026-05-18T19:00:01.208332,2026-05-18T19:00:01.208332
1555,124,20,3,40.55,20,97.32,shipped,2026-05-13T20:36:01.208332,2026-05-13T20:36:01.208332
1556,164,9,2,149.34,20,238.94,completed,2026-05-09T16:20:01.208332,2026-05-09T16:20:01.208332
1557,422,37,2,143.78,0,287.56,processing,2026-06-28T15:16:01.208332,2026-06-28T15:16:01.208332
1558,121,52,2,101.29,0,202.58,completed,2026-03-22T21:33:01.208332,2026-03-22T21:33:01.208332
1559,15,32,3,109.47,5,311.99,processing,2026-05-22T23:02:01.208332,2026-05-22T23:02:01.208332
1560,224,55,1,62.66,0,62.66,completed,2026-03-24T14:36:01.208332,2026-03-24T14:36:01.208332
1561,70,4,3,15.68,20,37.63,completed,2026-07-19T21:04:01.208332,2026-07-19T21:04:01.208332
1562,338,71,2,237.46,15,403.68,completed,2026-07-28T19:05:01.208332,2026-07-28T19:05:01.208332
1563,494,93,4,127.01,20,406.43,completed,2026-02-27T05:20:01.208332,2026-02-27T05:20:01.208332
1564,441,11,3,184.85,10,499.09,completed,2026-04-18T20:15:01.208332,2026-04-18T20:15:01.208332
1565,462,53,3,81.67,15,208.26,completed,2026-06-23T06:43:01.208332,2026-06-23T06:43:01.208332
1566,204,93,2,127.01,0,254.02,processing,2026-03-15T23:24:01.208332,2026-03-15T23:24:01.208332
1567,377,65,1,210.38,10,189.34,processing,2026-06-24T12:22:01.208332,2026-06-24T12:22:01.208332
1568,487,100,5,63.18,0,315.9,completed,2026-05-24T23:23:01.208332,2026-05-24T23:23:01.208332
1569,122,77,1,235.95,20,188.76,completed,2026-07-20T10:50:01.208332,2026-07-20T10:50:01.208332
1570,169,75,4,16.16,20,51.71,cancelled,2026-07-09T20:03:01.208332,2026-07-09T20:03:01.208332
1571,121,55,2,62.66,0,125.32,completed,2026-03-15T01:02:01.208332,2026-03-15T01:02:01.208332
1572,110,36,4,202.99,5,771.36,processing,2026-04-10T21:26:01.208332,2026-04-10T21:26:01.208332
1573,29,63,5,91.0,0,455.0,completed,2026-06-30T23:02:01.208332,2026-06-30T23:02:01.208332
1574,163,70,4,40.29,5,153.1,completed,2026-06-27T21:17:01.208332,2026-06-27T21:17:01.208332
1575,494,36,2,202.99,0,405.98,cancelled,2026-05-21T02:38:01.208332,2026-05-21T02:38:01.208332
1576,189,40,1,157.04,15,133.48,processing,2026-08-18T14:24:01.208332,2026-08-18T14:24:01.208332
1577,18,95,1,12.44,15,10.57,cancelled,2026-08-09T14:47:01.208332,2026-08-09T14:47:01.208332
1578,123,33,5,128.65,5,611.09,cancelled,2026-04-20T21:34:01.208332,2026-04-20T21:34:01.208332
1579,491,90,3,221.59,20,531.82,completed,2026-06-28T08:15:01.208332,2026-06-28T08:15:01.208332
1580,274,31,4,156.71,5,595.5,shipped,2026-02-25T00:44:01.208332,2026-02-25T00:44:01.208332
1581,475,33,3,128.65,0,385.95,completed,2026-08-13T01:13:01.208332,2026-08-13T01:13:01.208332
1582,153,27,2,78.11,5,148.41,completed,2026-06-18T12:47:01.208332,2026-06-18T12:47:01.208332
1583,451,99,4,200.3,20,640.96,completed,2026-03-01T18:23:01.208332,2026-03-01T18:23:01.208332
1584,444,11,4,184.85,5,702.43,shipped,2026-07-07T18:06:01.208332,2026-07-07T18:06:01.208332
1585,475,43,4,193.8,20,620.16,completed,2026-03-13T21:00:01.208332,2026-03-13T21:00:01.208332
1586,358,34,5,167.45,0,837.25,shipped,2026-04-28T15:39:01.208332,2026-04-28T15:39:01.208332
1587,309,94,5,91.68,15,389.64,shipped,2026-04-24T02:02:01.208332,2026-04-24T02:02:01.208332
1588,356,4,1,15.68,15,13.33,completed,2026-06-20T09:31:01.208332,2026-06-20T09:31:01.208332
1589,323,57,2,183.8,0,367.6,completed,2026-05-07T12:53:01.208332,2026-05-07T12:53:01.208332
1590,322,40,3,157.04,10,424.01,completed,2026-03-10T13:38:01.208332,2026-03-10T13:38:01.208332
1591,81,32,5,109.47,15,465.25,cancelled,2026-08-19T02:53:01.208332,2026-08-19T02:53:01.208332
1592,391,17,5,85.34,15,362.7,completed,2026-05-09T07:03:01.208332,2026-05-09T07:03:01.208332
1593,232,62,2,88.56,0,177.12,cancelled,2026-03-27T04:18:01.208332,2026-03-27T04:18:01.208332
1594,304,42,3,118.02,0,354.06,shipped,2026-03-10T23:06:01.208332,2026-03-10T23:06:01.208332
1595,189,24,4,60.44,5,229.67,processing,2026-08-14T14:04:01.208332,2026-08-14T14:04:01.208332
1596,115,3,1,83.25,10,74.92,processing,2026-06-21T09:37:01.208332,2026-06-21T09:37:01.208332
1597,321,30,1,15.86,5,15.07,completed,2026-03-31T16:36:01.208332,2026-03-31T16:36:01.208332
1598,360,22,1,146.59,5,139.26,shipped,2026-06-16T02:28:01.208332,2026-06-16T02:28:01.208332
1599,308,34,2,167.45,0,334.9,completed,2026-08-17T00:04:01.208332,2026-08-17T00:04:01.208332
1600,88,73,1,155.74,0,155.74,processing,2026-07-04T09:54:01.208332,2026-07-04T09:54:01.208332
1601,223,99,4,200.3,20,640.96,shipped,2026-06-26T05:24:01.208332,2026-06-26T05:24:01.208332
1602,61,29,2,63.91,0,127.82,completed,2026-08-14T19:43:01.208332,2026-08-14T19:43:01.208332
1603,148,96,4,67.93,5,258.13,shipped,2026-03-19T07:12:01.208332,2026-03-19T07:12:01.208332
1604,439,27,5,78.11,0,390.55,completed,2026-07-23T14:51:01.208332,2026-07-23T14:51:01.208332
1605,373,87,2,203.97,5,387.54,shipped,2026-03-28T10:24:01.208332,2026-03-28T10:24:01.208332
1606,406,19,1,106.58,0,106.58,completed,2026-08-20T07:08:01.208332,2026-08-20T07:08:01.208332
1607,121,80,4,203.33,0,813.32,processing,2026-05-01T21:20:01.208332,2026-05-01T21:20:01.208332
1608,351,83,4,213.9,0,855.6,shipped,2026-02-25T11:27:01.208332,2026-02-25T11:27:01.208332
1609,69,42,4,118.02,15,401.27,cancelled,2026-04-03T05:33:01.208332,2026-04-03T05:33:01.208332
1610,197,91,4,146.76,15,498.98,completed,2026-06-12T07:33:01.208332,2026-06-12T07:33:01.208332
1611,38,13,5,225.88,0,1129.4,completed,2026-03-05T02:03:01.208332,2026-03-05T02:03:01.208332
1612,477,31,4,156.71,0,626.84,cancelled,2026-06-13T23:39:01.208332,2026-06-13T23:39:01.208332
1613,496,77,1,235.95,0,235.95,processing,2026-04-10T18:36:01.208332,2026-04-10T18:36:01.208332
1614,318,49,3,107.82,5,307.29,completed,2026-06-25T19:09:01.208332,2026-06-25T19:09:01.208332
1615,68,72,1,194.06,10,174.65,completed,2026-03-28T06:03:01.208332,2026-03-28T06:03:01.208332
1616,87,65,4,210.38,0,841.52,shipped,2026-08-02T09:57:01.208332,2026-08-02T09:57:01.208332
1617,68,12,3,155.49,15,396.5,shipped,2026-05-31T03:49:01.208332,2026-05-31T03:49:01.208332
1618,73,34,1,167.45,0,167.45,completed,2026-03-03T15:18:01.208332,2026-03-03T15:18:01.208332
1619,256,36,3,202.99,5,578.52,completed,2026-04-16T02:29:01.208332,2026-04-16T02:29:01.208332
1620,314,98,3,165.02,10,445.55,shipped,2026-04-21T13:55:01.208332,2026-04-21T13:55:01.208332
1621,458,22,3,146.59,15,373.8,completed,2026-05-24T00:46:01.208332,2026-05-24T00:46:01.208332
1622,285,85,4,179.75,0,719.0,completed,2026-03-29T23:46:01.208332,2026-03-29T23:46:01.208332
1623,28,30,2,15.86,0,31.72,completed,2026-05-20T04:54:01.208332,2026-05-20T04:54:01.208332
1624,84,91,4,146.76,5,557.69,shipped,2026-03-16T17:17:01.208332,2026-03-16T17:17:01.208332
1625,21,57,3,183.8,15,468.69,shipped,2026-06-05T16:46:01.208332,2026-06-05T16:46:01.208332
1626,235,64,1,190.48,20,152.38,completed,2026-07-04T15:03:01.208332,2026-07-04T15:03:01.208332
1627,64,45,1,66.28,0,66.28,completed,2026-07-31T15:28:01.208332,2026-07-31T15:28:01.208332
1628,93,22,5,146.59,20,586.36,processing,2026-04-14T06:12:01.208332,2026-04-14T06:12:01.208332
1629,457,85,5,179.75,0,898.75,completed,2026-06-09T19:55:01.208332,2026-06-09T19:55:01.208332
1630,270,99,5,200.3,0,1001.5,completed,2026-05-10T09:43:01.208332,2026-05-10T09:43:01.208332
1631,127,99,4,200.3,15,681.02,completed,2026-03-12T18:23:01.208332,2026-03-12T18:23:01.208332
1632,14,37,1,143.78,5,136.59,processing,2026-05-02T14:28:01.208332,2026-05-02T14:28:01.208332
1633,476,14,3,20.65,0,61.95,completed,2026-02-28T20:31:01.208332,2026-02-28T20:31:01.208332
1634,236,91,4,146.76,5,557.69,completed,2026-06-17T23:41:01.208332,2026-06-17T23:41:01.208332
1635,305,85,1,179.75,0,179.75,completed,2026-08-19T03:21:01.208332,2026-08-19T03:21:01.208332
1636,336,80,4,203.33,0,813.32,cancelled,2026-08-15T01:42:01.208332,2026-08-15T01:42:01.208332
1637,376,73,2,155.74,0,311.48,completed,2026-07-30T18:05:01.208332,2026-07-30T18:05:01.208332
1638,411,83,3,213.9,0,641.7,completed,2026-07-18T21:31:01.208332,2026-07-18T21:31:01.208332
1639,381,10,5,36.02,10,162.09,completed,2026-05-04T00:41:01.208332,2026-05-04T00:41:01.208332
1640,205,33,2,128.65,0,257.3,shipped,2026-08-18T06:43:01.208332,2026-08-18T06:43:01.208332
1641,46,3,2,83.25,0,166.5,shipped,2026-05-05T07:45:01.208332,2026-05-05T07:45:01.208332
1642,146,83,2,213.9,0,427.8,shipped,2026-04-18T22:44:01.208332,2026-04-18T22:44:01.208332
1643,411,56,3,16.97,15,43.27,completed,2026-06-13T11:09:01.208332,2026-06-13T11:09:01.208332
1644,184,86,1,186.11,20,148.89,processing,2026-05-01T11:48:01.208332,2026-05-01T11:48:01.208332
1645,103,63,4,91.0,5,345.8,completed,2026-05-21T07:57:01.208332,2026-05-21T07:57:01.208332
1646,289,77,4,235.95,0,943.8,shipped,2026-07-11T07:31:01.208332,2026-07-11T07:31:01.208332
1647,416,48,5,179.54,0,897.7,cancelled,2026-05-13T15:00:01.208332,2026-05-13T15:00:01.208332
1648,219,12,1,155.49,10,139.94,shipped,2026-04-26T19:28:01.208332,2026-04-26T19:28:01.208332
1649,347,29,2,63.91,5,121.43,cancelled,2026-05-30T14:04:01.208332,2026-05-30T14:04:01.208332
1650,332,68,1,191.02,0,191.02,shipped,2026-05-19T20:02:01.208332,2026-05-19T20:02:01.208332
1651,41,62,3,88.56,0,265.68,completed,2026-08-21T18:20:01.208332,2026-08-21T18:20:01.208332
1652,351,39,2,247.09,10,444.76,completed,2026-05-12T11:09:01.208332,2026-05-12T11:09:01.208332
1653,292,7,5,89.48,0,447.4,completed,2026-08-09T14:07:01.208332,2026-08-09T14:07:01.208332
1654,263,14,5,20.65,5,98.09,completed,2026-05-09T18:52:01.208332,2026-05-09T18:52:01.208332
1655,238,85,5,179.75,20,719.0,completed,2026-04-10T17:24:01.208332,2026-04-10T17:24:01.208332
1656,131,75,1,16.16,20,12.93,completed,2026-05-26T05:56:01.208332,2026-05-26T05:56:01.208332
1657,59,95,4,12.44,0,49.76,completed,2026-07-16T17:13:01.208332,2026-07-16T17:13:01.208332
1658,432,51,1,227.16,0,227.16,cancelled,2026-05-10T08:59:01.208332,2026-05-10T08:59:01.208332
1659,153,41,5,117.02,15,497.33,cancelled,2026-05-17T10:17:01.208332,2026-05-17T10:17:01.208332
1660,231,80,3,203.33,0,609.99,completed,2026-08-18T14:01:01.208332,2026-08-18T14:01:01.208332
1661,109,24,1,60.44,15,51.37,processing,2026-08-21T09:36:01.208332,2026-08-21T09:36:01.208332
1662,133,87,1,203.97,5,193.77,completed,2026-05-31T21:05:01.208332,2026-05-31T21:05:01.208332
1663,3,51,1,227.16,0,227.16,cancelled,2026-03-26T20:41:01.208332,2026-03-26T20:41:01.208332
1664,245,59,4,152.05,20,486.56,cancelled,2026-06-23T07:58:01.208332,2026-06-23T07:58:01.208332
1665,309,93,4,127.01,0,508.04,processing,2026-06-16T04:37:01.208332,2026-06-16T04:37:01.208332
1666,185,89,4,214.41,20,686.11,completed,2026-04-19T16:41:01.208332,2026-04-19T16:41:01.208332
1667,65,18,1,131.71,0,131.71,completed,2026-03-15T23:19:01.208332,2026-03-15T23:19:01.208332
1668,357,25,1,116.03,0,116.03,cancelled,2026-05-22T04:23:01.208332,2026-05-22T04:23:01.208332
1669,75,84,2,114.05,5,216.69,cancelled,2026-07-26T21:30:01.208332,2026-07-26T21:30:01.208332
1670,440,69,2,211.41,0,422.82,shipped,2026-04-19T09:05:01.208332,2026-04-19T09:05:01.208332
1671,76,61,4,53.61,0,214.44,completed,2026-03-16T19:10:01.208332,2026-03-16T19:10:01.208332
1672,463,20,4,40.55,5,154.09,completed,2026-05-20T10:20:01.208332,2026-05-20T10:20:01.208332
1673,441,58,5,245.37,0,1226.85,completed,2026-04-01T06:01:01.208332,2026-04-01T06:01:01.208332
1674,292,51,1,227.16,0,227.16,completed,2026-02-25T00:46:01.208332,2026-02-25T00:46:01.208332
1675,323,92,4,16.89,5,64.18,shipped,2026-07-28T02:01:01.208332,2026-07-28T02:01:01.208332
1676,378,75,5,16.16,15,68.68,completed,2026-06-04T12:09:01.208332,2026-06-04T12:09:01.208332
1677,19,63,4,91.0,5,345.8,processing,2026-05-28T01:15:01.208332,2026-05-28T01:15:01.208332
1678,372,79,4,177.33,0,709.32,completed,2026-07-03T15:08:01.208332,2026-07-03T15:08:01.208332
1679,271,3,4,83.25,10,299.7,processing,2026-04-22T02:20:01.208332,2026-04-22T02:20:01.208332
1680,33,35,4,196.82,5,747.92,shipped,2026-03-16T21:17:01.208332,2026-03-16T21:17:01.208332
1681,319,83,3,213.9,5,609.62,shipped,2026-06-30T13:51:01.208332,2026-06-30T13:51:01.208332
1682,11,21,3,172.56,15,440.03,shipped,2026-03-30T14:06:01.208332,2026-03-30T14:06:01.208332
1683,177,57,2,183.8,10,330.84,processing,2026-04-04T14:15:01.208332,2026-04-04T14:15:01.208332
1684,466,88,3,114.54,10,309.26,cancelled,2026-07-28T23:09:01.208332,2026-07-28T23:09:01.208332
1685,337,60,2,164.26,0,328.52,cancelled,2026-07-05T05:10:01.208332,2026-07-05T05:10:01.208332
1686,200,54,3,139.17,20,334.01,completed,2026-05-20T13:59:01.208332,2026-05-20T13:59:01.208332
1687,319,27,3,78.11,15,199.18,completed,2026-07-09T23:54:01.208332,2026-07-09T23:54:01.208332
1688,342,62,2,88.56,0,177.12,completed,2026-03-31T21:55:01.208332,2026-03-31T21:55:01.208332
1689,311,63,1,91.0,20,72.8,shipped,2026-05-10T07:49:01.208332,2026-05-10T07:49:01.208332
1690,156,31,2,156.71,10,282.08,completed,2026-03-04T03:55:01.208332,2026-03-04T03:55:01.208332
1691,184,34,3,167.45,15,427.0,completed,2026-03-24T11:19:01.208332,2026-03-24T11:19:01.208332
1692,424,65,1,210.38,20,168.3,completed,2026-03-07T04:31:01.208332,2026-03-07T04:31:01.208332
1693,221,15,5,134.78,0,673.9,processing,2026-03-17T13:39:01.208332,2026-03-17T13:39:01.208332
1694,115,63,3,91.0,0,273.0,completed,2026-07-16T11:35:01.208332,2026-07-16T11:35:01.208332
1695,394,6,5,94.28,0,471.4,completed,2026-08-05T18:26:01.208332,2026-08-05T18:26:01.208332
1696,437,89,5,214.41,10,964.85,completed,2026-06-25T11:23:01.208332,2026-06-25T11:23:01.208332
1697,362,7,4,89.48,20,286.34,completed,2026-05-17T19:37:01.208332,2026-05-17T19:37:01.208332
1698,500,14,5,20.65,10,92.92,completed,2026-07-15T23:39:01.208332,2026-07-15T23:39:01.208332
1699,422,72,1,194.06,10,174.65,completed,2026-03-14T18:54:01.208332,2026-03-14T18:54:01.208332
1700,323,16,2,113.51,0,227.02,cancelled,2026-03-24T04:27:01.208332,2026-03-24T04:27:01.208332
1701,150,91,4,146.76,20,469.63,shipped,2026-05-26T16:39:01.208332,2026-05-26T16:39:01.208332
1702,376,13,2,225.88,15,384.0,completed,2026-04-30T19:33:01.208332,2026-04-30T19:33:01.208332
1703,420,18,1,131.71,20,105.37,shipped,2026-04-01T08:26:01.208332,2026-04-01T08:26:01.208332
1704,497,54,1,139.17,0,139.17,shipped,2026-07-25T13:43:01.208332,2026-07-25T13:43:01.208332
1705,175,37,5,143.78,0,718.9,completed,2026-03-11T02:45:01.208332,2026-03-11T02:45:01.208332
1706,191,92,4,16.89,0,67.56,cancelled,2026-06-18T04:26:01.208332,2026-06-18T04:26:01.208332
1707,126,20,5,40.55,5,192.61,completed,2026-07-16T21:45:01.208332,2026-07-16T21:45:01.208332
1708,71,55,4,62.66,5,238.11,shipped,2026-08-06T02:04:01.208332,2026-08-06T02:04:01.208332
1709,488,67,3,63.81,0,191.43,completed,2026-05-15T04:01:01.208332,2026-05-15T04:01:01.208332
1710,395,2,5,63.38,0,316.9,completed,2026-03-11T00:46:01.208332,2026-03-11T00:46:01.208332
1711,162,52,2,101.29,5,192.45,shipped,2026-03-06T18:55:01.208332,2026-03-06T18:55:01.208332
1712,389,5,2,88.78,10,159.8,cancelled,2026-03-06T02:56:01.208332,2026-03-06T02:56:01.208332
1713,366,85,5,179.75,0,898.75,shipped,2026-05-10T22:20:01.208332,2026-05-10T22:20:01.208332
1714,454,88,5,114.54,20,458.16,cancelled,2026-04-19T23:58:01.208332,2026-04-19T23:58:01.208332
1715,381,41,3,117.02,0,351.06,completed,2026-07-24T03:36:01.208332,2026-07-24T03:36:01.208332
1716,461,68,5,191.02,0,955.1,shipped,2026-07-01T02:00:01.208332,2026-07-01T02:00:01.208332
1717,229,83,2,213.9,10,385.02,processing,2026-06-17T06:14:01.208332,2026-06-17T06:14:01.208332
1718,334,57,3,183.8,20,441.12,cancelled,2026-07-15T21:04:01.208332,2026-07-15T21:04:01.208332
1719,208,100,2,63.18,0,126.36,completed,2026-03-10T22:35:01.208332,2026-03-10T22:35:01.208332
1720,276,43,4,193.8,15,658.92,cancelled,2026-07-04T11:12:01.208332,2026-07-04T11:12:01.208332
1721,451,17,5,85.34,10,384.03,completed,2026-04-16T06:51:01.208332,2026-04-16T06:51:01.208332
1722,48,66,5,189.77,0,948.85,completed,2026-05-29T12:07:01.208332,2026-05-29T12:07:01.208332
1723,388,82,2,131.43,0,262.86,processing,2026-02-28T16:13:01.208332,2026-02-28T16:13:01.208332
1724,304,34,2,167.45,20,267.92,completed,2026-07-14T12:42:01.208332,2026-07-14T12:42:01.208332
1725,372,55,5,62.66,0,313.3,completed,2026-07-06T20:27:01.208332,2026-07-06T20:27:01.208332
1726,431,48,3,179.54,15,457.83,completed,2026-05-26T23:39:01.208332,2026-05-26T23:39:01.208332
1727,64,7,1,89.48,5,85.01,processing,2026-04-18T20:10:01.208332,2026-04-18T20:10:01.208332
1728,378,1,4,101.81,0,407.24,completed,2026-08-21T12:56:01.208332,2026-08-21T12:56:01.208332
1729,413,96,5,67.93,10,305.69,cancelled,2026-07-03T16:42:01.208332,2026-07-03T16:42:01.208332
1730,341,69,5,211.41,0,1057.05,completed,2026-04-28T09:00:01.208332,2026-04-28T09:00:01.208332
1731,146,86,5,186.11,15,790.97,cancelled,2026-03-21T01:54:01.208332,2026-03-21T01:54:01.208332
1732,194,67,2,63.81,0,127.62,processing,2026-04-24T06:45:01.208332,2026-04-24T06:45:01.208332
1733,299,25,3,116.03,5,330.69,completed,2026-03-13T10:28:01.208332,2026-03-13T10:28:01.208332
1734,365,55,4,62.66,0,250.64,completed,2026-03-12T09:24:01.208332,2026-03-12T09:24:01.208332
1735,218,17,4,85.34,0,341.36,completed,2026-05-15T19:41:01.208332,2026-05-15T19:41:01.208332
1736,190,87,5,203.97,5,968.86,processing,2026-06-10T16:25:01.208332,2026-06-10T16:25:01.208332
1737,266,100,4,63.18,20,202.18,processing,2026-04-12T14:27:01.208332,2026-04-12T14:27:01.208332
1738,256,82,4,131.43,5,499.43,shipped,2026-06-29T00:43:01.208332,2026-06-29T00:43:01.208332
1739,375,54,2,139.17,0,278.34,completed,2026-05-26T16:10:01.208332,2026-05-26T16:10:01.208332
1740,249,92,4,16.89,0,67.56,cancelled,2026-08-18T19:45:01.208332,2026-08-18T19:45:01.208332
1741,263,68,1,191.02,15,162.37,shipped,2026-04-03T07:24:01.208332,2026-04-03T07:24:01.208332
1742,243,5,2,88.78,10,159.8,completed,2026-05-01T20:00:01.208332,2026-05-01T20:00:01.208332
1743,309,53,1,81.67,0,81.67,processing,2026-05-01T21:06:01.208332,2026-05-01T21:06:01.208332
1744,149,6,5,94.28,0,471.4,completed,2026-03-17T00:47:01.208332,2026-03-17T00:47:01.208332
1745,157,48,3,179.54,0,538.62,completed,2026-05-23T01:24:01.208332,2026-05-23T01:24:01.208332
1746,406,19,2,106.58,20,170.53,shipped,2026-06-10T22:28:01.208332,2026-06-10T22:28:01.208332
1747,25,40,3,157.04,0,471.12,cancelled,2026-03-28T22:14:01.208332,2026-03-28T22:14:01.208332
1748,251,1,1,101.81,10,91.63,completed,2026-04-28T01:38:01.208332,2026-04-28T01:38:01.208332
1749,446,6,4,94.28,5,358.26,completed,2026-06-07T22:06:01.208332,2026-06-07T22:06:01.208332
1750,290,58,3,245.37,20,588.89,shipped,2026-05-03T06:50:01.208332,2026-05-03T06:50:01.208332
1751,428,93,5,127.01,0,635.05,completed,2026-07-12T07:22:01.208332,2026-07-12T07:22:01.208332
1752,259,82,4,131.43,20,420.58,cancelled,2026-05-16T12:08:01.208332,2026-05-16T12:08:01.208332
1753,230,20,3,40.55,0,121.65,processing,2026-07-19T04:47:01.208332,2026-07-19T04:47:01.208332
1754,341,80,4,203.33,5,772.65,shipped,2026-04-06T23:34:01.208332,2026-04-06T23:34:01.208332
1755,174,70,1,40.29,15,34.25,shipped,2026-08-04T15:01:01.208332,2026-08-04T15:01:01.208332
1756,377,36,1,202.99,20,162.39,cancelled,2026-03-25T17:56:01.208332,2026-03-25T17:56:01.208332
1757,13,74,3,241.53,10,652.13,completed,2026-06-21T01:06:01.208332,2026-06-21T01:06:01.208332
1758,330,72,1,194.06,0,194.06,processing,2026-08-16T11:33:01.208332,2026-08-16T11:33:01.208332
1759,278,74,1,241.53,10,217.38,completed,2026-05-29T13:56:01.208332,2026-05-29T13:56:01.208332
1760,385,61,5,53.61,0,268.05,cancelled,2026-03-17T11:53:01.208332,2026-03-17T11:53:01.208332
1761,480,69,2,211.41,0,422.82,completed,2026-04-14T15:41:01.208332,2026-04-14T15:41:01.208332
1762,126,91,5,146.76,5,697.11,processing,2026-03-11T00:11:01.208332,2026-03-11T00:11:01.208332
1763,311,42,4,118.02,10,424.87,shipped,2026-03-03T18:54:01.208332,2026-03-03T18:54:01.208332
1764,442,3,3,83.25,5,237.26,shipped,2026-03-28T11:01:01.208332,2026-03-28T11:01:01.208332
1765,13,68,3,191.02,5,544.41,completed,2026-04-11T09:59:01.208332,2026-04-11T09:59:01.208332
1766,59,13,5,225.88,0,1129.4,completed,2026-04-16T13:05:01.208332,2026-04-16T13:05:01.208332
1767,94,33,1,128.65,0,128.65,shipped,2026-04-20T10:46:01.208332,2026-04-20T10:46:01.208332
1768,348,22,1,146.59,10,131.93,completed,2026-08-17T13:34:01.208332,2026-08-17T13:34:01.208332
1769,93,4,1,15.68,0,15.68,completed,2026-05-05T14:02:01.208332,2026-05-05T14:02:01.208332
1770,164,19,4,106.58,0,426.32,shipped,2026-04-11T13:17:01.208332,2026-04-11T13:17:01.208332
1771,483,16,1,113.51,0,113.51,processing,2026-04-08T05:17:01.208332,2026-04-08T05:17:01.208332
1772,301,31,4,156.71,10,564.16,processing,2026-07-10T13:36:01.208332,2026-07-10T13:36:01.208332
1773,198,15,3,134.78,0,404.34,shipped,2026-04-22T13:11:01.208332,2026-04-22T13:11:01.208332
1774,284,53,1,81.67,5,77.59,shipped,2026-02-28T20:39:01.208332,2026-02-28T20:39:01.208332
1775,325,30,1,15.86,0,15.86,processing,2026-06-04T11:09:01.208332,2026-06-04T11:09:01.208332
1776,346,13,2,225.88,20,361.41,cancelled,2026-06-04T13:55:01.208332,2026-06-04T13:55:01.208332
1777,403,17,3,85.34,10,230.42,shipped,2026-05-08T15:28:01.208332,2026-05-08T15:28:01.208332
1778,43,82,5,131.43,0,657.15,completed,2026-07-16T02:49:01.208332,2026-07-16T02:49:01.208332
1779,192,70,2,40.29,20,64.46,processing,2026-04-09T05:29:01.208332,2026-04-09T05:29:01.208332
1780,488,55,5,62.66,5,297.63,completed,2026-03-03T04:57:01.208332,2026-03-03T04:57:01.208332
1781,417,60,5,164.26,0,821.3,completed,2026-06-22T11:37:01.208332,2026-06-22T11:37:01.208332
1782,1,8,4,220.49,0,881.96,completed,2026-06-12T10:29:01.208332,2026-06-12T10:29:01.208332
1783,430,88,4,114.54,0,458.16,cancelled,2026-07-26T23:02:01.208332,2026-07-26T23:02:01.208332
1784,109,75,5,16.16,0,80.8,completed,2026-03-03T21:05:01.208332,2026-03-03T21:05:01.208332
1785,379,69,5,211.41,0,1057.05,completed,2026-04-19T07:52:01.208332,2026-04-19T07:52:01.208332
1786,203,90,1,221.59,20,177.27,cancelled,2026-03-21T00:30:01.208332,2026-03-21T00:30:01.208332
1787,285,36,4,202.99,0,811.96,processing,2026-06-14T17:26:01.208332,2026-06-14T17:26:01.208332
1788,491,41,3,117.02,15,298.4,cancelled,2026-04-12T04:16:01.208332,2026-04-12T04:16:01.208332
1789,232,35,2,196.82,15,334.59,completed,2026-08-21T13:15:01.208332,2026-08-21T13:15:01.208332
1790,175,27,4,78.11,10,281.2,completed,2026-04-24T09:25:01.208332,2026-04-24T09:25:01.208332
1791,468,89,2,214.41,15,364.5,completed,2026-08-10T11:46:01.208332,2026-08-10T11:46:01.208332
1792,312,61,1,53.61,0,53.61,completed,2026-06-26T01:27:01.208332,2026-06-26T01:27:01.208332
1793,212,72,4,194.06,20,620.99,processing,2026-05-06T02:29:01.208332,2026-05-06T02:29:01.208332
1794,42,84,1,114.05,10,102.64,cancelled,2026-03-01T05:34:01.208332,2026-03-01T05:34:01.208332
1795,228,87,1,203.97,0,203.97,shipped,2026-08-19T13:16:01.208332,2026-08-19T13:16:01.208332
1796,424,77,3,235.95,5,672.46,cancelled,2026-03-27T20:30:01.208332,2026-03-27T20:30:01.208332
1797,5,16,4,113.51,0,454.04,completed,2026-08-13T00:53:01.208332,2026-08-13T00:53:01.208332
1798,228,2,2,63.38,15,107.75,completed,2026-02-27T04:47:01.208332,2026-02-27T04:47:01.208332
1799,349,91,3,146.76,0,440.28,processing,2026-03-11T23:26:01.208332,2026-03-11T23:26:01.208332
1800,321,39,2,247.09,0,494.18,shipped,2026-08-21T00:34:01.208332,2026-08-21T00:34:01.208332
1801,496,47,1,46.2,0,46.2,cancelled,2026-05-24T07:36:01.208332,2026-05-24T07:36:01.208332
1802,362,78,2,152.1,0,304.2,cancelled,2026-03-31T07:04:01.208332,2026-03-31T07:04:01.208332
1803,203,15,3,134.78,10,363.91,shipped,2026-05-25T16:19:01.208332,2026-05-25T16:19:01.208332
1804,88,71,2,237.46,15,403.68,processing,2026-07-08T02:17:01.208332,2026-07-08T02:17:01.208332
1805,345,88,5,114.54,10,515.43,completed,2026-03-27T13:15:01.208332,2026-03-27T13:15:01.208332
1806,302,17,1,85.34,0,85.34,processing,2026-04-11T20:40:01.208332,2026-04-11T20:40:01.208332
1807,439,30,5,15.86,15,67.41,completed,2026-07-16T00:04:01.208332,2026-07-16T00:04:01.208332
1808,99,87,1,203.97,15,173.37,processing,2026-06-26T23:26:01.208332,2026-06-26T23:26:01.208332
1809,315,33,5,128.65,5,611.09,shipped,2026-02-23T22:54:01.208332,2026-02-23T22:54:01.208332
1810,329,87,1,203.97,20,163.18,completed,2026-08-13T11:52:01.208332,2026-08-13T11:52:01.208332
1811,222,53,3,81.67,0,245.01,processing,2026-06-27T10:05:01.208332,2026-06-27T10:05:01.208332
1812,239,64,3,190.48,10,514.3,completed,2026-07-11T18:34:01.208332,2026-07-11T18:34:01.208332
1813,453,93,2,127.01,0,254.02,shipped,2026-04-15T04:40:01.208332,2026-04-15T04:40:01.208332
1814,273,58,3,245.37,0,736.11,completed,2026-05-05T22:25:01.208332,2026-05-05T22:25:01.208332
1815,172,11,5,184.85,20,739.4,cancelled,2026-02-28T05:13:01.208332,2026-02-28T05:13:01.208332
1816,116,89,4,214.41,0,857.64,completed,2026-08-09T12:46:01.208332,2026-08-09T12:46:01.208332
1817,101,22,3,146.59,0,439.77,cancelled,2026-03-07T00:56:01.208332,2026-03-07T00:56:01.208332
1818,321,13,1,225.88,5,214.59,completed,2026-05-13T05:34:01.208332,2026-05-13T05:34:01.208332
1819,304,81,3,137.86,20,330.86,completed,2026-04-10T04:25:01.208332,2026-04-10T04:25:01.208332
1820,56,61,2,53.61,0,107.22,completed,2026-07-25T03:41:01.208332,2026-07-25T03:41:01.208332
1821,421,43,5,193.8,20,775.2,completed,2026-04-07T16:42:01.208332,2026-04-07T16:42:01.208332
1822,398,77,5,235.95,5,1120.76,completed,2026-07-12T16:45:01.208332,2026-07-12T16:45:01.208332
1823,321,58,5,245.37,0,1226.85,completed,2026-03-11T04:04:01.208332,2026-03-11T04:04:01.208332
1824,470,5,4,88.78,0,355.12,cancelled,2026-08-04T15:12:01.208332,2026-08-04T15:12:01.208332
1825,34,17,1,85.34,20,68.27,completed,2026-05-15T01:08:01.208332,2026-05-15T01:08:01.208332
1826,155,79,4,177.33,0,709.32,cancelled,2026-03-14T03:15:01.208332,2026-03-14T03:15:01.208332
1827,29,72,1,194.06,0,194.06,shipped,2026-07-28T07:45:01.208332,2026-07-28T07:45:01.208332
1828,206,13,5,225.88,20,903.52,completed,2026-05-09T10:31:01.208332,2026-05-09T10:31:01.208332
1829,443,77,5,235.95,0,1179.75,shipped,2026-05-17T03:21:01.208332,2026-05-17T03:21:01.208332
1830,238,55,5,62.66,10,281.97,completed,2026-03-14T00:51:01.208332,2026-03-14T00:51:01.208332
1831,334,87,1,203.97,5,193.77,completed,2026-05-28T18:06:01.208332,2026-05-28T18:06:01.208332
1832,301,25,1,116.03,0,116.03,processing,2026-02-25T20:03:01.208332,2026-02-25T20:03:01.208332
1833,366,9,5,149.34,20,597.36,completed,2026-07-26T15:47:01.208332,2026-07-26T15:47:01.208332
1834,464,74,2,241.53,15,410.6,completed,2026-05-27T05:46:01.208332,2026-05-27T05:46:01.208332
1835,182,54,4,139.17,15,473.18,shipped,2026-06-16T14:54:01.208332,2026-06-16T14:54:01.208332
1836,96,32,2,109.47,20,175.15,completed,2026-03-03T14:54:01.208332,2026-03-03T14:54:01.208332
1837,66,40,5,157.04,5,745.94,cancelled,2026-05-28T00:14:01.208332,2026-05-28T00:14:01.208332
1838,387,46,3,224.33,10,605.69,processing,2026-08-03T17:57:01.208332,2026-08-03T17:57:01.208332
1839,398,19,2,106.58,5,202.5,processing,2026-04-20T18:59:01.208332,2026-04-20T18:59:01.208332
1840,176,38,3,42.0,0,126.0,processing,2026-05-28T20:08:01.208332,2026-05-28T20:08:01.208332
1841,337,87,2,203.97,0,407.94,processing,2026-04-07T19:31:01.208332,2026-04-07T19:31:01.208332
1842,420,72,1,194.06,5,184.36,completed,2026-04-27T04:31:01.208332,2026-04-27T04:31:01.208332
1843,500,26,2,123.56,20,197.7,completed,2026-03-08T01:13:01.208332,2026-03-08T01:13:01.208332
1844,97,86,4,186.11,15,632.77,shipped,2026-06-29T13:03:01.208332,2026-06-29T13:03:01.208332
1845,308,89,3,214.41,20,514.58,processing,2026-06-08T21:28:01.208332,2026-06-08T21:28:01.208332
1846,494,43,5,193.8,0,969.0,completed,2026-05-10T19:40:01.208332,2026-05-10T19:40:01.208332
1847,84,14,4,20.65,20,66.08,completed,2026-08-08T08:35:01.208332,2026-08-08T08:35:01.208332
1848,254,29,1,63.91,15,54.32,cancelled,2026-04-05T04:46:01.208332,2026-04-05T04:46:01.208332
1849,118,60,5,164.26,0,821.3,shipped,2026-04-08T02:39:01.208332,2026-04-08T02:39:01.208332
1850,377,99,3,200.3,20,480.72,shipped,2026-07-08T07:49:01.208332,2026-07-08T07:49:01.208332
1851,106,52,2,101.29,20,162.06,completed,2026-02-24T19:45:01.208332,2026-02-24T19:45:01.208332
1852,6,10,3,36.02,0,108.06,completed,2026-06-04T13:51:01.208332,2026-06-04T13:51:01.208332
1853,73,38,4,42.0,0,168.0,processing,2026-06-18T12:42:01.208332,2026-06-18T12:42:01.208332
1854,468,98,3,165.02,0,495.06,completed,2026-08-20T03:33:01.208332,2026-08-20T03:33:01.208332
1855,102,26,3,123.56,0,370.68,completed,2026-04-04T10:57:01.208332,2026-04-04T10:57:01.208332
1856,369,23,3,210.09,20,504.22,completed,2026-06-04T13:02:01.208332,2026-06-04T13:02:01.208332
1857,92,26,1,123.56,0,123.56,completed,2026-07-27T00:58:01.208332,2026-07-27T00:58:01.208332
1858,467,13,1,225.88,20,180.7,completed,2026-06-26T22:12:01.208332,2026-06-26T22:12:01.208332
1859,195,84,1,114.05,0,114.05,completed,2026-08-13T00:18:01.208332,2026-08-13T00:18:01.208332
1860,157,59,2,152.05,0,304.1,completed,2026-07-20T23:04:01.208332,2026-07-20T23:04:01.208332
1861,339,22,5,146.59,20,586.36,shipped,2026-06-17T01:11:01.208332,2026-06-17T01:11:01.208332
1862,450,92,1,16.89,0,16.89,completed,2026-03-21T21:24:01.208332,2026-03-21T21:24:01.208332
1863,407,25,2,116.03,10,208.85,cancelled,2026-05-03T10:43:01.208332,2026-05-03T10:43:01.208332
1864,192,41,5,117.02,5,555.85,cancelled,2026-08-20T10:51:01.208332,2026-08-20T10:51:01.208332
1865,126,6,5,94.28,10,424.26,processing,2026-03-30T00:33:01.208332,2026-03-30T00:33:01.208332
1866,151,20,3,40.55,0,121.65,cancelled,2026-03-05T07:03:01.208332,2026-03-05T07:03:01.208332
1867,408,36,2,202.99,20,324.78,processing,2026-05-27T03:01:01.208332,2026-05-27T03:01:01.208332
1868,454,63,2,91.0,15,154.7,shipped,2026-03-10T10:02:01.208332,2026-03-10T10:02:01.208332
1869,405,85,5,179.75,0,898.75,processing,2026-03-26T01:53:01.208332,2026-03-26T01:53:01.208332
1870,199,97,5,143.24,0,716.2,processing,2026-05-25T08:43:01.208332,2026-05-25T08:43:01.208332
1871,238,23,3,210.09,15,535.73,processing,2026-05-02T15:52:01.208332,2026-05-02T15:52:01.208332
1872,356,62,4,88.56,5,336.53,processing,2026-04-13T10:44:01.208332,2026-04-13T10:44:01.208332
1873,206,82,5,131.43,15,558.58,completed,2026-03-02T06:17:01.208332,2026-03-02T06:17:01.208332
1874,113,26,4,123.56,20,395.39,shipped,2026-04-07T06:24:01.208332,2026-04-07T06:24:01.208332
1875,112,40,4,157.04,5,596.75,completed,2026-06-07T14:43:01.208332,2026-06-07T14:43:01.208332
1876,479,48,3,179.54,10,484.76,completed,2026-03-11T00:41:01.208332,2026-03-11T00:41:01.208332
1877,385,11,3,184.85,5,526.82,completed,2026-05-29T01:07:01.208332,2026-05-29T01:07:01.208332
1878,118,75,1,16.16,5,15.35,processing,2026-05-27T20:28:01.208332,2026-05-27T20:28:01.208332
1879,173,55,4,62.66,5,238.11,shipped,2026-05-13T08:00:01.208332,2026-05-13T08:00:01.208332
1880,189,64,3,190.48,0,571.44,completed,2026-05-04T04:58:01.208332,2026-05-04T04:58:01.208332
1881,92,57,2,183.8,0,367.6,completed,2026-06-21T01:57:01.208332,2026-06-21T01:57:01.208332
1882,184,11,3,184.85,20,443.64,processing,2026-05-25T22:36:01.208332,2026-05-25T22:36:01.208332
1883,280,83,1,213.9,20,171.12,completed,2026-04-14T22:05:01.208332,2026-04-14T22:05:01.208332
1884,51,16,1,113.51,0,113.51,processing,2026-03-02T13:37:01.208332,2026-03-02T13:37:01.208332
1885,103,43,2,193.8,15,329.46,completed,2026-04-24T12:50:01.208332,2026-04-24T12:50:01.208332
1886,155,96,3,67.93,0,203.79,processing,2026-07-02T01:21:01.208332,2026-07-02T01:21:01.208332
1887,71,97,5,143.24,0,716.2,completed,2026-02-25T03:39:01.208332,2026-02-25T03:39:01.208332
1888,145,45,4,66.28,5,251.86,processing,2026-07-23T05:08:01.208332,2026-07-23T05:08:01.208332
1889,388,84,1,114.05,5,108.35,processing,2026-06-22T16:08:01.208332,2026-06-22T16:08:01.208332
1890,390,20,4,40.55,0,162.2,cancelled,2026-04-05T21:49:01.208332,2026-04-05T21:49:01.208332
1891,384,27,4,78.11,0,312.44,processing,2026-05-28T12:02:01.208332,2026-05-28T12:02:01.208332
1892,403,71,4,237.46,15,807.36,shipped,2026-07-21T20:31:01.208332,2026-07-21T20:31:01.208332
1893,175,11,3,184.85,20,443.64,shipped,2026-03-29T19:04:01.208332,2026-03-29T19:04:01.208332
1894,395,90,4,221.59,0,886.36,shipped,2026-05-14T10:59:01.208332,2026-05-14T10:59:01.208332
1895,437,72,1,194.06,0,194.06,processing,2026-03-20T21:26:01.208332,2026-03-20T21:26:01.208332
1896,448,17,3,85.34,15,217.62,shipped,2026-02-25T08:39:01.208332,2026-02-25T08:39:01.208332
1897,415,85,3,179.75,0,539.25,shipped,2026-04-05T15:33:01.208332,2026-04-05T15:33:01.208332
1898,218,88,4,114.54,20,366.53,cancelled,2026-07-15T08:18:01.208332,2026-07-15T08:18:01.208332
1899,276,39,3,247.09,10,667.14,processing,2026-02-27T19:54:01.208332,2026-02-27T19:54:01.208332
1900,403,5,2,88.78,0,177.56,completed,2026-08-20T12:00:01.208332,2026-08-20T12:00:01.208332
1901,291,81,5,137.86,10,620.37,shipped,2026-06-08T01:40:01.208332,2026-06-08T01:40:01.208332
1902,196,27,4,78.11,0,312.44,shipped,2026-05-31T21:35:01.208332,2026-05-31T21:35:01.208332
1903,97,61,1,53.61,0,53.61,shipped,2026-06-07T06:36:01.208332,2026-06-07T06:36:01.208332
1904,328,39,1,247.09,0,247.09,cancelled,2026-03-14T14:07:01.208332,2026-03-14T14:07:01.208332
1905,284,23,1,210.09,20,168.07,processing,2026-06-29T00:45:01.208332,2026-06-29T00:45:01.208332
1906,251,4,2,15.68,0,31.36,shipped,2026-03-08T05:58:01.208332,2026-03-08T05:58:01.208332
1907,146,27,2,78.11,0,156.22,processing,2026-06-23T16:04:01.208332,2026-06-23T16:04:01.208332
1908,36,59,1,152.05,0,152.05,completed,2026-05-28T23:51:01.208332,2026-05-28T23:51:01.208332
1909,88,42,4,118.02,5,448.48,completed,2026-03-24T04:27:01.208332,2026-03-24T04:27:01.208332
1910,67,69,4,211.41,5,803.36,completed,2026-07-08T21:12:01.208332,2026-07-08T21:12:01.208332
1911,200,27,2,78.11,20,124.98,completed,2026-04-02T00:58:01.208332,2026-04-02T00:58:01.208332
1912,222,91,4,146.76,0,587.04,processing,2026-06-13T12:00:01.208332,2026-06-13T12:00:01.208332
1913,481,40,5,157.04,0,785.2,cancelled,2026-05-26T01:42:01.208332,2026-05-26T01:42:01.208332
1914,351,59,3,152.05,0,456.15,completed,2026-02-24T22:53:01.208332,2026-02-24T22:53:01.208332
1915,229,9,4,149.34,10,537.62,completed,2026-07-20T14:40:01.208332,2026-07-20T14:40:01.208332
1916,270,43,5,193.8,5,920.55,shipped,2026-05-18T09:01:01.208332,2026-05-18T09:01:01.208332
1917,295,6,1,94.28,0,94.28,shipped,2026-06-21T06:05:01.208332,2026-06-21T06:05:01.208332
1918,178,90,3,221.59,5,631.53,completed,2026-06-15T04:43:01.208332,2026-06-15T04:43:01.208332
1919,213,32,2,109.47,10,197.05,shipped,2026-07-07T01:57:01.208332,2026-07-07T01:57:01.208332
1920,235,50,2,24.94,15,42.4,completed,2026-06-07T02:41:01.208332,2026-06-07T02:41:01.208332
1921,202,90,1,221.59,0,221.59,completed,2026-08-03T19:21:01.208332,2026-08-03T19:21:01.208332
1922,141,81,5,137.86,0,689.3,completed,2026-06-24T23:02:01.208332,2026-06-24T23:02:01.208332
1923,358,93,2,127.01,5,241.32,processing,2026-05-09T11:16:01.208332,2026-05-09T11:16:01.208332
1924,63,48,1,179.54,20,143.63,processing,2026-03-14T18:05:01.208332,2026-03-14T18:05:01.208332
1925,393,100,3,63.18,5,180.06,completed,2026-05-16T16:32:01.208332,2026-05-16T16:32:01.208332
1926,130,27,5,78.11,0,390.55,completed,2026-05-18T17:36:01.208332,2026-05-18T17:36:01.208332
1927,38,82,4,131.43,5,499.43,cancelled,2026-04-27T03:49:01.208332,2026-04-27T03:49:01.208332
1928,205,25,4,116.03,0,464.12,completed,2026-02-25T13:16:01.208332,2026-02-25T13:16:01.208332
1929,59,91,2,146.76,0,293.52,cancelled,2026-06-25T14:55:01.208332,2026-06-25T14:55:01.208332
1930,238,63,4,91.0,0,364.0,processing,2026-03-10T15:01:01.208332,2026-03-10T15:01:01.208332
1931,337,32,4,109.47,0,437.88,completed,2026-05-20T07:16:01.208332,2026-05-20T07:16:01.208332
1932,431,21,2,172.56,20,276.1,processing,2026-02-26T21:17:01.208332,2026-02-26T21:17:01.208332
1933,52,23,3,210.09,0,630.27,cancelled,2026-05-31T22:18:01.208332,2026-05-31T22:18:01.208332
1934,201,22,1,146.59,15,124.6,completed,2026-07-12T14:32:01.208332,2026-07-12T14:32:01.208332
1935,347,35,2,196.82,5,373.96,completed,2026-04-29T18:52:01.208332,2026-04-29T18:52:01.208332
1936,111,92,1,16.89,15,14.36,completed,2026-05-31T12:00:01.208332,2026-05-31T12:00:01.208332
1937,227,90,1,221.59,20,177.27,processing,2026-06-19T03:48:01.208332,2026-06-19T03:48:01.208332
1938,329,85,1,179.75,5,170.76,completed,2026-06-29T06:32:01.208332,2026-06-29T06:32:01.208332
1939,228,7,5,89.48,0,447.4,shipped,2026-03-04T10:59:01.208332,2026-03-04T10:59:01.208332
1940,393,26,2,123.56,0,247.12,completed,2026-08-08T00:47:01.208332,2026-08-08T00:47:01.208332
1941,103,12,1,155.49,5,147.72,completed,2026-02-28T16:27:01.208332,2026-02-28T16:27:01.208332
1942,173,25,1,116.03,0,116.03,completed,2026-08-17T03:11:01.208332,2026-08-17T03:11:01.208332
1943,409,86,2,186.11,15,316.39,completed,2026-03-26T00:12:01.208332,2026-03-26T00:12:01.208332
1944,213,66,1,189.77,20,151.82,completed,2026-04-24T03:40:01.208332,2026-04-24T03:40:01.208332
1945,288,81,2,137.86,10,248.15,processing,2026-04-02T07:17:01.208332,2026-04-02T07:17:01.208332
1946,203,55,1,62.66,0,62.66,completed,2026-04-03T12:23:01.208332,2026-04-03T12:23:01.208332
1947,183,42,2,118.02,0,236.04,cancelled,2026-05-07T19:20:01.208332,2026-05-07T19:20:01.208332
1948,162,2,4,63.38,0,253.52,completed,2026-05-18T02:47:01.208332,2026-05-18T02:47:01.208332
1949,34,85,3,179.75,15,458.36,completed,2026-06-17T04:16:01.208332,2026-06-17T04:16:01.208332
1950,23,9,2,149.34,5,283.75,processing,2026-04-19T11:47:01.208332,2026-04-19T11:47:01.208332
1951,256,14,5,20.65,20,82.6,processing,2026-08-10T11:37:01.208332,2026-08-10T11:37:01.208332
1952,88,33,1,128.65,10,115.79,cancelled,2026-04-23T15:29:01.208332,2026-04-23T15:29:01.208332
1953,357,50,2,24.94,0,49.88,cancelled,2026-03-27T12:23:01.208332,2026-03-27T12:23:01.208332
1954,390,89,3,214.41,20,514.58,shipped,2026-06-24T21:47:01.208332,2026-06-24T21:47:01.208332
1955,35,43,1,193.8,10,174.42,processing,2026-08-08T15:24:01.208332,2026-08-08T15:24:01.208332
1956,230,49,5,107.82,15,458.23,completed,2026-07-08T15:24:01.208332,2026-07-08T15:24:01.208332
1957,258,76,1,172.56,0,172.56,processing,2026-02-27T11:02:01.208332,2026-02-27T11:02:01.208332
1958,389,16,3,113.51,0,340.53,shipped,2026-07-07T22:21:01.208332,2026-07-07T22:21:01.208332
1959,388,32,5,109.47,0,547.35,completed,2026-03-06T12:10:01.208332,2026-03-06T12:10:01.208332
1960,192,64,3,190.48,0,571.44,shipped,2026-03-23T05:01:01.208332,2026-03-23T05:01:01.208332
1961,105,83,1,213.9,0,213.9,cancelled,2026-08-10T16:48:01.208332,2026-08-10T16:48:01.208332
1962,307,57,3,183.8,0,551.4,completed,2026-04-15T05:31:01.208332,2026-04-15T05:31:01.208332
1963,330,98,1,165.02,10,148.52,shipped,2026-07-17T17:42:01.208332,2026-07-17T17:42:01.208332
1964,332,37,1,143.78,0,143.78,cancelled,2026-07-27T18:40:01.208332,2026-07-27T18:40:01.208332
1965,170,44,2,75.9,0,151.8,completed,2026-06-01T18:39:01.208332,2026-06-01T18:39:01.208332
1966,465,86,2,186.11,20,297.78,cancelled,2026-06-28T17:26:01.208332,2026-06-28T17:26:01.208332
1967,369,29,5,63.91,20,255.64,processing,2026-05-04T01:06:01.208332,2026-05-04T01:06:01.208332
1968,165,24,4,60.44,15,205.5,completed,2026-02-24T16:46:01.208332,2026-02-24T16:46:01.208332
1969,446,63,1,91.0,0,91.0,cancelled,2026-03-05T02:01:01.208332,2026-03-05T02:01:01.208332
1970,73,27,2,78.11,0,156.22,processing,2026-03-27T05:10:01.208332,2026-03-27T05:10:01.208332
1971,282,27,2,78.11,10,140.6,shipped,2026-03-09T19:52:01.208332,2026-03-09T19:52:01.208332
1972,372,60,3,164.26,0,492.78,completed,2026-07-04T23:24:01.208332,2026-07-04T23:24:01.208332
1973,126,55,2,62.66,10,112.79,completed,2026-04-09T22:07:01.208332,2026-04-09T22:07:01.208332
1974,147,74,4,241.53,15,821.2,completed,2026-04-01T06:18:01.208332,2026-04-01T06:18:01.208332
1975,442,62,1,88.56,0,88.56,shipped,2026-05-07T02:19:01.208332,2026-05-07T02:19:01.208332
1976,86,61,4,53.61,5,203.72,processing,2026-05-26T14:01:01.208332,2026-05-26T14:01:01.208332
1977,377,56,2,16.97,20,27.15,shipped,2026-08-16T05:23:01.208332,2026-08-16T05:23:01.208332
1978,11,98,4,165.02,5,627.08,completed,2026-07-29T01:44:01.208332,2026-07-29T01:44:01.208332
1979,389,39,5,247.09,10,1111.9,processing,2026-03-23T09:57:01.208332,2026-03-23T09:57:01.208332
1980,373,23,3,210.09,5,598.76,completed,2026-05-19T00:05:01.208332,2026-05-19T00:05:01.208332
1981,233,37,4,143.78,10,517.61,shipped,2026-06-13T22:07:01.208332,2026-06-13T22:07:01.208332
1982,37,43,2,193.8,15,329.46,completed,2026-05-20T00:35:01.208332,2026-05-20T00:35:01.208332
1983,80,25,1,116.03,0,116.03,processing,2026-07-30T10:59:01.208332,2026-07-30T10:59:01.208332
1984,374,93,3,127.01,5,361.98,shipped,2026-05-08T05:53:01.208332,2026-05-08T05:53:01.208332
1985,482,51,3,227.16,5,647.41,completed,2026-05-23T17:14:01.208332,2026-05-23T17:14:01.208332
1986,329,76,1,172.56,5,163.93,completed,2026-08-03T16:59:01.208332,2026-08-03T16:59:01.208332
1987,472,16,4,113.51,10,408.64,completed,2026-03-25T03:44:01.208332,2026-03-25T03:44:01.208332
1988,391,56,3,16.97,20,40.73,cancelled,2026-08-08T19:42:01.208332,2026-08-08T19:42:01.208332
1989,179,66,4,189.77,15,645.22,completed,2026-06-28T22:25:01.208332,2026-06-28T22:25:01.208332
1990,357,8,4,220.49,5,837.86,completed,2026-07-07T12:31:01.208332,2026-07-07T12:31:01.208332
1991,125,62,1,88.56,20,70.85,cancelled,2026-04-30T09:24:01.208332,2026-04-30T09:24:01.208332
1992,362,87,1,203.97,15,173.37,cancelled,2026-06-24T18:44:01.208332,2026-06-24T18:44:01.208332
1993,76,34,5,167.45,5,795.39,cancelled,2026-08-14T11:55:01.208332,2026-08-14T11:55:01.208332
1994,76,33,2,128.65,10,231.57,cancelled,2026-06-08T21:10:01.208332,2026-06-08T21:10:01.208332
1995,431,21,1,172.56,0,172.56,completed,2026-07-13T22:47:01.208332,2026-07-13T22:47:01.208332
1996,330,92,4,16.89,5,64.18,processing,2026-07-02T03:13:01.208332,2026-07-02T03:13:01.208332
1997,499,11,5,184.85,0,924.25,shipped,2026-08-02T01:41:01.208332,2026-08-02T01:41:01.208332
1998,85,55,3,62.66,15,159.78,processing,2026-04-19T14:47:01.208332,2026-04-19T14:47:01.208332
1999,496,69,4,211.41,10,761.08,cancelled,2026-04-20T15:56:01.208332,2026-04-20T15:56:01.208332
2000,211,97,1,143.24,0,143.24,processing,2026-06-19T09:52:01.208332,2026-06-19T09:52:01.208332
2001,398,45,2,66.28,0,132.56,completed,2026-07-09T21:37:01.208332,2026-07-09T21:37:01.208332
2002,477,96,4,67.93,15,230.96,completed,2026-04-20T16:28:01.208332,2026-04-20T16:28:01.208332
2003,87,63,1,91.0,0,91.0,cancelled,2026-03-08T07:30:01.208332,2026-03-08T07:30:01.208332
2004,214,68,4,191.02,15,649.47,cancelled,2026-04-17T02:08:01.208332,2026-04-17T02:08:01.208332
2005,221,22,2,146.59,0,293.18,cancelled,2026-03-29T12:45:01.208332,2026-03-29T12:45:01.208332
2006,69,26,4,123.56,0,494.24,completed,2026-05-26T02:19:01.208332,2026-05-26T02:19:01.208332
2007,231,73,2,155.74,0,311.48,completed,2026-04-01T04:17:01.208332,2026-04-01T04:17:01.208332
2008,384,24,2,60.44,0,120.88,shipped,2026-08-21T12:55:01.208332,2026-08-21T12:55:01.208332
2009,226,81,5,137.86,0,689.3,cancelled,2026-07-31T16:17:01.208332,2026-07-31T16:17:01.208332
2010,86,11,3,184.85,0,554.55,completed,2026-05-03T08:41:01.208332,2026-05-03T08:41:01.208332
2011,142,9,3,149.34,0,448.02,completed,2026-06-10T05:05:01.208332,2026-06-10T05:05:01.208332
2012,245,63,1,91.0,0,91.0,completed,2026-03-06T17:07:01.208332,2026-03-06T17:07:01.208332
2013,385,1,5,101.81,20,407.24,completed,2026-08-22T09:20:01.208332,2026-08-22T09:20:01.208332
2014,50,28,5,206.42,20,825.68,shipped,2026-02-24T22:05:01.208332,2026-02-24T22:05:01.208332
2015,309,67,3,63.81,5,181.86,completed,2026-05-20T17:56:01.208332,2026-05-20T17:56:01.208332
2016,310,55,3,62.66,0,187.98,completed,2026-06-27T17:27:01.208332,2026-06-27T17:27:01.208332
2017,162,31,3,156.71,15,399.61,shipped,2026-05-07T03:18:01.208332,2026-05-07T03:18:01.208332
2018,313,8,3,220.49,20,529.18,completed,2026-04-24T17:16:01.208332,2026-04-24T17:16:01.208332
2019,2,59,4,152.05,15,516.97,completed,2026-07-25T16:22:01.208332,2026-07-25T16:22:01.208332
2020,14,78,1,152.1,20,121.68,completed,2026-05-31T04:43:01.208332,2026-05-31T04:43:01.208332
2021,487,90,2,221.59,0,443.18,processing,2026-05-16T20:49:01.208332,2026-05-16T20:49:01.208332
2022,352,85,4,179.75,10,647.1,cancelled,2026-05-09T19:20:01.208332,2026-05-09T19:20:01.208332
2023,97,1,3,101.81,0,305.43,completed,2026-06-18T23:22:01.208332,2026-06-18T23:22:01.208332
2024,448,6,3,94.28,15,240.41,completed,2026-05-15T11:34:01.208332,2026-05-15T11:34:01.208332
2025,311,63,4,91.0,15,309.4,completed,2026-06-15T02:49:01.208332,2026-06-15T02:49:01.208332
2026,179,55,4,62.66,15,213.04,cancelled,2026-07-29T15:05:01.208332,2026-07-29T15:05:01.208332
2027,464,13,4,225.88,0,903.52,completed,2026-06-14T03:08:01.208332,2026-06-14T03:08:01.208332
2028,365,19,5,106.58,10,479.61,cancelled,2026-07-16T11:28:01.208332,2026-07-16T11:28:01.208332
2029,259,5,2,88.78,5,168.68,completed,2026-07-18T15:43:01.208332,2026-07-18T15:43:01.208332
2030,155,87,5,203.97,20,815.88,completed,2026-05-19T13:51:01.208332,2026-05-19T13:51:01.208332
2031,459,58,1,245.37,5,233.1,processing,2026-06-24T05:29:01.208332,2026-06-24T05:29:01.208332
2032,124,32,2,109.47,0,218.94,cancelled,2026-07-10T17:22:01.208332,2026-07-10T17:22:01.208332
2033,359,12,1,155.49,5,147.72,completed,2026-07-03T21:35:01.208332,2026-07-03T21:35:01.208332
2034,83,42,4,118.02,20,377.66,completed,2026-04-15T15:16:01.208332,2026-04-15T15:16:01.208332
2035,369,33,4,128.65,15,437.41,cancelled,2026-03-18T00:11:01.208332,2026-03-18T00:11:01.208332
2036,70,69,4,211.41,0,845.64,cancelled,2026-07-18T10:08:01.208332,2026-07-18T10:08:01.208332
2037,171,29,5,63.91,20,255.64,processing,2026-08-10T18:43:01.208332,2026-08-10T18:43:01.208332
2038,34,83,3,213.9,5,609.62,cancelled,2026-08-08T06:56:01.208332,2026-08-08T06:56:01.208332
2039,381,95,4,12.44,15,42.3,processing,2026-06-20T11:45:01.208332,2026-06-20T11:45:01.208332
2040,495,56,2,16.97,0,33.94,completed,2026-04-11T18:21:01.208332,2026-04-11T18:21:01.208332
2041,149,12,1,155.49,0,155.49,cancelled,2026-04-26T12:53:01.208332,2026-04-26T12:53:01.208332
2042,304,25,1,116.03,10,104.43,completed,2026-05-01T13:02:01.208332,2026-05-01T13:02:01.208332
2043,437,41,4,117.02,10,421.27,completed,2026-07-07T18:00:01.208332,2026-07-07T18:00:01.208332
2044,160,8,5,220.49,10,992.21,shipped,2026-03-30T03:52:01.208332,2026-03-30T03:52:01.208332
2045,217,41,3,117.02,20,280.85,completed,2026-06-27T06:16:01.208332,2026-06-27T06:16:01.208332
2046,267,85,5,179.75,10,808.88,completed,2026-04-05T00:55:01.208332,2026-04-05T00:55:01.208332
2047,203,2,5,63.38,20,253.52,completed,2026-05-18T10:46:01.208332,2026-05-18T10:46:01.208332
2048,75,38,2,42.0,5,79.8,shipped,2026-06-27T09:14:01.208332,2026-06-27T09:14:01.208332
2049,76,77,3,235.95,0,707.85,cancelled,2026-07-09T14:19:01.208332,2026-07-09T14:19:01.208332
2050,435,90,1,221.59,10,199.43,completed,2026-04-22T21:04:01.208332,2026-04-22T21:04:01.208332
2051,258,89,1,214.41,0,214.41,cancelled,2026-07-27T21:53:01.208332,2026-07-27T21:53:01.208332
2052,294,62,2,88.56,5,168.26,cancelled,2026-04-17T15:55:01.208332,2026-04-17T15:55:01.208332
2053,495,49,1,107.82,20,86.26,completed,2026-04-25T05:53:01.208332,2026-04-25T05:53:01.208332
2054,424,92,2,16.89,20,27.02,completed,2026-07-06T23:23:01.208332,2026-07-06T23:23:01.208332
2055,359,95,1,12.44,20,9.95,completed,2026-07-14T20:55:01.208332,2026-07-14T20:55:01.208332
2056,439,63,4,91.0,0,364.0,cancelled,2026-08-21T19:13:01.208332,2026-08-21T19:13:01.208332
2057,468,21,1,172.56,10,155.3,completed,2026-05-06T00:17:01.208332,2026-05-06T00:17:01.208332
2058,217,87,4,203.97,0,815.88,shipped,2026-07-11T12:52:01.208332,2026-07-11T12:52:01.208332
2059,201,10,5,36.02,15,153.09,completed,2026-04-16T02:59:01.208332,2026-04-16T02:59:01.208332
2060,357,25,5,116.03,5,551.14,completed,2026-03-13T07:33:01.208332,2026-03-13T07:33:01.208332
2061,166,97,5,143.24,20,572.96,completed,2026-07-20T03:46:01.208332,2026-07-20T03:46:01.208332
2062,436,91,3,146.76,5,418.27,completed,2026-06-22T18:30:01.208332,2026-06-22T18:30:01.208332
2063,296,18,4,131.71,15,447.81,completed,2026-05-22T10:11:01.208332,2026-05-22T10:11:01.208332
2064,460,19,2,106.58,0,213.16,cancelled,2026-07-20T00:39:01.208332,2026-07-20T00:39:01.208332
2065,101,95,1,12.44,0,12.44,processing,2026-07-05T18:07:01.208332,2026-07-05T18:07:01.208332
2066,53,87,2,203.97,5,387.54,shipped,2026-08-15T14:43:01.208332,2026-08-15T14:43:01.208332
2067,348,22,1,146.59,0,146.59,shipped,2026-04-29T07:56:01.208332,2026-04-29T07:56:01.208332
2068,92,7,1,89.48,10,80.53,completed,2026-06-21T22:41:01.208332,2026-06-21T22:41:01.208332
2069,304,56,2,16.97,15,28.85,shipped,2026-07-05T03:14:01.208332,2026-07-05T03:14:01.208332
2070,126,5,1,88.78,0,88.78,shipped,2026-05-06T19:20:01.208332,2026-05-06T19:20:01.208332
2071,155,89,5,214.41,0,1072.05,cancelled,2026-06-22T10:28:01.208332,2026-06-22T10:28:01.208332
2072,193,100,1,63.18,20,50.54,cancelled,2026-05-19T00:11:01.208332,2026-05-19T00:11:01.208332
2073,196,36,4,202.99,0,811.96,completed,2026-02-25T17:03:01.208332,2026-02-25T17:03:01.208332
2074,60,11,1,184.85,5,175.61,cancelled,2026-06-20T08:43:01.208332,2026-06-20T08:43:01.208332
2075,466,66,2,189.77,0,379.54,processing,2026-06-10T10:21:01.208332,2026-06-10T10:21:01.208332
2076,294,62,3,88.56,15,225.83,completed,2026-07-09T06:53:01.208332,2026-07-09T06:53:01.208332
2077,407,76,2,172.56,5,327.86,cancelled,2026-05-22T17:49:01.208332,2026-05-22T17:49:01.208332
2078,360,56,3,16.97,10,45.82,completed,2026-03-18T09:31:01.208332,2026-03-18T09:31:01.208332
2079,167,9,5,149.34,0,746.7,cancelled,2026-05-08T09:16:01.208332,2026-05-08T09:16:01.208332
2080,11,51,5,227.16,20,908.64,processing,2026-06-01T06:00:01.208332,2026-06-01T06:00:01.208332
2081,251,9,5,149.34,20,597.36,processing,2026-06-10T01:03:01.208332,2026-06-10T01:03:01.208332
2082,366,84,1,114.05,20,91.24,completed,2026-07-10T16:13:01.208332,2026-07-10T16:13:01.208332
2083,495,85,1,179.75,0,179.75,processing,2026-07-30T12:31:01.208332,2026-07-30T12:31:01.208332
2084,356,24,1,60.44,10,54.4,completed,2026-05-16T00:21:01.208332,2026-05-16T00:21:01.208332
2085,63,6,2,94.28,10,169.7,cancelled,2026-04-02T03:23:01.208332,2026-04-02T03:23:01.208332
2086,83,12,5,155.49,0,777.45,completed,2026-07-28T14:24:01.208332,2026-07-28T14:24:01.208332
2087,44,16,5,113.51,0,567.55,processing,2026-04-30T18:46:01.208332,2026-04-30T18:46:01.208332
2088,88,55,1,62.66,0,62.66,completed,2026-04-19T07:42:01.208332,2026-04-19T07:42:01.208332
2089,485,67,3,63.81,15,162.72,shipped,2026-05-31T19:53:01.208332,2026-05-31T19:53:01.208332
2090,72,74,4,241.53,15,821.2,processing,2026-04-21T13:36:01.208332,2026-04-21T13:36:01.208332
2091,467,46,5,224.33,10,1009.49,completed,2026-05-27T13:10:01.208332,2026-05-27T13:10:01.208332
2092,353,13,1,225.88,0,225.88,completed,2026-03-02T06:51:01.208332,2026-03-02T06:51:01.208332
2093,73,39,2,247.09,0,494.18,processing,2026-06-13T05:10:01.208332,2026-06-13T05:10:01.208332
2094,111,76,3,172.56,0,517.68,cancelled,2026-03-18T23:45:01.208332,2026-03-18T23:45:01.208332
2095,319,55,1,62.66,10,56.39,completed,2026-04-11T00:20:01.208332,2026-04-11T00:20:01.208332
2096,196,84,2,114.05,5,216.69,completed,2026-05-17T14:57:01.208332,2026-05-17T14:57:01.208332
2097,484,33,4,128.65,15,437.41,processing,2026-03-21T16:12:01.208332,2026-03-21T16:12:01.208332
2098,105,10,3,36.02,15,91.85,cancelled,2026-06-30T10:44:01.208332,2026-06-30T10:44:01.208332
2099,99,92,3,16.89,10,45.6,cancelled,2026-06-23T06:13:01.208332,2026-06-23T06:13:01.208332
2100,421,66,5,189.77,0,948.85,completed,2026-05-11T00:00:01.208332,2026-05-11T00:00:01.208332
2101,162,56,4,16.97,0,67.88,processing,2026-08-18T02:13:01.208332,2026-08-18T02:13:01.208332
2102,127,10,3,36.02,0,108.06,completed,2026-05-31T08:23:01.208332,2026-05-31T08:23:01.208332
2103,351,71,4,237.46,0,949.84,cancelled,2026-04-24T13:21:01.208332,2026-04-24T13:21:01.208332
2104,46,47,3,46.2,20,110.88,completed,2026-04-14T08:13:01.208332,2026-04-14T08:13:01.208332
2105,445,29,3,63.91,0,191.73,shipped,2026-03-13T10:18:01.208332,2026-03-13T10:18:01.208332
2106,497,29,4,63.91,0,255.64,completed,2026-07-16T02:10:01.208332,2026-07-16T02:10:01.208332
2107,90,68,3,191.02,10,515.75,shipped,2026-07-23T02:52:01.208332,2026-07-23T02:52:01.208332
2108,49,68,3,191.02,15,487.1,completed,2026-06-07T18:09:01.208332,2026-06-07T18:09:01.208332
2109,283,35,5,196.82,0,984.1,completed,2026-08-05T19:32:01.208332,2026-08-05T19:32:01.208332
2110,88,41,4,117.02,0,468.08,cancelled,2026-04-27T10:27:01.208332,2026-04-27T10:27:01.208332
2111,348,69,5,211.41,10,951.35,shipped,2026-08-03T03:58:01.208332,2026-08-03T03:58:01.208332
2112,245,76,2,172.56,0,345.12,cancelled,2026-02-25T07:51:01.208332,2026-02-25T07:51:01.208332
2113,263,92,2,16.89,15,28.71,completed,2026-03-18T14:28:01.208332,2026-03-18T14:28:01.208332
2114,194,73,3,155.74,0,467.22,cancelled,2026-08-09T19:05:01.208332,2026-08-09T19:05:01.208332
2115,328,48,2,179.54,15,305.22,shipped,2026-06-14T09:49:01.208332,2026-06-14T09:49:01.208332
2116,362,59,2,152.05,5,288.89,completed,2026-08-22T03:20:01.208332,2026-08-22T03:20:01.208332
2117,409,60,5,164.26,0,821.3,shipped,2026-04-14T19:27:01.208332,2026-04-14T19:27:01.208332
2118,267,92,2,16.89,0,33.78,completed,2026-06-19T07:29:01.208332,2026-06-19T07:29:01.208332
2119,486,40,4,157.04,20,502.53,completed,2026-04-21T12:44:01.208332,2026-04-21T12:44:01.208332
2120,325,11,1,184.85,15,157.12,completed,2026-04-08T07:06:01.208332,2026-04-08T07:06:01.208332
2121,85,74,1,241.53,0,241.53,completed,2026-07-08T22:22:01.208332,2026-07-08T22:22:01.208332
2122,284,64,1,190.48,5,180.96,processing,2026-06-26T20:22:01.208332,2026-06-26T20:22:01.208332
2123,478,94,2,91.68,5,174.19,processing,2026-05-25T05:18:01.208332,2026-05-25T05:18:01.208332
2124,351,87,5,203.97,15,866.87,shipped,2026-03-18T07:09:01.208332,2026-03-18T07:09:01.208332
2125,8,79,2,177.33,20,283.73,completed,2026-07-09T09:19:01.208332,2026-07-09T09:19:01.208332
2126,366,55,5,62.66,15,266.3,completed,2026-04-27T09:57:01.208332,2026-04-27T09:57:01.208332
2127,379,85,5,179.75,15,763.94,completed,2026-06-14T11:58:01.208332,2026-06-14T11:58:01.208332
2128,311,58,2,245.37,15,417.13,processing,2026-08-11T22:24:01.208332,2026-08-11T22:24:01.208332
2129,463,29,2,63.91,0,127.82,completed,2026-05-01T10:02:01.208332,2026-05-01T10:02:01.208332
2130,264,46,1,224.33,5,213.11,shipped,2026-05-24T19:16:01.208332,2026-05-24T19:16:01.208332
2131,88,48,1,179.54,0,179.54,cancelled,2026-08-08T23:53:01.208332,2026-08-08T23:53:01.208332
2132,128,70,1,40.29,0,40.29,shipped,2026-04-19T01:29:01.208332,2026-04-19T01:29:01.208332
2133,151,34,2,167.45,0,334.9,cancelled,2026-07-07T22:51:01.208332,2026-07-07T22:51:01.208332
2134,292,51,2,227.16,0,454.32,cancelled,2026-08-11T17:42:01.208332,2026-08-11T17:42:01.208332
2135,264,5,4,88.78,10,319.61,shipped,2026-07-28T00:52:01.208332,2026-07-28T00:52:01.208332
2136,30,46,1,224.33,10,201.9,completed,2026-05-18T09:41:01.208332,2026-05-18T09:41:01.208332
2137,153,46,1,224.33,0,224.33,cancelled,2026-04-28T06:19:01.208332,2026-04-28T06:19:01.208332
2138,96,52,3,101.29,0,303.87,shipped,2026-03-14T01:07:01.208332,2026-03-14T01:07:01.208332
2139,252,26,1,123.56,10,111.2,completed,2026-05-28T05:27:01.208332,2026-05-28T05:27:01.208332
2140,211,16,4,113.51,0,454.04,cancelled,2026-03-23T22:19:01.208332,2026-03-23T22:19:01.208332
2141,129,29,4,63.91,5,242.86,completed,2026-05-02T17:44:01.208332,2026-05-02T17:44:01.208332
2142,187,55,2,62.66,10,112.79,completed,2026-07-21T08:03:01.208332,2026-07-21T08:03:01.208332
2143,56,57,4,183.8,0,735.2,completed,2026-03-21T01:29:01.208332,2026-03-21T01:29:01.208332
2144,383,56,1,16.97,0,16.97,cancelled,2026-08-03T10:46:01.208332,2026-08-03T10:46:01.208332
2145,102,15,2,134.78,0,269.56,completed,2026-03-02T22:14:01.208332,2026-03-02T22:14:01.208332
2146,203,54,3,139.17,0,417.51,cancelled,2026-03-24T18:46:01.208332,2026-03-24T18:46:01.208332
2147,102,62,3,88.56,0,265.68,shipped,2026-05-11T06:09:01.208332,2026-05-11T06:09:01.208332
2148,282,64,2,190.48,0,380.96,shipped,2026-07-10T07:55:01.208332,2026-07-10T07:55:01.208332
2149,257,93,4,127.01,0,508.04,completed,2026-03-15T13:47:01.208332,2026-03-15T13:47:01.208332
2150,406,3,2,83.25,0,166.5,processing,2026-04-27T05:51:01.208332,2026-04-27T05:51:01.208332
2151,7,99,2,200.3,0,400.6,completed,2026-06-27T01:56:01.208332,2026-06-27T01:56:01.208332
2152,220,77,1,235.95,5,224.15,completed,2026-05-22T00:21:01.208332,2026-05-22T00:21:01.208332
2153,145,63,1,91.0,20,72.8,completed,2026-05-12T16:29:01.208332,2026-05-12T16:29:01.208332
2154,317,20,5,40.55,0,202.75,completed,2026-04-10T00:18:01.208332,2026-04-10T00:18:01.208332
2155,393,15,3,134.78,15,343.69,cancelled,2026-04-09T15:04:01.208332,2026-04-09T15:04:01.208332
2156,421,55,2,62.66,5,119.05,completed,2026-07-02T04:56:01.208332,2026-07-02T04:56:01.208332
2157,359,94,5,91.68,10,412.56,completed,2026-03-28T13:59:01.208332,2026-03-28T13:59:01.208332
2158,438,76,2,172.56,0,345.12,completed,2026-03-17T12:40:01.208332,2026-03-17T12:40:01.208332
2159,206,5,3,88.78,0,266.34,completed,2026-08-11T17:39:01.208332,2026-08-11T17:39:01.208332
2160,219,3,5,83.25,0,416.25,completed,2026-03-12T03:40:01.208332,2026-03-12T03:40:01.208332
2161,195,53,5,81.67,0,408.35,cancelled,2026-07-01T01:24:01.208332,2026-07-01T01:24:01.208332
2162,119,29,3,63.91,5,182.14,completed,2026-05-21T20:00:01.208332,2026-05-21T20:00:01.208332
2163,262,55,1,62.66,0,62.66,completed,2026-03-15T15:12:01.208332,2026-03-15T15:12:01.208332
2164,187,36,3,202.99,15,517.62,completed,2026-05-10T16:57:01.208332,2026-05-10T16:57:01.208332
2165,164,7,2,89.48,0,178.96,completed,2026-02-23T16:42:01.208332,2026-02-23T16:42:01.208332
2166,339,96,3,67.93,0,203.79,shipped,2026-04-16T12:56:01.208332,2026-04-16T12:56:01.208332
2167,144,78,1,152.1,5,144.49,completed,2026-03-29T05:56:01.208332,2026-03-29T05:56:01.208332
2168,486,63,3,91.0,0,273.0,completed,2026-04-20T00:07:01.208332,2026-04-20T00:07:01.208332
2169,50,86,1,186.11,15,158.19,completed,2026-06-04T01:04:01.208332,2026-06-04T01:04:01.208332
2170,170,47,3,46.2,15,117.81,processing,2026-07-15T09:01:01.208332,2026-07-15T09:01:01.208332
2171,271,78,3,152.1,0,456.3,completed,2026-06-21T23:20:01.208332,2026-06-21T23:20:01.208332
2172,108,75,4,16.16,0,64.64,completed,2026-08-04T02:34:01.208332,2026-08-04T02:34:01.208332
2173,67,81,5,137.86,0,689.3,processing,2026-03-03T01:40:01.208332,2026-03-03T01:40:01.208332
2174,496,84,2,114.05,0,228.1,shipped,2026-07-01T21:04:01.208332,2026-07-01T21:04:01.208332
2175,474,13,1,225.88,10,203.29,completed,2026-06-16T06:51:01.208332,2026-06-16T06:51:01.208332
2176,155,93,4,127.01,20,406.43,processing,2026-04-01T08:54:01.208332,2026-04-01T08:54:01.208332
2177,370,20,1,40.55,0,40.55,shipped,2026-03-30T11:56:01.208332,2026-03-30T11:56:01.208332
2178,282,92,3,16.89,20,40.54,processing,2026-07-28T23:05:01.208332,2026-07-28T23:05:01.208332
2179,500,45,3,66.28,5,188.9,cancelled,2026-06-18T06:17:01.208332,2026-06-18T06:17:01.208332
2180,61,56,1,16.97,5,16.12,processing,2026-05-10T21:01:01.208332,2026-05-10T21:01:01.208332
2181,477,65,1,210.38,0,210.38,completed,2026-06-12T16:06:01.208332,2026-06-12T16:06:01.208332
2182,357,17,3,85.34,0,256.02,processing,2026-08-16T14:20:01.208332,2026-08-16T14:20:01.208332
2183,32,89,2,214.41,15,364.5,shipped,2026-07-21T21:07:01.208332,2026-07-21T21:07:01.208332
2184,254,88,5,114.54,20,458.16,completed,2026-05-28T01:49:01.208332,2026-05-28T01:49:01.208332
2185,85,57,5,183.8,5,873.05,shipped,2026-06-05T23:57:01.208332,2026-06-05T23:57:01.208332
2186,206,78,3,152.1,0,456.3,completed,2026-03-29T02:33:01.208332,2026-03-29T02:33:01.208332
2187,82,74,2,241.53,10,434.75,completed,2026-06-30T10:23:01.208332,2026-06-30T10:23:01.208332
2188,451,66,4,189.77,10,683.17,cancelled,2026-07-02T10:35:01.208332,2026-07-02T10:35:01.208332
2189,269,34,3,167.45,20,401.88,completed,2026-04-04T17:01:01.208332,2026-04-04T17:01:01.208332
2190,363,35,5,196.82,0,984.1,completed,2026-03-26T17:57:01.208332,2026-03-26T17:57:01.208332
2191,24,69,2,211.41,0,422.82,cancelled,2026-03-02T17:09:01.208332,2026-03-02T17:09:01.208332
2192,76,36,2,202.99,0,405.98,completed,2026-08-01T14:14:01.208332,2026-08-01T14:14:01.208332
2193,329,32,2,109.47,10,197.05,completed,2026-03-16T17:59:01.208332,2026-03-16T17:59:01.208332
2194,333,45,5,66.28,0,331.4,completed,2026-04-23T16:23:01.208332,2026-04-23T16:23:01.208332
2195,485,91,5,146.76,0,733.8,completed,2026-07-05T01:10:01.208332,2026-07-05T01:10:01.208332
2196,210,79,3,177.33,0,531.99,completed,2026-08-21T23:02:01.208332,2026-08-21T23:02:01.208332
2197,321,2,3,63.38,0,190.14,completed,2026-07-06T13:52:01.208332,2026-07-06T13:52:01.208332
2198,91,33,1,128.65,10,115.79,processing,2026-06-23T06:13:01.208332,2026-06-23T06:13:01.208332
2199,55,93,4,127.01,15,431.83,cancelled,2026-04-11T10:43:01.208332,2026-04-11T10:43:01.208332
2200,325,78,5,152.1,0,760.5,shipped,2026-07-22T07:13:01.208332,2026-07-22T07:13:01.208332
2201,113,42,3,118.02,0,354.06,cancelled,2026-06-09T11:41:01.208332,2026-06-09T11:41:01.208332
2202,414,97,4,143.24,0,572.96,completed,2026-05-15T19:12:01.208332,2026-05-15T19:12:01.208332
2203,374,93,4,127.01,0,508.04,shipped,2026-03-22T14:26:01.208332,2026-03-22T14:26:01.208332
2204,48,64,2,190.48,5,361.91,completed,2026-03-29T06:45:01.208332,2026-03-29T06:45:01.208332
2205,97,73,4,155.74,15,529.52,cancelled,2026-03-28T10:34:01.208332,2026-03-28T10:34:01.208332
2206,145,3,3,83.25,0,249.75,completed,2026-08-03T18:05:01.208332,2026-08-03T18:05:01.208332
2207,419,51,5,227.16,0,1135.8,completed,2026-03-08T05:48:01.208332,2026-03-08T05:48:01.208332
2208,37,55,2,62.66,5,119.05,cancelled,2026-08-08T02:25:01.208332,2026-08-08T02:25:01.208332
2209,497,52,1,101.29,15,86.1,completed,2026-05-30T11:53:01.208332,2026-05-30T11:53:01.208332
2210,373,97,1,143.24,10,128.92,shipped,2026-03-13T18:05:01.208332,2026-03-13T18:05:01.208332
2211,197,3,1,83.25,20,66.6,cancelled,2026-02-26T01:34:01.208332,2026-02-26T01:34:01.208332
2212,479,6,2,94.28,0,188.56,completed,2026-07-13T19:03:01.208332,2026-07-13T19:03:01.208332
2213,138,19,5,106.58,0,532.9,completed,2026-07-17T20:25:01.208332,2026-07-17T20:25:01.208332
2214,491,14,5,20.65,15,87.76,completed,2026-07-22T13:22:01.208332,2026-07-22T13:22:01.208332
2215,437,91,1,146.76,0,146.76,shipped,2026-03-20T22:40:01.208332,2026-03-20T22:40:01.208332
2216,389,73,4,155.74,20,498.37,completed,2026-03-25T07:09:01.208332,2026-03-25T07:09:01.208332
2217,170,62,2,88.56,0,177.12,processing,2026-03-05T18:29:01.208332,2026-03-05T18:29:01.208332
2218,355,35,5,196.82,0,984.1,completed,2026-02-27T11:01:01.208332,2026-02-27T11:01:01.208332
2219,53,70,3,40.29,0,120.87,shipped,2026-05-27T17:19:01.208332,2026-05-27T17:19:01.208332
2220,73,1,2,101.81,0,203.62,shipped,2026-04-05T20:43:01.208332,2026-04-05T20:43:01.208332
2221,198,19,3,106.58,15,271.78,completed,2026-04-16T19:37:01.208332,2026-04-16T19:37:01.208332
2222,472,88,4,114.54,15,389.44,cancelled,2026-08-03T13:35:01.208332,2026-08-03T13:35:01.208332
2223,422,15,4,134.78,0,539.12,completed,2026-03-15T15:33:01.208332,2026-03-15T15:33:01.208332
2224,53,37,3,143.78,0,431.34,completed,2026-06-15T16:23:01.208332,2026-06-15T16:23:01.208332
2225,61,47,1,46.2,0,46.2,completed,2026-06-13T15:29:01.208332,2026-06-13T15:29:01.208332
2226,92,55,5,62.66,0,313.3,completed,2026-06-12T18:06:01.208332,2026-06-12T18:06:01.208332
2227,348,55,2,62.66,15,106.52,completed,2026-06-28T16:37:01.208332,2026-06-28T16:37:01.208332
2228,320,37,3,143.78,0,431.34,shipped,2026-04-13T22:47:01.208332,2026-04-13T22:47:01.208332
2229,339,48,3,179.54,20,430.9,cancelled,2026-08-07T17:02:01.208332,2026-08-07T17:02:01.208332
2230,409,10,1,36.02,20,28.82,completed,2026-08-12T11:07:01.208332,2026-08-12T11:07:01.208332
2231,399,84,2,114.05,0,228.1,shipped,2026-03-22T12:01:01.208332,2026-03-22T12:01:01.208332
2232,229,93,4,127.01,20,406.43,completed,2026-03-07T20:27:01.208332,2026-03-07T20:27:01.208332
2233,296,55,3,62.66,0,187.98,completed,2026-03-12T01:32:01.208332,2026-03-12T01:32:01.208332
2234,66,24,4,60.44,0,241.76,shipped,2026-04-22T17:28:01.208332,2026-04-22T17:28:01.208332
2235,218,62,4,88.56,10,318.82,cancelled,2026-07-18T01:13:01.208332,2026-07-18T01:13:01.208332
2236,171,18,2,131.71,5,250.25,processing,2026-05-10T19:31:01.208332,2026-05-10T19:31:01.208332
2237,255,69,5,211.41,5,1004.2,processing,2026-05-31T12:46:01.208332,2026-05-31T12:46:01.208332
2238,421,30,4,15.86,0,63.44,cancelled,2026-06-09T08:38:01.208332,2026-06-09T08:38:01.208332
2239,216,68,5,191.02,20,764.08,cancelled,2026-06-29T20:18:01.208332,2026-06-29T20:18:01.208332
2240,113,90,1,221.59,0,221.59,completed,2026-04-30T10:41:01.208332,2026-04-30T10:41:01.208332
2241,105,3,3,83.25,10,224.78,completed,2026-05-20T20:58:01.208332,2026-05-20T20:58:01.208332
2242,472,15,1,134.78,0,134.78,completed,2026-04-30T06:58:01.208332,2026-04-30T06:58:01.208332
2243,151,59,2,152.05,20,243.28,processing,2026-07-28T22:32:01.208332,2026-07-28T22:32:01.208332
2244,498,54,2,139.17,0,278.34,completed,2026-07-24T07:10:01.208332,2026-07-24T07:10:01.208332
2245,29,96,2,67.93,0,135.86,cancelled,2026-08-17T17:38:01.208332,2026-08-17T17:38:01.208332
2246,361,19,4,106.58,15,362.37,cancelled,2026-02-28T09:28:01.208332,2026-02-28T09:28:01.208332
2247,495,55,3,62.66,0,187.98,completed,2026-07-01T06:50:01.208332,2026-07-01T06:50:01.208332
2248,340,75,1,16.16,5,15.35,processing,2026-07-26T01:11:01.208332,2026-07-26T01:11:01.208332
2249,446,21,1,172.56,0,172.56,completed,2026-05-01T02:08:01.208332,2026-05-01T02:08:01.208332
2250,41,32,1,109.47,0,109.47,shipped,2026-06-07T05:09:01.208332,2026-06-07T05:09:01.208332
2251,77,98,2,165.02,5,313.54,completed,2026-07-08T23:01:01.208332,2026-07-08T23:01:01.208332
2252,384,68,3,191.02,5,544.41,cancelled,2026-05-09T12:20:01.208332,2026-05-09T12:20:01.208332
2253,173,57,1,183.8,0,183.8,completed,2026-03-15T20:29:01.208332,2026-03-15T20:29:01.208332
2254,31,83,1,213.9,10,192.51,completed,2026-07-10T08:06:01.208332,2026-07-10T08:06:01.208332
2255,258,21,1,172.56,5,163.93,shipped,2026-07-25T04:24:01.208332,2026-07-25T04:24:01.208332
2256,349,59,5,152.05,15,646.21,completed,2026-07-24T14:35:01.208332,2026-07-24T14:35:01.208332
2257,471,74,5,241.53,0,1207.65,completed,2026-07-02T17:34:01.208332,2026-07-02T17:34:01.208332
2258,217,21,3,172.56,0,517.68,shipped,2026-05-29T12:50:01.208332,2026-05-29T12:50:01.208332
2259,487,17,2,85.34,5,162.15,completed,2026-06-16T07:00:01.208332,2026-06-16T07:00:01.208332
2260,113,51,2,227.16,20,363.46,processing,2026-07-09T09:40:01.208332,2026-07-09T09:40:01.208332
2261,310,10,4,36.02,5,136.88,cancelled,2026-04-21T14:42:01.208332,2026-04-21T14:42:01.208332
2262,329,52,4,101.29,0,405.16,completed,2026-03-05T13:13:01.208332,2026-03-05T13:13:01.208332
2263,332,55,2,62.66,0,125.32,completed,2026-03-15T07:58:01.208332,2026-03-15T07:58:01.208332
2264,40,47,5,46.2,20,184.8,completed,2026-07-27T17:15:01.208332,2026-07-27T17:15:01.208332
2265,15,31,3,156.71,0,470.13,completed,2026-06-02T04:30:01.208332,2026-06-02T04:30:01.208332
2266,34,28,5,206.42,0,1032.1,completed,2026-07-11T07:39:01.208332,2026-07-11T07:39:01.208332
2267,97,71,2,237.46,15,403.68,completed,2026-08-11T18:06:01.208332,2026-08-11T18:06:01.208332
2268,124,35,1,196.82,10,177.14,completed,2026-06-06T10:00:01.208332,2026-06-06T10:00:01.208332
2269,289,62,1,88.56,0,88.56,completed,2026-04-21T20:47:01.208332,2026-04-21T20:47:01.208332
2270,484,40,1,157.04,0,157.04,completed,2026-07-10T10:30:01.208332,2026-07-10T10:30:01.208332
2271,491,51,5,227.16,0,1135.8,shipped,2026-04-21T20:19:01.208332,2026-04-21T20:19:01.208332
2272,372,46,2,224.33,15,381.36,completed,2026-06-26T10:06:01.208332,2026-06-26T10:06:01.208332
2273,170,53,5,81.67,0,408.35,completed,2026-05-26T00:24:01.208332,2026-05-26T00:24:01.208332
2274,13,76,4,172.56,5,655.73,completed,2026-06-10T08:12:01.208332,2026-06-10T08:12:01.208332
2275,149,21,2,172.56,15,293.35,completed,2026-05-18T21:42:01.208332,2026-05-18T21:42:01.208332
2276,454,81,1,137.86,15,117.18,completed,2026-04-06T18:06:01.208332,2026-04-06T18:06:01.208332
2277,414,88,2,114.54,20,183.26,completed,2026-07-04T09:46:01.208332,2026-07-04T09:46:01.208332
2278,494,65,5,210.38,15,894.12,cancelled,2026-06-14T09:59:01.208332,2026-06-14T09:59:01.208332
2279,268,99,3,200.3,5,570.86,completed,2026-07-16T13:37:01.208332,2026-07-16T13:37:01.208332
2280,174,38,3,42.0,10,113.4,shipped,2026-07-29T10:04:01.208332,2026-07-29T10:04:01.208332
2281,21,92,4,16.89,0,67.56,processing,2026-04-02T14:43:01.208332,2026-04-02T14:43:01.208332
2282,311,10,2,36.02,10,64.84,shipped,2026-06-17T21:13:01.208332,2026-06-17T21:13:01.208332
2283,50,2,2,63.38,20,101.41,completed,2026-08-01T01:27:01.208332,2026-08-01T01:27:01.208332
2284,281,12,4,155.49,0,621.96,completed,2026-05-17T09:27:01.208332,2026-05-17T09:27:01.208332
2285,87,38,2,42.0,0,84.0,processing,2026-04-15T14:13:01.208332,2026-04-15T14:13:01.208332
2286,187,46,1,224.33,0,224.33,cancelled,2026-03-28T05:14:01.208332,2026-03-28T05:14:01.208332
2287,396,59,3,152.05,5,433.34,completed,2026-08-20T17:25:01.208332,2026-08-20T17:25:01.208332
2288,391,57,2,183.8,0,367.6,processing,2026-08-19T11:42:01.208332,2026-08-19T11:42:01.208332
2289,250,6,3,94.28,20,226.27,shipped,2026-04-16T18:39:01.208332,2026-04-16T18:39:01.208332
2290,210,80,2,203.33,5,386.33,processing,2026-05-01T08:38:01.208332,2026-05-01T08:38:01.208332
2291,433,80,3,203.33,0,609.99,cancelled,2026-03-10T19:08:01.208332,2026-03-10T19:08:01.208332
2292,212,65,4,210.38,0,841.52,cancelled,2026-08-02T07:49:01.208332,2026-08-02T07:49:01.208332
2293,22,80,1,203.33,15,172.83,completed,2026-07-17T12:30:01.208332,2026-07-17T12:30:01.208332
2294,359,72,1,194.06,0,194.06,completed,2026-07-28T21:26:01.208332,2026-07-28T21:26:01.208332
2295,149,49,2,107.82,10,194.08,completed,2026-05-07T06:50:01.208332,2026-05-07T06:50:01.208332
2296,115,50,4,24.94,15,84.8,completed,2026-03-12T14:53:01.208332,2026-03-12T14:53:01.208332
2297,239,60,5,164.26,20,657.04,completed,2026-05-19T05:20:01.208332,2026-05-19T05:20:01.208332
2298,44,24,1,60.44,5,57.42,shipped,2026-07-13T10:45:01.208332,2026-07-13T10:45:01.208332
2299,103,52,3,101.29,0,303.87,completed,2026-04-22T08:36:01.208332,2026-04-22T08:36:01.208332
2300,310,63,2,91.0,15,154.7,shipped,2026-07-08T13:05:01.208332,2026-07-08T13:05:01.208332
2301,59,36,4,202.99,0,811.96,completed,2026-06-02T19:51:01.208332,2026-06-02T19:51:01.208332
2302,486,61,2,53.61,15,91.14,completed,2026-04-03T11:01:01.208332,2026-04-03T11:01:01.208332
2303,291,5,5,88.78,20,355.12,completed,2026-05-03T19:51:01.208332,2026-05-03T19:51:01.208332
2304,480,47,4,46.2,5,175.56,completed,2026-04-03T10:48:01.208332,2026-04-03T10:48:01.208332
2305,109,3,4,83.25,0,333.0,cancelled,2026-04-10T11:40:01.208332,2026-04-10T11:40:01.208332
2306,91,11,2,184.85,0,369.7,shipped,2026-04-14T11:04:01.208332,2026-04-14T11:04:01.208332
2307,42,39,4,247.09,20,790.69,processing,2026-05-11T00:09:01.208332,2026-05-11T00:09:01.208332
2308,110,86,3,186.11,0,558.33,completed,2026-07-24T19:05:01.208332,2026-07-24T19:05:01.208332
2309,48,55,3,62.66,20,150.38,completed,2026-04-18T15:33:01.208332,2026-04-18T15:33:01.208332
2310,102,45,4,66.28,5,251.86,processing,2026-05-21T03:51:01.208332,2026-05-21T03:51:01.208332
2311,353,21,4,172.56,0,690.24,cancelled,2026-08-08T17:34:01.208332,2026-08-08T17:34:01.208332
2312,293,50,1,24.94,10,22.45,processing,2026-07-16T03:39:01.208332,2026-07-16T03:39:01.208332
2313,102,10,5,36.02,10,162.09,completed,2026-03-21T22:12:01.208332,2026-03-21T22:12:01.208332
2314,341,94,3,91.68,0,275.04,shipped,2026-03-22T23:56:01.208332,2026-03-22T23:56:01.208332
2315,479,19,4,106.58,20,341.06,completed,2026-04-22T04:46:01.208332,2026-04-22T04:46:01.208332
2316,406,87,4,203.97,0,815.88,cancelled,2026-05-29T09:18:01.208332,2026-05-29T09:18:01.208332
2317,2,58,2,245.37,15,417.13,cancelled,2026-05-16T09:30:01.208332,2026-05-16T09:30:01.208332
2318,497,75,1,16.16,0,16.16,cancelled,2026-04-04T09:32:01.208332,2026-04-04T09:32:01.208332
2319,97,54,5,139.17,20,556.68,processing,2026-03-25T20:04:01.208332,2026-03-25T20:04:01.208332
2320,194,28,3,206.42,0,619.26,completed,2026-08-15T23:21:01.208332,2026-08-15T23:21:01.208332
2321,498,87,5,203.97,0,1019.85,completed,2026-05-02T00:02:01.208332,2026-05-02T00:02:01.208332
2322,9,39,3,247.09,10,667.14,completed,2026-07-22T16:51:01.208332,2026-07-22T16:51:01.208332
2323,359,64,4,190.48,5,723.82,completed,2026-05-09T07:22:01.208332,2026-05-09T07:22:01.208332
2324,181,70,4,40.29,10,145.04,completed,2026-08-19T22:08:01.208332,2026-08-19T22:08:01.208332
2325,59,23,4,210.09,5,798.34,completed,2026-05-02T12:33:01.208332,2026-05-02T12:33:01.208332
2326,284,77,2,235.95,10,424.71,shipped,2026-05-13T22:44:01.208332,2026-05-13T22:44:01.208332
2327,146,85,4,179.75,15,611.15,cancelled,2026-04-16T03:53:01.208332,2026-04-16T03:53:01.208332
2328,318,13,1,225.88,20,180.7,completed,2026-07-26T00:18:01.208332,2026-07-26T00:18:01.208332
2329,46,84,1,114.05,10,102.64,shipped,2026-08-12T08:30:01.208332,2026-08-12T08:30:01.208332
2330,54,64,5,190.48,10,857.16,cancelled,2026-03-13T17:58:01.208332,2026-03-13T17:58:01.208332
2331,228,65,5,210.38,20,841.52,cancelled,2026-03-01T12:57:01.208332,2026-03-01T12:57:01.208332
2332,149,54,2,139.17,0,278.34,shipped,2026-07-15T00:36:01.208332,2026-07-15T00:36:01.208332
2333,283,49,1,107.82,0,107.82,shipped,2026-07-29T11:47:01.208332,2026-07-29T11:47:01.208332
2334,487,16,3,113.51,20,272.42,shipped,2026-08-08T23:49:01.208332,2026-08-08T23:49:01.208332
2335,212,83,4,213.9,0,855.6,completed,2026-08-13T15:36:01.208332,2026-08-13T15:36:01.208332
2336,401,29,5,63.91,0,319.55,cancelled,2026-04-13T07:34:01.208332,2026-04-13T07:34:01.208332
2337,136,40,4,157.04,15,533.94,completed,2026-04-08T13:44:01.208332,2026-04-08T13:44:01.208332
2338,461,54,1,139.17,0,139.17,completed,2026-02-28T09:02:01.208332,2026-02-28T09:02:01.208332
2339,405,48,5,179.54,20,718.16,processing,2026-07-08T12:55:01.208332,2026-07-08T12:55:01.208332
2340,163,43,2,193.8,10,348.84,completed,2026-05-12T21:09:01.208332,2026-05-12T21:09:01.208332
2341,285,51,2,227.16,10,408.89,shipped,2026-06-20T21:56:01.208332,2026-06-20T21:56:01.208332
2342,425,7,5,89.48,5,425.03,cancelled,2026-03-19T01:24:01.208332,2026-03-19T01:24:01.208332
2343,200,94,2,91.68,5,174.19,completed,2026-08-07T04:45:01.208332,2026-08-07T04:45:01.208332
2344,265,21,4,172.56,0,690.24,cancelled,2026-03-13T17:25:01.208332,2026-03-13T17:25:01.208332
2345,411,17,5,85.34,0,426.7,processing,2026-06-18T13:10:01.208332,2026-06-18T13:10:01.208332
2346,402,51,3,227.16,20,545.18,completed,2026-06-04T06:02:01.208332,2026-06-04T06:02:01.208332
2347,486,42,2,118.02,0,236.04,completed,2026-03-12T13:50:01.208332,2026-03-12T13:50:01.208332
2348,224,2,5,63.38,0,316.9,processing,2026-02-28T15:54:01.208332,2026-02-28T15:54:01.208332
2349,363,70,1,40.29,10,36.26,completed,2026-05-04T05:07:01.208332,2026-05-04T05:07:01.208332
2350,381,94,2,91.68,5,174.19,cancelled,2026-06-19T02:22:01.208332,2026-06-19T02:22:01.208332
2351,399,46,2,224.33,0,448.66,completed,2026-06-22T09:16:01.208332,2026-06-22T09:16:01.208332
2352,153,25,5,116.03,20,464.12,cancelled,2026-04-09T05:53:01.208332,2026-04-09T05:53:01.208332
2353,400,49,3,107.82,15,274.94,completed,2026-03-05T00:27:01.208332,2026-03-05T00:27:01.208332
2354,43,19,1,106.58,15,90.59,processing,2026-08-21T21:00:01.208332,2026-08-21T21:00:01.208332
2355,444,14,1,20.65,5,19.62,processing,2026-08-11T09:21:01.208332,2026-08-11T09:21:01.208332
2356,63,14,2,20.65,0,41.3,completed,2026-04-12T07:02:01.208332,2026-04-12T07:02:01.208332
2357,48,10,4,36.02,20,115.26,completed,2026-04-30T09:20:01.208332,2026-04-30T09:20:01.208332
2358,201,13,4,225.88,20,722.82,shipped,2026-02-27T14:17:01.208332,2026-02-27T14:17:01.208332
2359,38,63,1,91.0,0,91.0,shipped,2026-06-28T17:23:01.208332,2026-06-28T17:23:01.208332
2360,193,41,4,117.02,20,374.46,completed,2026-03-24T22:14:01.208332,2026-03-24T22:14:01.208332
2361,153,2,2,63.38,15,107.75,cancelled,2026-06-06T20:54:01.208332,2026-06-06T20:54:01.208332
2362,311,5,1,88.78,0,88.78,shipped,2026-04-27T17:29:01.208332,2026-04-27T17:29:01.208332
2363,315,77,5,235.95,0,1179.75,processing,2026-03-24T10:22:01.208332,2026-03-24T10:22:01.208332
2364,380,33,1,128.65,0,128.65,completed,2026-06-13T22:30:01.208332,2026-06-13T22:30:01.208332
2365,275,3,5,83.25,10,374.62,completed,2026-07-12T03:03:01.208332,2026-07-12T03:03:01.208332
2366,111,47,1,46.2,0,46.2,completed,2026-02-28T23:14:01.208332,2026-02-28T23:14:01.208332
2367,71,29,1,63.91,15,54.32,completed,2026-06-29T12:01:01.208332,2026-06-29T12:01:01.208332
2368,138,36,4,202.99,0,811.96,completed,2026-08-16T03:05:01.208332,2026-08-16T03:05:01.208332
2369,179,91,5,146.76,15,623.73,shipped,2026-04-18T04:16:01.208332,2026-04-18T04:16:01.208332
2370,382,64,4,190.48,10,685.73,shipped,2026-08-14T21:00:01.208332,2026-08-14T21:00:01.208332
2371,473,25,3,116.03,0,348.09,cancelled,2026-03-31T14:54:01.208332,2026-03-31T14:54:01.208332
2372,434,92,3,16.89,5,48.14,processing,2026-03-14T07:55:01.208332,2026-03-14T07:55:01.208332
2373,407,99,5,200.3,0,1001.5,completed,2026-03-25T18:06:01.208332,2026-03-25T18:06:01.208332
2374,489,93,4,127.01,5,482.64,shipped,2026-08-03T07:37:01.208332,2026-08-03T07:37:01.208332
2375,217,77,3,235.95,20,566.28,processing,2026-04-22T15:00:01.208332,2026-04-22T15:00:01.208332
2376,56,78,4,152.1,5,577.98,processing,2026-03-31T22:57:01.208332,2026-03-31T22:57:01.208332
2377,181,48,1,179.54,5,170.56,completed,2026-03-26T01:05:01.208332,2026-03-26T01:05:01.208332
2378,491,66,3,189.77,10,512.38,completed,2026-05-09T04:50:01.208332,2026-05-09T04:50:01.208332
2379,310,83,5,213.9,0,1069.5,completed,2026-05-07T02:35:01.208332,2026-05-07T02:35:01.208332
2380,59,24,3,60.44,5,172.25,completed,2026-07-17T13:50:01.208332,2026-07-17T13:50:01.208332
2381,184,32,1,109.47,0,109.47,completed,2026-06-23T04:38:01.208332,2026-06-23T04:38:01.208332
2382,191,19,3,106.58,0,319.74,completed,2026-02-25T08:27:01.208332,2026-02-25T08:27:01.208332
2383,353,2,3,63.38,0,190.14,processing,2026-05-19T07:37:01.208332,2026-05-19T07:37:01.208332
2384,408,42,2,118.02,10,212.44,shipped,2026-03-07T15:45:01.208332,2026-03-07T15:45:01.208332
2385,146,78,2,152.1,10,273.78,completed,2026-04-04T04:28:01.208332,2026-04-04T04:28:01.208332
2386,288,36,5,202.99,20,811.96,cancelled,2026-07-30T03:22:01.208332,2026-07-30T03:22:01.208332
2387,39,74,4,241.53,15,821.2,shipped,2026-07-11T06:15:01.208332,2026-07-11T06:15:01.208332
2388,163,41,2,117.02,0,234.04,shipped,2026-03-04T15:20:01.208332,2026-03-04T15:20:01.208332
2389,256,6,3,94.28,5,268.7,completed,2026-03-17T07:25:01.208332,2026-03-17T07:25:01.208332
2390,232,22,5,146.59,0,732.95,shipped,2026-06-11T05:13:01.208332,2026-06-11T05:13:01.208332
2391,122,74,1,241.53,0,241.53,cancelled,2026-02-26T20:17:01.208332,2026-02-26T20:17:01.208332
2392,402,74,1,241.53,5,229.45,completed,2026-04-16T08:46:01.208332,2026-04-16T08:46:01.208332
2393,431,52,1,101.29,10,91.16,processing,2026-08-09T17:19:01.208332,2026-08-09T17:19:01.208332
2394,21,44,1,75.9,0,75.9,completed,2026-05-20T03:21:01.208332,2026-05-20T03:21:01.208332
2395,425,54,3,139.17,0,417.51,completed,2026-04-22T08:11:01.208332,2026-04-22T08:11:01.208332
2396,205,11,5,184.85,20,739.4,shipped,2026-04-21T14:38:01.208332,2026-04-21T14:38:01.208332
2397,314,7,4,89.48,0,357.92,shipped,2026-06-30T09:14:01.208332,2026-06-30T09:14:01.208332
2398,253,83,1,213.9,20,171.12,processing,2026-05-02T15:59:01.208332,2026-05-02T15:59:01.208332
2399,53,4,2,15.68,0,31.36,completed,2026-07-23T20:50:01.208332,2026-07-23T20:50:01.208332
2400,72,14,3,20.65,20,49.56,cancelled,2026-06-28T18:31:01.208332,2026-06-28T18:31:01.208332
2401,224,29,2,63.91,0,127.82,cancelled,2026-03-30T09:33:01.208332,2026-03-30T09:33:01.208332
2402,462,48,5,179.54,0,897.7,cancelled,2026-08-12T15:33:01.208332,2026-08-12T15:33:01.208332
2403,445,7,3,89.48,20,214.75,completed,2026-03-03T10:34:01.208332,2026-03-03T10:34:01.208332
2404,25,39,1,247.09,0,247.09,cancelled,2026-04-24T13:13:01.208332,2026-04-24T13:13:01.208332
2405,314,49,3,107.82,15,274.94,completed,2026-03-26T14:35:01.208332,2026-03-26T14:35:01.208332
2406,299,59,1,152.05,0,152.05,completed,2026-04-22T17:33:01.208332,2026-04-22T17:33:01.208332
2407,386,75,4,16.16,15,54.94,cancelled,2026-05-15T22:22:01.208332,2026-05-15T22:22:01.208332
2408,63,67,5,63.81,0,319.05,shipped,2026-06-08T19:11:01.208332,2026-06-08T19:11:01.208332
2409,339,63,3,91.0,0,273.0,cancelled,2026-07-14T06:05:01.208332,2026-07-14T06:05:01.208332
2410,248,29,1,63.91,0,63.91,completed,2026-07-13T01:57:01.208332,2026-07-13T01:57:01.208332
2411,365,11,3,184.85,10,499.09,completed,2026-07-25T16:54:01.208332,2026-07-25T16:54:01.208332
2412,338,83,2,213.9,15,363.63,completed,2026-03-09T19:13:01.208332,2026-03-09T19:13:01.208332
2413,498,64,1,190.48,0,190.48,cancelled,2026-02-25T23:43:01.208332,2026-02-25T23:43:01.208332
2414,111,60,4,164.26,0,657.04,completed,2026-05-23T08:55:01.208332,2026-05-23T08:55:01.208332
2415,175,27,5,78.11,20,312.44,processing,2026-05-30T15:40:01.208332,2026-05-30T15:40:01.208332
2416,440,41,3,117.02,15,298.4,cancelled,2026-05-17T06:01:01.208332,2026-05-17T06:01:01.208332
2417,79,65,1,210.38,0,210.38,completed,2026-04-04T10:15:01.208332,2026-04-04T10:15:01.208332
2418,198,58,5,245.37,10,1104.16,shipped,2026-04-01T13:22:01.208332,2026-04-01T13:22:01.208332
2419,97,9,3,149.34,5,425.62,cancelled,2026-03-25T11:45:01.208332,2026-03-25T11:45:01.208332
2420,158,74,1,241.53,0,241.53,completed,2026-05-18T12:18:01.208332,2026-05-18T12:18:01.208332
2421,382,15,2,134.78,0,269.56,shipped,2026-08-05T08:44:01.208332,2026-08-05T08:44:01.208332
2422,96,35,1,196.82,5,186.98,processing,2026-06-24T02:11:01.208332,2026-06-24T02:11:01.208332
2423,232,46,3,224.33,0,672.99,processing,2026-08-11T08:10:01.208332,2026-08-11T08:10:01.208332
2424,44,46,4,224.33,0,897.32,shipped,2026-03-23T00:26:01.208332,2026-03-23T00:26:01.208332
2425,258,56,5,16.97,0,84.85,shipped,2026-03-05T06:36:01.208332,2026-03-05T06:36:01.208332
2426,140,48,1,179.54,0,179.54,shipped,2026-06-21T16:14:01.208332,2026-06-21T16:14:01.208332
2427,375,55,2,62.66,0,125.32,shipped,2026-03-30T02:05:01.208332,2026-03-30T02:05:01.208332
2428,91,77,3,235.95,10,637.06,shipped,2026-06-14T04:20:01.208332,2026-06-14T04:20:01.208332
2429,266,56,1,16.97,15,14.42,cancelled,2026-03-04T16:15:01.208332,2026-03-04T16:15:01.208332
2430,128,15,2,134.78,0,269.56,completed,2026-03-05T06:31:01.208332,2026-03-05T06:31:01.208332
2431,295,35,2,196.82,0,393.64,completed,2026-05-31T11:17:01.208332,2026-05-31T11:17:01.208332
2432,142,29,5,63.91,15,271.62,shipped,2026-07-03T21:50:01.208332,2026-07-03T21:50:01.208332
2433,201,51,1,227.16,0,227.16,cancelled,2026-07-07T04:55:01.208332,2026-07-07T04:55:01.208332
2434,138,64,2,190.48,0,380.96,completed,2026-07-16T15:15:01.208332,2026-07-16T15:15:01.208332
2435,178,82,3,131.43,15,335.15,completed,2026-06-12T03:41:01.208332,2026-06-12T03:41:01.208332
2436,376,1,1,101.81,0,101.81,cancelled,2026-05-26T05:03:01.208332,2026-05-26T05:03:01.208332
2437,319,62,3,88.56,20,212.54,cancelled,2026-08-07T15:39:01.208332,2026-08-07T15:39:01.208332
2438,123,22,3,146.59,15,373.8,completed,2026-03-08T05:49:01.208332,2026-03-08T05:49:01.208332
2439,96,43,4,193.8,0,775.2,completed,2026-08-17T18:28:01.208332,2026-08-17T18:28:01.208332
2440,342,61,4,53.61,0,214.44,completed,2026-02-27T09:21:01.208332,2026-02-27T09:21:01.208332
2441,499,34,1,167.45,0,167.45,completed,2026-06-27T05:50:01.208332,2026-06-27T05:50:01.208332
2442,305,46,4,224.33,10,807.59,shipped,2026-02-23T18:45:01.208332,2026-02-23T18:45:01.208332
2443,448,32,4,109.47,0,437.88,completed,2026-03-03T19:44:01.208332,2026-03-03T19:44:01.208332
2444,291,88,3,114.54,20,274.9,processing,2026-04-06T03:46:01.208332,2026-04-06T03:46:01.208332
2445,258,22,2,146.59,20,234.54,completed,2026-03-12T16:39:01.208332,2026-03-12T16:39:01.208332
2446,156,95,3,12.44,5,35.45,cancelled,2026-05-23T22:06:01.208332,2026-05-23T22:06:01.208332
2447,180,70,3,40.29,15,102.74,completed,2026-05-23T03:53:01.208332,2026-05-23T03:53:01.208332
2448,187,59,1,152.05,20,121.64,completed,2026-04-28T19:00:01.208332,2026-04-28T19:00:01.208332
2449,364,43,5,193.8,20,775.2,processing,2026-06-24T11:09:01.208332,2026-06-24T11:09:01.208332
2450,248,15,3,134.78,15,343.69,cancelled,2026-05-29T03:15:01.208332,2026-05-29T03:15:01.208332
2451,328,3,2,83.25,5,158.17,completed,2026-07-29T11:26:01.208332,2026-07-29T11:26:01.208332
2452,338,19,3,106.58,5,303.75,completed,2026-03-01T05:23:01.208332,2026-03-01T05:23:01.208332
2453,296,95,4,12.44,0,49.76,cancelled,2026-04-02T03:44:01.208332,2026-04-02T03:44:01.208332
2454,46,25,4,116.03,15,394.5,completed,2026-03-15T05:55:01.208332,2026-03-15T05:55:01.208332
2455,450,81,5,137.86,5,654.84,processing,2026-08-22T08:05:01.208332,2026-08-22T08:05:01.208332
2456,90,34,3,167.45,0,502.35,processing,2026-05-05T18:47:01.208332,2026-05-05T18:47:01.208332
2457,214,36,3,202.99,0,608.97,processing,2026-03-03T01:56:01.208332,2026-03-03T01:56:01.208332
2458,267,90,3,221.59,20,531.82,completed,2026-06-15T01:50:01.208332,2026-06-15T01:50:01.208332
2459,222,59,5,152.05,20,608.2,completed,2026-07-17T20:09:01.208332,2026-07-17T20:09:01.208332
2460,148,15,1,134.78,5,128.04,cancelled,2026-08-11T09:30:01.208332,2026-08-11T09:30:01.208332
2461,76,60,2,164.26,10,295.67,completed,2026-08-18T13:49:01.208332,2026-08-18T13:49:01.208332
2462,320,72,2,194.06,0,388.12,completed,2026-05-23T05:20:01.208332,2026-05-23T05:20:01.208332
2463,34,38,1,42.0,5,39.9,completed,2026-03-03T01:17:01.208332,2026-03-03T01:17:01.208332
2464,145,76,1,172.56,0,172.56,completed,2026-05-23T12:04:01.208332,2026-05-23T12:04:01.208332
2465,3,56,3,16.97,15,43.27,completed,2026-07-25T10:38:01.208332,2026-07-25T10:38:01.208332
2466,26,33,2,128.65,0,257.3,completed,2026-08-02T13:33:01.208332,2026-08-02T13:33:01.208332
2467,403,65,5,210.38,0,1051.9,completed,2026-08-16T05:04:01.208332,2026-08-16T05:04:01.208332
2468,366,35,2,196.82,15,334.59,shipped,2026-03-31T09:52:01.208332,2026-03-31T09:52:01.208332
2469,300,11,3,184.85,0,554.55,shipped,2026-03-01T10:46:01.208332,2026-03-01T10:46:01.208332
2470,478,46,2,224.33,20,358.93,cancelled,2026-06-27T02:46:01.208332,2026-06-27T02:46:01.208332
2471,198,55,4,62.66,0,250.64,completed,2026-08-05T04:05:01.208332,2026-08-05T04:05:01.208332
2472,472,39,5,247.09,0,1235.45,processing,2026-03-27T03:32:01.208332,2026-03-27T03:32:01.208332
2473,224,87,3,203.97,20,489.53,completed,2026-06-08T20:25:01.208332,2026-06-08T20:25:01.208332
2474,350,99,2,200.3,0,400.6,shipped,2026-03-20T07:12:01.208332,2026-03-20T07:12:01.208332
2475,284,26,3,123.56,0,370.68,completed,2026-03-11T04:20:01.208332,2026-03-11T04:20:01.208332
2476,291,81,4,137.86,10,496.3,shipped,2026-03-28T23:31:01.208332,2026-03-28T23:31:01.208332
2477,401,56,1,16.97,0,16.97,shipped,2026-05-30T10:59:01.208332,2026-05-30T10:59:01.208332
2478,356,41,5,117.02,15,497.33,completed,2026-07-03T07:45:01.208332,2026-07-03T07:45:01.208332
2479,240,46,4,224.33,5,852.45,shipped,2026-05-11T03:35:01.208332,2026-05-11T03:35:01.208332
2480,237,4,5,15.68,0,78.4,shipped,2026-08-16T21:42:01.208332,2026-08-16T21:42:01.208332
2481,46,97,2,143.24,10,257.83,completed,2026-08-07T16:26:01.208332,2026-08-07T16:26:01.208332
2482,403,32,5,109.47,10,492.62,completed,2026-05-02T12:30:01.208332,2026-05-02T12:30:01.208332
2483,318,70,5,40.29,0,201.45,shipped,2026-03-05T08:16:01.208332,2026-03-05T08:16:01.208332
2484,65,52,1,101.29,5,96.23,processing,2026-07-20T14:18:01.208332,2026-07-20T14:18:01.208332
2485,236,7,1,89.48,0,89.48,cancelled,2026-04-13T18:46:01.208332,2026-04-13T18:46:01.208332
2486,55,43,5,193.8,0,969.0,completed,2026-07-23T05:28:01.208332,2026-07-23T05:28:01.208332
2487,290,62,3,88.56,20,212.54,completed,2026-03-06T16:17:01.208332,2026-03-06T16:17:01.208332
2488,380,75,5,16.16,15,68.68,completed,2026-07-04T02:46:01.208332,2026-07-04T02:46:01.208332
2489,360,27,5,78.11,0,390.55,cancelled,2026-06-05T21:59:01.208332,2026-06-05T21:59:01.208332
2490,496,64,2,190.48,0,380.96,cancelled,2026-08-05T12:54:01.208332,2026-08-05T12:54:01.208332
2491,328,20,3,40.55,15,103.4,cancelled,2026-04-21T04:40:01.208332,2026-04-21T04:40:01.208332
2492,480,1,4,101.81,10,366.52,completed,2026-06-28T19:18:01.208332,2026-06-28T19:18:01.208332
2493,59,9,1,149.34,0,149.34,completed,2026-06-13T12:22:01.208332,2026-06-13T12:22:01.208332
2494,267,13,2,225.88,0,451.76,shipped,2026-03-14T11:01:01.208332,2026-03-14T11:01:01.208332
2495,13,65,4,210.38,5,799.44,completed,2026-03-05T17:31:01.208332,2026-03-05T17:31:01.208332
2496,154,52,4,101.29,0,405.16,completed,2026-07-22T22:11:01.208332,2026-07-22T22:11:01.208332
2497,431,70,3,40.29,20,96.7,cancelled,2026-06-15T03:33:01.208332,2026-06-15T03:33:01.208332
2498,225,85,5,179.75,0,898.75,completed,2026-05-13T07:20:01.208332,2026-05-13T07:20:01.208332
2499,326,3,2,83.25,0,166.5,cancelled,2026-07-22T14:39:01.208332,2026-07-22T14:39:01.208332
2500,337,31,2,156.71,10,282.08,cancelled,2026-07-08T14:44:01.208332,2026-07-08T14:44:01.208332
2501,280,26,4,123.56,5,469.53,completed,2026-04-17T09:33:01.208332,2026-04-17T09:33:01.208332
2502,342,13,5,225.88,5,1072.93,cancelled,2026-05-01T11:17:01.208332,2026-05-01T11:17:01.208332
2503,141,51,4,227.16,15,772.34,completed,2026-07-19T04:59:01.208332,2026-07-19T04:59:01.208332
2504,238,54,4,139.17,0,556.68,completed,2026-02-28T16:34:01.208332,2026-02-28T16:34:01.208332
2505,235,16,5,113.51,5,539.17,processing,2026-02-25T14:30:01.208332,2026-02-25T14:30:01.208332
2506,156,5,5,88.78,5,421.7,completed,2026-03-03T08:37:01.208332,2026-03-03T08:37:01.208332
2507,493,18,4,131.71,15,447.81,completed,2026-05-18T00:55:01.208332,2026-05-18T00:55:01.208332
2508,5,21,3,172.56,10,465.91,processing,2026-07-29T09:35:01.208332,2026-07-29T09:35:01.208332
2509,108,45,5,66.28,5,314.83,completed,2026-05-27T23:53:01.208332,2026-05-27T23:53:01.208332
2510,90,84,2,114.05,0,228.1,cancelled,2026-06-23T00:11:01.208332,2026-06-23T00:11:01.208332
2511,289,44,4,75.9,15,258.06,completed,2026-07-29T21:55:01.208332,2026-07-29T21:55:01.208332
2512,143,98,3,165.02,5,470.31,cancelled,2026-03-08T00:22:01.208332,2026-03-08T00:22:01.208332
2513,248,49,4,107.82,10,388.15,completed,2026-06-23T13:27:01.208332,2026-06-23T13:27:01.208332
2514,295,91,5,146.76,20,587.04,processing,2026-06-23T13:10:01.208332,2026-06-23T13:10:01.208332
2515,133,17,3,85.34,10,230.42,processing,2026-08-16T11:40:01.208332,2026-08-16T11:40:01.208332
2516,179,75,5,16.16,20,64.64,completed,2026-05-08T02:28:01.208332,2026-05-08T02:28:01.208332
2517,24,4,2,15.68,0,31.36,cancelled,2026-03-13T04:09:01.208332,2026-03-13T04:09:01.208332
2518,55,64,4,190.48,0,761.92,completed,2026-07-11T22:27:01.208332,2026-07-11T22:27:01.208332
2519,396,94,2,91.68,0,183.36,completed,2026-08-06T09:37:01.208332,2026-08-06T09:37:01.208332
2520,373,50,4,24.94,0,99.76,processing,2026-03-06T20:55:01.208332,2026-03-06T20:55:01.208332
2521,129,15,1,134.78,20,107.82,completed,2026-07-10T02:52:01.208332,2026-07-10T02:52:01.208332
2522,227,98,3,165.02,10,445.55,completed,2026-06-18T12:31:01.208332,2026-06-18T12:31:01.208332
2523,473,23,3,210.09,0,630.27,shipped,2026-06-30T19:08:01.208332,2026-06-30T19:08:01.208332
2524,194,18,5,131.71,10,592.7,completed,2026-03-31T23:01:01.208332,2026-03-31T23:01:01.208332
2525,130,63,4,91.0,15,309.4,completed,2026-04-16T16:18:01.208332,2026-04-16T16:18:01.208332
2526,104,95,2,12.44,5,23.64,processing,2026-07-21T18:04:01.208332,2026-07-21T18:04:01.208332
2527,415,25,1,116.03,10,104.43,cancelled,2026-02-28T00:17:01.208332,2026-02-28T00:17:01.208332
2528,492,86,1,186.11,0,186.11,completed,2026-03-01T15:35:01.208332,2026-03-01T15:35:01.208332
2529,458,1,3,101.81,20,244.34,processing,2026-05-08T21:03:01.208332,2026-05-08T21:03:01.208332
2530,280,10,3,36.02,0,108.06,cancelled,2026-06-27T19:38:01.208332,2026-06-27T19:38:01.208332
2531,491,94,5,91.68,5,435.48,completed,2026-03-30T05:05:01.208332,2026-03-30T05:05:01.208332
2532,293,61,5,53.61,0,268.05,processing,2026-04-29T11:52:01.208332,2026-04-29T11:52:01.208332
2533,461,72,2,194.06,20,310.5,shipped,2026-03-07T19:46:01.208332,2026-03-07T19:46:01.208332
2534,219,81,4,137.86,20,441.15,processing,2026-03-08T11:59:01.208332,2026-03-08T11:59:01.208332
2535,41,17,5,85.34,0,426.7,completed,2026-03-13T23:15:01.208332,2026-03-13T23:15:01.208332
2536,256,30,1,15.86,10,14.27,completed,2026-06-02T00:00:01.208332,2026-06-02T00:00:01.208332
2537,12,29,3,63.91,20,153.38,shipped,2026-04-10T08:40:01.208332,2026-04-10T08:40:01.208332
2538,361,46,1,224.33,20,179.46,completed,2026-08-01T05:53:01.208332,2026-08-01T05:53:01.208332
2539,496,37,1,143.78,10,129.4,completed,2026-06-08T08:08:01.208332,2026-06-08T08:08:01.208332
2540,437,67,5,63.81,10,287.15,shipped,2026-04-21T10:33:01.208332,2026-04-21T10:33:01.208332
2541,317,8,5,220.49,15,937.08,completed,2026-08-04T22:44:01.208332,2026-08-04T22:44:01.208332
2542,299,61,3,53.61,15,136.71,completed,2026-03-01T01:20:01.208332,2026-03-01T01:20:01.208332
2543,174,54,3,139.17,0,417.51,completed,2026-04-25T11:59:01.208332,2026-04-25T11:59:01.208332
2544,72,27,5,78.11,20,312.44,completed,2026-07-07T04:42:01.208332,2026-07-07T04:42:01.208332
2545,474,97,1,143.24,0,143.24,completed,2026-05-24T10:44:01.208332,2026-05-24T10:44:01.208332
2546,413,73,5,155.74,15,661.89,completed,2026-07-25T14:33:01.208332,2026-07-25T14:33:01.208332
2547,178,10,4,36.02,10,129.67,processing,2026-07-08T04:22:01.208332,2026-07-08T04:22:01.208332
2548,476,11,5,184.85,5,878.04,completed,2026-08-14T22:07:01.208332,2026-08-14T22:07:01.208332
2549,139,93,1,127.01,0,127.01,shipped,2026-03-02T01:54:01.208332,2026-03-02T01:54:01.208332
2550,260,29,3,63.91,5,182.14,completed,2026-05-21T13:00:01.208332,2026-05-21T13:00:01.208332
2551,401,30,1,15.86,0,15.86,completed,2026-02-28T09:30:01.208332,2026-02-28T09:30:01.208332
2552,274,78,4,152.1,15,517.14,cancelled,2026-06-28T01:02:01.208332,2026-06-28T01:02:01.208332
2553,10,71,4,237.46,0,949.84,shipped,2026-05-05T01:44:01.208332,2026-05-05T01:44:01.208332
2554,357,17,4,85.34,15,290.16,processing,2026-05-12T07:13:01.208332,2026-05-12T07:13:01.208332
2555,71,15,4,134.78,0,539.12,processing,2026-08-05T22:03:01.208332,2026-08-05T22:03:01.208332
2556,463,48,3,179.54,0,538.62,shipped,2026-04-27T01:30:01.208332,2026-04-27T01:30:01.208332
2557,471,8,2,220.49,0,440.98,processing,2026-03-12T08:16:01.208332,2026-03-12T08:16:01.208332
2558,6,30,4,15.86,15,53.92,processing,2026-07-10T14:23:01.208332,2026-07-10T14:23:01.208332
2559,291,6,1,94.28,20,75.42,completed,2026-07-04T15:20:01.208332,2026-07-04T15:20:01.208332
2560,417,8,1,220.49,0,220.49,shipped,2026-03-18T15:59:01.208332,2026-03-18T15:59:01.208332
2561,93,37,1,143.78,0,143.78,processing,2026-04-28T06:05:01.208332,2026-04-28T06:05:01.208332
2562,336,32,3,109.47,0,328.41,shipped,2026-06-13T22:33:01.208332,2026-06-13T22:33:01.208332
2563,246,85,1,179.75,15,152.79,completed,2026-03-09T13:55:01.208332,2026-03-09T13:55:01.208332
2564,129,70,2,40.29,5,76.55,cancelled,2026-07-01T23:40:01.208332,2026-07-01T23:40:01.208332
2565,417,46,2,224.33,5,426.23,completed,2026-07-03T10:05:01.208332,2026-07-03T10:05:01.208332
2566,483,47,5,46.2,0,231.0,cancelled,2026-07-31T18:57:01.208332,2026-07-31T18:57:01.208332
2567,126,68,3,191.02,0,573.06,processing,2026-06-30T14:58:01.208332,2026-06-30T14:58:01.208332
2568,258,14,1,20.65,0,20.65,shipped,2026-08-06T12:23:01.208332,2026-08-06T12:23:01.208332
2569,362,80,4,203.33,0,813.32,completed,2026-03-09T21:06:01.208332,2026-03-09T21:06:01.208332
2570,467,18,5,131.71,0,658.55,cancelled,2026-04-20T02:39:01.208332,2026-04-20T02:39:01.208332
2571,284,27,1,78.11,0,78.11,completed,2026-07-05T13:33:01.208332,2026-07-05T13:33:01.208332
2572,19,31,4,156.71,15,532.81,shipped,2026-07-12T17:10:01.208332,2026-07-12T17:10:01.208332
2573,488,15,1,134.78,5,128.04,completed,2026-07-25T20:19:01.208332,2026-07-25T20:19:01.208332
2574,139,36,5,202.99,5,964.2,completed,2026-04-19T06:53:01.208332,2026-04-19T06:53:01.208332
2575,31,36,5,202.99,5,964.2,completed,2026-05-24T18:36:01.208332,2026-05-24T18:36:01.208332
2576,442,49,4,107.82,5,409.72,completed,2026-03-03T16:25:01.208332,2026-03-03T16:25:01.208332
2577,106,49,2,107.82,15,183.29,processing,2026-05-13T01:48:01.208332,2026-05-13T01:48:01.208332
2578,27,85,3,179.75,0,539.25,completed,2026-06-02T04:25:01.208332,2026-06-02T04:25:01.208332
2579,480,4,5,15.68,20,62.72,completed,2026-08-05T04:40:01.208332,2026-08-05T04:40:01.208332
2580,473,34,5,167.45,0,837.25,completed,2026-07-11T10:51:01.208332,2026-07-11T10:51:01.208332
2581,175,93,5,127.01,5,603.3,shipped,2026-07-31T04:51:01.208332,2026-07-31T04:51:01.208332
2582,401,94,1,91.68,20,73.34,processing,2026-03-15T11:30:01.208332,2026-03-15T11:30:01.208332
2583,199,93,3,127.01,20,304.82,processing,2026-08-13T08:26:01.208332,2026-08-13T08:26:01.208332
2584,238,55,5,62.66,15,266.3,processing,2026-06-07T01:19:01.208332,2026-06-07T01:19:01.208332
2585,134,21,4,172.56,5,655.73,completed,2026-07-09T08:05:01.208332,2026-07-09T08:05:01.208332
2586,68,2,3,63.38,20,152.11,completed,2026-06-27T20:41:01.208332,2026-06-27T20:41:01.208332
2587,44,32,5,109.47,0,547.35,processing,2026-04-26T01:04:01.208332,2026-04-26T01:04:01.208332
2588,203,5,5,88.78,0,443.9,completed,2026-04-30T10:38:01.208332,2026-04-30T10:38:01.208332
2589,338,33,5,128.65,0,643.25,completed,2026-03-18T05:28:01.208332,2026-03-18T05:28:01.208332
2590,292,85,3,179.75,20,431.4,completed,2026-04-12T18:03:01.208332,2026-04-12T18:03:01.208332
2591,228,60,1,164.26,5,156.05,shipped,2026-02-25T05:07:01.208332,2026-02-25T05:07:01.208332
2592,19,46,4,224.33,15,762.72,processing,2026-07-27T07:16:01.208332,2026-07-27T07:16:01.208332
2593,112,53,1,81.67,10,73.5,completed,2026-08-13T12:11:01.208332,2026-08-13T12:11:01.208332
2594,142,79,5,177.33,0,886.65,completed,2026-08-16T03:22:01.208332,2026-08-16T03:22:01.208332
2595,226,24,3,60.44,20,145.06,completed,2026-07-16T19:40:01.208332,2026-07-16T19:40:01.208332
2596,133,64,2,190.48,0,380.96,completed,2026-06-18T08:21:01.208332,2026-06-18T08:21:01.208332
2597,76,80,1,203.33,0,203.33,cancelled,2026-03-16T10:23:01.208332,2026-03-16T10:23:01.208332
2598,20,24,5,60.44,20,241.76,processing,2026-05-14T18:06:01.208332,2026-05-14T18:06:01.208332
2599,163,6,5,94.28,15,400.69,completed,2026-04-06T02:18:01.208332,2026-04-06T02:18:01.208332
2600,488,92,3,16.89,0,50.67,cancelled,2026-02-26T12:47:01.208332,2026-02-26T12:47:01.208332
2601,433,46,5,224.33,15,953.4,processing,2026-03-03T17:48:01.208332,2026-03-03T17:48:01.208332
2602,121,45,1,66.28,0,66.28,shipped,2026-05-26T21:12:01.208332,2026-05-26T21:12:01.208332
2603,58,66,1,189.77,0,189.77,completed,2026-04-01T17:50:01.208332,2026-04-01T17:50:01.208332
2604,293,48,4,179.54,0,718.16,shipped,2026-06-20T10:48:01.208332,2026-06-20T10:48:01.208332
2605,449,37,2,143.78,0,287.56,processing,2026-04-24T01:02:01.208332,2026-04-24T01:02:01.208332
2606,404,47,3,46.2,5,131.67,cancelled,2026-08-05T23:07:01.208332,2026-08-05T23:07:01.208332
2607,192,61,3,53.61,10,144.75,completed,2026-03-01T06:29:01.208332,2026-03-01T06:29:01.208332
2608,189,6,3,94.28,0,282.84,processing,2026-08-08T14:23:01.208332,2026-08-08T14:23:01.208332
2609,14,14,5,20.65,0,103.25,completed,2026-07-20T16:43:01.208332,2026-07-20T16:43:01.208332
2610,262,92,5,16.89,20,67.56,cancelled,2026-06-09T10:55:01.208332,2026-06-09T10:55:01.208332
2611,177,28,4,206.42,20,660.54,completed,2026-06-09T16:09:01.208332,2026-06-09T16:09:01.208332
2612,337,93,2,127.01,5,241.32,cancelled,2026-07-12T10:16:01.208332,2026-07-12T10:16:01.208332
2613,41,10,2,36.02,10,64.84,processing,2026-05-26T06:10:01.208332,2026-05-26T06:10:01.208332
2614,323,71,4,237.46,10,854.86,completed,2026-07-07T01:05:01.208332,2026-07-07T01:05:01.208332
2615,434,68,1,191.02,10,171.92,cancelled,2026-05-20T14:00:01.208332,2026-05-20T14:00:01.208332
2616,269,67,4,63.81,0,255.24,completed,2026-04-13T14:26:01.208332,2026-04-13T14:26:01.208332
2617,429,74,3,241.53,0,724.59,completed,2026-04-24T10:24:01.208332,2026-04-24T10:24:01.208332
2618,410,99,3,200.3,0,600.9,completed,2026-05-17T13:52:01.208332,2026-05-17T13:52:01.208332
2619,384,15,2,134.78,5,256.08,shipped,2026-07-07T00:00:01.208332,2026-07-07T00:00:01.208332
2620,186,11,3,184.85,10,499.09,completed,2026-05-26T15:33:01.208332,2026-05-26T15:33:01.208332
2621,469,47,4,46.2,10,166.32,shipped,2026-04-06T12:46:01.208332,2026-04-06T12:46:01.208332
2622,403,54,2,139.17,10,250.51,completed,2026-07-24T07:10:01.208332,2026-07-24T07:10:01.208332
2623,474,69,2,211.41,20,338.26,shipped,2026-08-08T03:00:01.208332,2026-08-08T03:00:01.208332
2624,346,75,2,16.16,10,29.09,completed,2026-04-11T23:32:01.208332,2026-04-11T23:32:01.208332
2625,175,41,1,117.02,0,117.02,shipped,2026-05-08T23:08:01.208332,2026-05-08T23:08:01.208332
2626,259,19,5,106.58,5,506.25,completed,2026-06-18T18:22:01.208332,2026-06-18T18:22:01.208332
2627,461,24,4,60.44,0,241.76,completed,2026-03-25T23:00:01.208332,2026-03-25T23:00:01.208332
2628,215,34,5,167.45,15,711.66,shipped,2026-08-11T22:08:01.208332,2026-08-11T22:08:01.208332
2629,381,13,2,225.88,20,361.41,shipped,2026-03-01T19:14:01.208332,2026-03-01T19:14:01.208332
2630,13,89,2,214.41,0,428.82,processing,2026-03-19T16:44:01.208332,2026-03-19T16:44:01.208332
2631,444,68,4,191.02,5,725.88,completed,2026-04-29T02:37:01.208332,2026-04-29T02:37:01.208332
2632,206,90,5,221.59,0,1107.95,completed,2026-07-03T05:04:01.208332,2026-07-03T05:04:01.208332
2633,61,44,3,75.9,10,204.93,processing,2026-06-14T10:04:01.208332,2026-06-14T10:04:01.208332
2634,56,93,1,127.01,0,127.01,completed,2026-07-08T02:00:01.208332,2026-07-08T02:00:01.208332
2635,487,58,4,245.37,15,834.26,cancelled,2026-05-16T11:22:01.208332,2026-05-16T11:22:01.208332
2636,428,56,3,16.97,20,40.73,cancelled,2026-05-21T10:52:01.208332,2026-05-21T10:52:01.208332
2637,69,94,2,91.68,15,155.86,processing,2026-07-13T00:52:01.208332,2026-07-13T00:52:01.208332
2638,470,66,1,189.77,0,189.77,completed,2026-08-05T15:17:01.208332,2026-08-05T15:17:01.208332
2639,304,76,3,172.56,15,440.03,shipped,2026-06-21T19:39:01.208332,2026-06-21T19:39:01.208332
2640,195,42,4,118.02,0,472.08,cancelled,2026-05-27T04:46:01.208332,2026-05-27T04:46:01.208332
2641,302,36,1,202.99,0,202.99,shipped,2026-04-18T17:30:01.208332,2026-04-18T17:30:01.208332
2642,175,7,5,89.48,10,402.66,processing,2026-08-05T22:44:01.208332,2026-08-05T22:44:01.208332
2643,297,66,4,189.77,0,759.08,shipped,2026-04-23T08:42:01.208332,2026-04-23T08:42:01.208332
2644,164,97,2,143.24,0,286.48,cancelled,2026-03-03T05:34:01.208332,2026-03-03T05:34:01.208332
2645,452,94,2,91.68,5,174.19,completed,2026-05-29T02:30:01.208332,2026-05-29T02:30:01.208332
2646,295,79,3,177.33,0,531.99,completed,2026-04-27T19:56:01.208332,2026-04-27T19:56:01.208332
2647,85,16,3,113.51,0,340.53,shipped,2026-05-23T04:30:01.208332,2026-05-23T04:30:01.208332
2648,115,22,3,146.59,0,439.77,completed,2026-06-13T22:45:01.208332,2026-06-13T22:45:01.208332
2649,474,30,3,15.86,0,47.58,completed,2026-03-13T01:41:01.208332,2026-03-13T01:41:01.208332
2650,283,66,2,189.77,0,379.54,completed,2026-06-12T12:46:01.208332,2026-06-12T12:46:01.208332
2651,492,70,5,40.29,20,161.16,completed,2026-03-31T02:54:01.208332,2026-03-31T02:54:01.208332
2652,251,4,3,15.68,0,47.04,processing,2026-04-15T21:44:01.208332,2026-04-15T21:44:01.208332
2653,219,94,4,91.68,10,330.05,shipped,2026-03-18T13:38:01.208332,2026-03-18T13:38:01.208332
2654,152,15,1,134.78,5,128.04,shipped,2026-08-04T09:56:01.208332,2026-08-04T09:56:01.208332
2655,253,34,1,167.45,20,133.96,completed,2026-03-20T12:08:01.208332,2026-03-20T12:08:01.208332
2656,375,86,1,186.11,0,186.11,completed,2026-07-19T21:31:01.208332,2026-07-19T21:31:01.208332
2657,382,29,1,63.91,0,63.91,processing,2026-03-24T03:07:01.208332,2026-03-24T03:07:01.208332
2658,172,36,4,202.99,15,690.17,processing,2026-07-07T11:54:01.208332,2026-07-07T11:54:01.208332
2659,345,100,1,63.18,15,53.7,completed,2026-06-28T20:00:01.208332,2026-06-28T20:00:01.208332
2660,457,5,4,88.78,0,355.12,cancelled,2026-08-12T07:56:01.208332,2026-08-12T07:56:01.208332
2661,407,67,3,63.81,0,191.43,processing,2026-07-26T18:38:01.208332,2026-07-26T18:38:01.208332
2662,339,81,1,137.86,15,117.18,completed,2026-06-17T19:01:01.208332,2026-06-17T19:01:01.208332
2663,126,18,5,131.71,5,625.62,completed,2026-08-01T08:41:01.208332,2026-08-01T08:41:01.208332
2664,345,26,3,123.56,5,352.15,shipped,2026-03-23T03:59:01.208332,2026-03-23T03:59:01.208332
2665,417,24,4,60.44,0,241.76,completed,2026-03-19T14:10:01.208332,2026-03-19T14:10:01.208332
2666,326,12,5,155.49,20,621.96,cancelled,2026-07-05T06:26:01.208332,2026-07-05T06:26:01.208332
2667,110,1,4,101.81,0,407.24,processing,2026-05-23T22:13:01.208332,2026-05-23T22:13:01.208332
2668,313,27,2,78.11,0,156.22,cancelled,2026-05-10T17:19:01.208332,2026-05-10T17:19:01.208332
2669,135,79,4,177.33,15,602.92,completed,2026-06-09T21:27:01.208332,2026-06-09T21:27:01.208332
2670,327,45,4,66.28,10,238.61,completed,2026-06-23T04:35:01.208332,2026-06-23T04:35:01.208332
2671,450,39,2,247.09,0,494.18,shipped,2026-06-25T04:47:01.208332,2026-06-25T04:47:01.208332
2672,251,81,4,137.86,10,496.3,processing,2026-04-29T14:40:01.208332,2026-04-29T14:40:01.208332
2673,247,38,1,42.0,0,42.0,completed,2026-03-16T01:18:01.208332,2026-03-16T01:18:01.208332
2674,215,58,3,245.37,0,736.11,shipped,2026-06-24T04:30:01.208332,2026-06-24T04:30:01.208332
2675,60,23,4,210.09,0,840.36,completed,2026-06-23T20:37:01.208332,2026-06-23T20:37:01.208332
2676,178,90,4,221.59,15,753.41,shipped,2026-03-18T21:51:01.208332,2026-03-18T21:51:01.208332
2677,431,63,5,91.0,5,432.25,completed,2026-06-28T16:53:01.208332,2026-06-28T16:53:01.208332
2678,15,38,3,42.0,10,113.4,shipped,2026-04-03T18:10:01.208332,2026-04-03T18:10:01.208332
2679,32,72,3,194.06,0,582.18,completed,2026-06-26T11:26:01.208332,2026-06-26T11:26:01.208332
2680,211,51,4,227.16,5,863.21,completed,2026-05-07T04:13:01.208332,2026-05-07T04:13:01.208332
2681,468,7,3,89.48,5,255.02,completed,2026-07-06T03:51:01.208332,2026-07-06T03:51:01.208332
2682,174,82,1,131.43,0,131.43,shipped,2026-05-16T02:07:01.208332,2026-05-16T02:07:01.208332
2683,114,74,2,241.53,10,434.75,cancelled,2026-04-02T03:16:01.208332,2026-04-02T03:16:01.208332
2684,57,79,5,177.33,0,886.65,processing,2026-03-19T02:55:01.208332,2026-03-19T02:55:01.208332
2685,277,3,1,83.25,20,66.6,completed,2026-05-03T15:03:01.208332,2026-05-03T15:03:01.208332
2686,400,91,3,146.76,0,440.28,processing,2026-07-13T04:45:01.208332,2026-07-13T04:45:01.208332
2687,33,84,1,114.05,10,102.64,completed,2026-04-02T21:53:01.208332,2026-04-02T21:53:01.208332
2688,275,26,2,123.56,20,197.7,shipped,2026-06-01T02:52:01.208332,2026-06-01T02:52:01.208332
2689,441,92,2,16.89,0,33.78,completed,2026-07-19T11:14:01.208332,2026-07-19T11:14:01.208332
2690,467,48,3,179.54,5,511.69,processing,2026-04-03T20:24:01.208332,2026-04-03T20:24:01.208332
2691,376,32,1,109.47,0,109.47,completed,2026-07-27T12:20:01.208332,2026-07-27T12:20:01.208332
2692,387,68,1,191.02,10,171.92,shipped,2026-05-07T00:58:01.208332,2026-05-07T00:58:01.208332
2693,22,21,3,172.56,0,517.68,completed,2026-02-28T00:17:01.208332,2026-02-28T00:17:01.208332
2694,324,99,2,200.3,0,400.6,cancelled,2026-04-14T04:45:01.208332,2026-04-14T04:45:01.208332
2695,64,49,4,107.82,0,431.28,cancelled,2026-07-22T13:33:01.208332,2026-07-22T13:33:01.208332
2696,449,35,1,196.82,0,196.82,processing,2026-03-09T01:11:01.208332,2026-03-09T01:11:01.208332
2697,370,91,4,146.76,0,587.04,cancelled,2026-02-26T06:46:01.208332,2026-02-26T06:46:01.208332
2698,426,70,5,40.29,0,201.45,cancelled,2026-03-12T23:51:01.208332,2026-03-12T23:51:01.208332
2699,302,51,2,227.16,20,363.46,completed,2026-06-13T20:40:01.208332,2026-06-13T20:40:01.208332
2700,402,42,4,118.02,10,424.87,completed,2026-07-08T22:41:01.208332,2026-07-08T22:41:01.208332
2701,155,36,4,202.99,0,811.96,completed,2026-03-13T17:52:01.208332,2026-03-13T17:52:01.208332
2702,497,84,5,114.05,5,541.74,completed,2026-05-03T03:40:01.208332,2026-05-03T03:40:01.208332
2703,220,12,2,155.49,5,295.43,completed,2026-06-05T17:23:01.208332,2026-06-05T17:23:01.208332
2704,248,37,5,143.78,10,647.01,shipped,2026-04-09T03:06:01.208332,2026-04-09T03:06:01.208332
2705,9,64,4,190.48,0,761.92,processing,2026-07-12T10:39:01.208332,2026-07-12T10:39:01.208332
2706,366,14,4,20.65,0,82.6,completed,2026-06-08T19:09:01.208332,2026-06-08T19:09:01.208332
2707,204,99,2,200.3,5,380.57,shipped,2026-05-01T22:08:01.208332,2026-05-01T22:08:01.208332
2708,289,14,3,20.65,0,61.95,cancelled,2026-03-21T18:30:01.208332,2026-03-21T18:30:01.208332
2709,500,11,1,184.85,10,166.37,completed,2026-03-26T09:51:01.208332,2026-03-26T09:51:01.208332
2710,443,63,5,91.0,0,455.0,completed,2026-03-10T20:52:01.208332,2026-03-10T20:52:01.208332
2711,207,79,4,177.33,10,638.39,processing,2026-07-05T05:20:01.208332,2026-07-05T05:20:01.208332
2712,390,30,1,15.86,20,12.69,completed,2026-05-24T10:08:01.208332,2026-05-24T10:08:01.208332
2713,211,40,3,157.04,20,376.9,completed,2026-03-23T00:24:01.208332,2026-03-23T00:24:01.208332
2714,165,89,5,214.41,10,964.85,completed,2026-05-08T14:32:01.208332,2026-05-08T14:32:01.208332
2715,138,89,2,214.41,20,343.06,shipped,2026-06-05T23:34:01.208332,2026-06-05T23:34:01.208332
2716,280,64,3,190.48,15,485.72,completed,2026-04-07T12:19:01.208332,2026-04-07T12:19:01.208332
2717,237,91,4,146.76,10,528.34,cancelled,2026-06-04T14:21:01.208332,2026-06-04T14:21:01.208332
2718,376,11,1,184.85,5,175.61,completed,2026-06-30T21:27:01.208332,2026-06-30T21:27:01.208332
2719,193,17,1,85.34,0,85.34,cancelled,2026-05-29T06:00:01.208332,2026-05-29T06:00:01.208332
2720,63,22,2,146.59,5,278.52,completed,2026-07-31T22:21:01.208332,2026-07-31T22:21:01.208332
2721,20,55,4,62.66,0,250.64,processing,2026-06-17T14:07:01.208332,2026-06-17T14:07:01.208332
2722,250,18,5,131.71,5,625.62,completed,2026-05-07T07:23:01.208332,2026-05-07T07:23:01.208332
2723,152,16,4,113.51,0,454.04,cancelled,2026-07-04T15:50:01.208332,2026-07-04T15:50:01.208332
2724,139,67,3,63.81,10,172.29,completed,2026-08-04T12:50:01.208332,2026-08-04T12:50:01.208332
2725,289,84,2,114.05,0,228.1,processing,2026-04-17T10:15:01.208332,2026-04-17T10:15:01.208332
2726,351,27,5,78.11,15,331.97,processing,2026-05-02T04:23:01.208332,2026-05-02T04:23:01.208332
2727,310,33,4,128.65,5,488.87,completed,2026-04-02T22:34:01.208332,2026-04-02T22:34:01.208332
2728,475,96,2,67.93,0,135.86,cancelled,2026-05-30T01:24:01.208332,2026-05-30T01:24:01.208332
2729,425,61,1,53.61,0,53.61,completed,2026-05-10T09:13:01.208332,2026-05-10T09:13:01.208332
2730,77,61,1,53.61,0,53.61,cancelled,2026-04-21T08:49:01.208332,2026-04-21T08:49:01.208332
2731,97,26,1,123.56,10,111.2,completed,2026-05-18T01:59:01.208332,2026-05-18T01:59:01.208332
2732,49,8,5,220.49,5,1047.33,completed,2026-06-11T19:34:01.208332,2026-06-11T19:34:01.208332
2733,35,45,5,66.28,0,331.4,cancelled,2026-04-27T09:30:01.208332,2026-04-27T09:30:01.208332
2734,8,25,3,116.03,0,348.09,shipped,2026-07-23T00:17:01.208332,2026-07-23T00:17:01.208332
2735,300,94,3,91.68,0,275.04,shipped,2026-06-17T06:51:01.208332,2026-06-17T06:51:01.208332
2736,479,33,5,128.65,10,578.93,cancelled,2026-06-20T09:33:01.208332,2026-06-20T09:33:01.208332
2737,104,10,5,36.02,0,180.1,cancelled,2026-03-14T08:16:01.208332,2026-03-14T08:16:01.208332
2738,111,36,2,202.99,0,405.98,completed,2026-06-06T05:02:01.208332,2026-06-06T05:02:01.208332
2739,65,67,5,63.81,15,271.19,shipped,2026-07-13T01:18:01.208332,2026-07-13T01:18:01.208332
2740,170,74,5,241.53,10,1086.89,cancelled,2026-04-15T01:38:01.208332,2026-04-15T01:38:01.208332
2741,447,79,4,177.33,0,709.32,completed,2026-03-26T04:48:01.208332,2026-03-26T04:48:01.208332
2742,402,30,2,15.86,0,31.72,processing,2026-08-11T19:37:01.208332,2026-08-11T19:37:01.208332
2743,76,19,2,106.58,5,202.5,completed,2026-08-01T19:36:01.208332,2026-08-01T19:36:01.208332
2744,166,10,1,36.02,0,36.02,shipped,2026-05-27T18:02:01.208332,2026-05-27T18:02:01.208332
2745,218,86,4,186.11,0,744.44,processing,2026-04-19T16:15:01.208332,2026-04-19T16:15:01.208332
2746,390,16,2,113.51,10,204.32,shipped,2026-05-06T04:29:01.208332,2026-05-06T04:29:01.208332
2747,397,50,4,24.94,0,99.76,processing,2026-04-21T08:28:01.208332,2026-04-21T08:28:01.208332
2748,163,68,1,191.02,10,171.92,completed,2026-07-26T21:57:01.208332,2026-07-26T21:57:01.208332
2749,490,22,3,146.59,15,373.8,shipped,2026-03-21T14:38:01.208332,2026-03-21T14:38:01.208332
2750,287,57,4,183.8,15,624.92,completed,2026-07-17T05:24:01.208332,2026-07-17T05:24:01.208332
2751,351,16,5,113.51,5,539.17,completed,2026-06-22T07:24:01.208332,2026-06-22T07:24:01.208332
2752,92,4,3,15.68,20,37.63,cancelled,2026-05-19T10:40:01.208332,2026-05-19T10:40:01.208332
2753,178,94,4,91.68,0,366.72,processing,2026-06-15T21:58:01.208332,2026-06-15T21:58:01.208332
2754,449,25,4,116.03,0,464.12,cancelled,2026-03-28T04:27:01.208332,2026-03-28T04:27:01.208332
2755,6,26,4,123.56,0,494.24,completed,2026-05-30T08:30:01.208332,2026-05-30T08:30:01.208332
2756,3,76,3,172.56,0,517.68,completed,2026-03-12T17:31:01.208332,2026-03-12T17:31:01.208332
2757,469,33,5,128.65,0,643.25,completed,2026-06-14T01:24:01.208332,2026-06-14T01:24:01.208332
2758,18,83,3,213.9,15,545.45,shipped,2026-05-21T17:59:01.208332,2026-05-21T17:59:01.208332
2759,23,90,3,221.59,0,664.77,completed,2026-06-17T10:12:01.208332,2026-06-17T10:12:01.208332
2760,498,74,1,241.53,20,193.22,shipped,2026-07-04T07:29:01.208332,2026-07-04T07:29:01.208332
2761,312,81,4,137.86,5,523.87,shipped,2026-03-27T05:35:01.208332,2026-03-27T05:35:01.208332
2762,384,83,5,213.9,20,855.6,completed,2026-03-14T12:15:01.208332,2026-03-14T12:15:01.208332
2763,190,4,5,15.68,15,66.64,cancelled,2026-03-23T11:40:01.208332,2026-03-23T11:40:01.208332
2764,377,23,2,210.09,0,420.18,completed,2026-05-10T23:30:01.208332,2026-05-10T23:30:01.208332
2765,29,57,1,183.8,0,183.8,processing,2026-03-13T08:14:01.208332,2026-03-13T08:14:01.208332
2766,143,25,5,116.03,15,493.13,completed,2026-02-26T15:13:01.208332,2026-02-26T15:13:01.208332
2767,429,87,3,203.97,15,520.12,processing,2026-03-26T09:40:01.208332,2026-03-26T09:40:01.208332
2768,370,47,5,46.2,0,231.0,cancelled,2026-08-13T19:40:01.208332,2026-08-13T19:40:01.208332
2769,207,54,1,139.17,0,139.17,processing,2026-03-30T17:20:01.208332,2026-03-30T17:20:01.208332
2770,76,94,3,91.68,0,275.04,shipped,2026-03-27T00:24:01.208332,2026-03-27T00:24:01.208332
2771,23,36,5,202.99,0,1014.95,processing,2026-06-28T23:24:01.208332,2026-06-28T23:24:01.208332
2772,210,23,1,210.09,0,210.09,processing,2026-04-14T10:27:01.208332,2026-04-14T10:27:01.208332
2773,180,16,3,113.51,5,323.5,cancelled,2026-06-07T00:45:01.208332,2026-06-07T00:45:01.208332
2774,45,73,4,155.74,0,622.96,completed,2026-03-16T18:19:01.208332,2026-03-16T18:19:01.208332
2775,94,94,1,91.68,0,91.68,processing,2026-04-22T09:33:01.208332,2026-04-22T09:33:01.208332
2776,321,3,2,83.25,20,133.2,completed,2026-02-25T11:58:01.208332,2026-02-25T11:58:01.208332
2777,327,48,4,179.54,0,718.16,cancelled,2026-08-02T06:54:01.208332,2026-08-02T06:54:01.208332
2778,483,32,3,109.47,20,262.73,cancelled,2026-06-27T13:13:01.208332,2026-06-27T13:13:01.208332
2779,483,25,2,116.03,0,232.06,shipped,2026-03-05T07:23:01.208332,2026-03-05T07:23:01.208332
2780,362,37,2,143.78,0,287.56,processing,2026-03-21T03:53:01.208332,2026-03-21T03:53:01.208332
2781,162,53,2,81.67,20,130.67,completed,2026-03-29T20:49:01.208332,2026-03-29T20:49:01.208332
2782,453,26,2,123.56,0,247.12,cancelled,2026-04-11T19:30:01.208332,2026-04-11T19:30:01.208332
2783,226,34,1,167.45,5,159.08,processing,2026-04-29T06:03:01.208332,2026-04-29T06:03:01.208332
2784,187,45,5,66.28,5,314.83,cancelled,2026-07-24T14:30:01.208332,2026-07-24T14:30:01.208332
2785,352,22,1,146.59,20,117.27,shipped,2026-06-10T03:14:01.208332,2026-06-10T03:14:01.208332
2786,80,69,5,211.41,0,1057.05,shipped,2026-07-01T10:16:01.208332,2026-07-01T10:16:01.208332
2787,178,83,3,213.9,0,641.7,cancelled,2026-04-26T21:22:01.208332,2026-04-26T21:22:01.208332
2788,496,65,5,210.38,20,841.52,completed,2026-07-08T21:09:01.208332,2026-07-08T21:09:01.208332
2789,47,66,2,189.77,0,379.54,shipped,2026-04-04T07:56:01.208332,2026-04-04T07:56:01.208332
2790,134,5,1,88.78,10,79.9,cancelled,2026-06-23T10:39:01.208332,2026-06-23T10:39:01.208332
2791,96,61,2,53.61,5,101.86,completed,2026-06-10T10:13:01.208332,2026-06-10T10:13:01.208332
2792,191,73,4,155.74,15,529.52,completed,2026-06-10T17:05:01.208332,2026-06-10T17:05:01.208332
2793,166,90,1,221.59,15,188.35,completed,2026-04-29T22:21:01.208332,2026-04-29T22:21:01.208332
2794,82,54,4,139.17,0,556.68,cancelled,2026-04-25T21:18:01.208332,2026-04-25T21:18:01.208332
2795,463,13,2,225.88,0,451.76,completed,2026-04-20T08:30:01.208332,2026-04-20T08:30:01.208332
2796,240,70,2,40.29,20,64.46,shipped,2026-02-27T13:23:01.208332,2026-02-27T13:23:01.208332
2797,415,79,4,177.33,10,638.39,cancelled,2026-06-08T10:47:01.208332,2026-06-08T10:47:01.208332
2798,223,94,4,91.68,5,348.38,completed,2026-07-25T10:35:01.208332,2026-07-25T10:35:01.208332
2799,130,93,3,127.01,10,342.93,shipped,2026-04-26T02:34:01.208332,2026-04-26T02:34:01.208332
2800,348,52,3,101.29,0,303.87,completed,2026-08-19T07:42:01.208332,2026-08-19T07:42:01.208332
2801,391,65,1,210.38,5,199.86,completed,2026-05-12T03:07:01.208332,2026-05-12T03:07:01.208332
2802,489,74,4,241.53,10,869.51,completed,2026-02-28T19:07:01.208332,2026-02-28T19:07:01.208332
2803,263,22,3,146.59,10,395.79,cancelled,2026-08-18T07:32:01.208332,2026-08-18T07:32:01.208332
2804,483,68,2,191.02,10,343.84,completed,2026-07-10T11:14:01.208332,2026-07-10T11:14:01.208332
2805,67,85,3,179.75,20,431.4,completed,2026-08-17T08:17:01.208332,2026-08-17T08:17:01.208332
2806,497,12,3,155.49,20,373.18,completed,2026-07-13T00:17:01.208332,2026-07-13T00:17:01.208332
2807,411,45,4,66.28,5,251.86,shipped,2026-03-25T16:45:01.208332,2026-03-25T16:45:01.208332
2808,1,85,2,179.75,0,359.5,completed,2026-08-03T08:03:01.208332,2026-08-03T08:03:01.208332
2809,155,40,1,157.04,0,157.04,completed,2026-04-07T14:16:01.208332,2026-04-07T14:16:01.208332
2810,224,12,2,155.49,0,310.98,processing,2026-06-28T05:55:01.208332,2026-06-28T05:55:01.208332
2811,433,100,3,63.18,0,189.54,completed,2026-05-21T11:54:01.208332,2026-05-21T11:54:01.208332
2812,177,13,4,225.88,10,813.17,shipped,2026-06-28T14:58:01.208332,2026-06-28T14:58:01.208332
2813,358,28,4,206.42,15,701.83,shipped,2026-05-03T02:24:01.208332,2026-05-03T02:24:01.208332
2814,362,32,1,109.47,5,104.0,completed,2026-03-18T23:48:01.208332,2026-03-18T23:48:01.208332
2815,391,18,4,131.71,20,421.47,completed,2026-04-24T03:32:01.208332,2026-04-24T03:32:01.208332
2816,420,87,4,203.97,10,734.29,processing,2026-05-06T07:07:01.208332,2026-05-06T07:07:01.208332
2817,37,45,4,66.28,15,225.35,processing,2026-07-08T09:21:01.208332,2026-07-08T09:21:01.208332
2818,14,29,5,63.91,0,319.55,completed,2026-07-13T09:07:01.208332,2026-07-13T09:07:01.208332
2819,189,47,3,46.2,10,124.74,completed,2026-07-23T11:08:01.208332,2026-07-23T11:08:01.208332
2820,313,77,4,235.95,0,943.8,completed,2026-06-21T02:56:01.208332,2026-06-21T02:56:01.208332
2821,71,64,2,190.48,0,380.96,completed,2026-04-03T01:15:01.208332,2026-04-03T01:15:01.208332
2822,223,12,3,155.49,5,443.15,completed,2026-06-22T15:55:01.208332,2026-06-22T15:55:01.208332
2823,218,20,3,40.55,0,121.65,cancelled,2026-05-05T00:23:01.208332,2026-05-05T00:23:01.208332
2824,421,62,1,88.56,0,88.56,shipped,2026-08-17T02:10:01.208332,2026-08-17T02:10:01.208332
2825,92,21,4,172.56,15,586.7,completed,2026-05-28T18:41:01.208332,2026-05-28T18:41:01.208332
2826,239,11,3,184.85,15,471.37,completed,2026-07-06T23:27:01.208332,2026-07-06T23:27:01.208332
2827,336,52,1,101.29,0,101.29,completed,2026-04-22T16:12:01.208332,2026-04-22T16:12:01.208332
2828,295,65,4,210.38,15,715.29,completed,2026-05-17T08:56:01.208332,2026-05-17T08:56:01.208332
2829,249,84,4,114.05,5,433.39,completed,2026-07-14T00:29:01.208332,2026-07-14T00:29:01.208332
2830,156,55,3,62.66,15,159.78,completed,2026-06-19T00:52:01.208332,2026-06-19T00:52:01.208332
2831,310,58,5,245.37,0,1226.85,shipped,2026-07-15T18:37:01.208332,2026-07-15T18:37:01.208332
2832,365,43,5,193.8,0,969.0,completed,2026-03-15T22:16:01.208332,2026-03-15T22:16:01.208332
2833,218,69,4,211.41,20,676.51,completed,2026-06-26T10:15:01.208332,2026-06-26T10:15:01.208332
2834,77,1,3,101.81,15,259.62,completed,2026-06-11T00:47:01.208332,2026-06-11T00:47:01.208332
2835,102,66,5,189.77,15,806.52,shipped,2026-08-01T09:05:01.208332,2026-08-01T09:05:01.208332
2836,223,7,4,89.48,0,357.92,completed,2026-03-02T20:26:01.208332,2026-03-02T20:26:01.208332
2837,445,63,4,91.0,0,364.0,processing,2026-03-04T17:08:01.208332,2026-03-04T17:08:01.208332
2838,352,48,3,179.54,5,511.69,cancelled,2026-04-26T00:45:01.208332,2026-04-26T00:45:01.208332
2839,152,99,1,200.3,10,180.27,completed,2026-04-13T05:56:01.208332,2026-04-13T05:56:01.208332
2840,151,46,4,224.33,0,897.32,completed,2026-05-15T22:20:01.208332,2026-05-15T22:20:01.208332
2841,153,82,1,131.43,10,118.29,completed,2026-03-15T22:19:01.208332,2026-03-15T22:19:01.208332
2842,375,5,5,88.78,15,377.31,completed,2026-05-06T17:27:01.208332,2026-05-06T17:27:01.208332
2843,90,11,5,184.85,0,924.25,cancelled,2026-03-18T13:06:01.208332,2026-03-18T13:06:01.208332
2844,75,82,4,131.43,5,499.43,completed,2026-08-05T02:42:01.208332,2026-08-05T02:42:01.208332
2845,177,59,5,152.05,0,760.25,cancelled,2026-08-09T20:33:01.208332,2026-08-09T20:33:01.208332
2846,421,68,5,191.02,5,907.35,completed,2026-03-02T23:55:01.208332,2026-03-02T23:55:01.208332
2847,168,48,1,179.54,0,179.54,cancelled,2026-06-14T12:40:01.208332,2026-06-14T12:40:01.208332
2848,327,13,4,225.88,10,813.17,cancelled,2026-08-21T01:12:01.208332,2026-08-21T01:12:01.208332
2849,41,44,3,75.9,5,216.31,completed,2026-05-07T13:13:01.208332,2026-05-07T13:13:01.208332
2850,95,96,3,67.93,15,173.22,cancelled,2026-06-22T10:54:01.208332,2026-06-22T10:54:01.208332
2851,453,11,4,184.85,0,739.4,completed,2026-07-18T01:51:01.208332,2026-07-18T01:51:01.208332
2852,293,34,3,167.45,10,452.11,processing,2026-05-28T04:14:01.208332,2026-05-28T04:14:01.208332
2853,438,32,1,109.47,0,109.47,shipped,2026-06-07T23:18:01.208332,2026-06-07T23:18:01.208332
2854,111,98,4,165.02,0,660.08,cancelled,2026-07-09T13:29:01.208332,2026-07-09T13:29:01.208332
2855,399,24,3,60.44,10,163.19,completed,2026-06-25T19:55:01.208332,2026-06-25T19:55:01.208332
2856,310,52,2,101.29,15,172.19,completed,2026-04-16T11:10:01.208332,2026-04-16T11:10:01.208332
2857,3,53,2,81.67,0,163.34,shipped,2026-07-15T23:11:01.208332,2026-07-15T23:11:01.208332
2858,337,17,3,85.34,0,256.02,processing,2026-05-18T18:48:01.208332,2026-05-18T18:48:01.208332
2859,405,82,3,131.43,0,394.29,completed,2026-04-04T21:20:01.208332,2026-04-04T21:20:01.208332
2860,10,91,3,146.76,0,440.28,processing,2026-03-07T04:46:01.208332,2026-03-07T04:46:01.208332
2861,148,94,5,91.68,20,366.72,processing,2026-05-18T10:57:01.208332,2026-05-18T10:57:01.208332
2862,216,82,5,131.43,0,657.15,shipped,2026-06-02T04:01:01.208332,2026-06-02T04:01:01.208332
2863,244,72,1,194.06,0,194.06,completed,2026-04-26T14:27:01.208332,2026-04-26T14:27:01.208332
2864,178,57,2,183.8,5,349.22,cancelled,2026-07-29T03:06:01.208332,2026-07-29T03:06:01.208332
2865,256,27,5,78.11,15,331.97,cancelled,2026-03-26T13:09:01.208332,2026-03-26T13:09:01.208332
2866,200,33,4,128.65,0,514.6,processing,2026-06-23T21:00:01.208332,2026-06-23T21:00:01.208332
2867,496,11,4,184.85,10,665.46,completed,2026-08-21T21:39:01.208332,2026-08-21T21:39:01.208332
2868,43,27,5,78.11,0,390.55,completed,2026-04-19T22:42:01.208332,2026-04-19T22:42:01.208332
2869,385,41,4,117.02,15,397.87,completed,2026-05-19T16:22:01.208332,2026-05-19T16:22:01.208332
2870,80,80,5,203.33,0,1016.65,completed,2026-06-17T05:49:01.208332,2026-06-17T05:49:01.208332
2871,290,56,4,16.97,20,54.3,completed,2026-02-27T20:38:01.208332,2026-02-27T20:38:01.208332
2872,285,96,4,67.93,0,271.72,processing,2026-05-02T22:00:01.208332,2026-05-02T22:00:01.208332
2873,68,49,5,107.82,20,431.28,completed,2026-03-18T01:55:01.208332,2026-03-18T01:55:01.208332
2874,203,28,2,206.42,0,412.84,completed,2026-06-07T11:59:01.208332,2026-06-07T11:59:01.208332
2875,92,21,4,172.56,10,621.22,completed,2026-05-08T23:12:01.208332,2026-05-08T23:12:01.208332
2876,385,28,4,206.42,10,743.11,completed,2026-04-15T08:48:01.208332,2026-04-15T08:48:01.208332
2877,395,47,1,46.2,15,39.27,cancelled,2026-08-03T15:55:01.208332,2026-08-03T15:55:01.208332
2878,492,82,3,131.43,10,354.86,processing,2026-06-01T02:33:01.208332,2026-06-01T02:33:01.208332
2879,201,29,4,63.91,5,242.86,shipped,2026-07-11T08:59:01.208332,2026-07-11T08:59:01.208332
2880,147,58,2,245.37,20,392.59,shipped,2026-03-27T22:25:01.208332,2026-03-27T22:25:01.208332
2881,148,1,5,101.81,20,407.24,shipped,2026-04-25T09:52:01.208332,2026-04-25T09:52:01.208332
2882,336,23,1,210.09,5,199.59,cancelled,2026-06-09T05:06:01.208332,2026-06-09T05:06:01.208332
2883,215,54,4,139.17,0,556.68,completed,2026-06-19T10:54:01.208332,2026-06-19T10:54:01.208332
2884,317,29,2,63.91,10,115.04,processing,2026-06-16T10:50:01.208332,2026-06-16T10:50:01.208332
2885,42,77,5,235.95,15,1002.79,completed,2026-05-09T00:19:01.208332,2026-05-09T00:19:01.208332
2886,167,79,2,177.33,0,354.66,cancelled,2026-06-07T05:42:01.208332,2026-06-07T05:42:01.208332
2887,242,88,1,114.54,0,114.54,cancelled,2026-02-27T17:37:01.208332,2026-02-27T17:37:01.208332
2888,308,84,4,114.05,10,410.58,completed,2026-05-27T16:25:01.208332,2026-05-27T16:25:01.208332
2889,436,21,4,172.56,0,690.24,completed,2026-07-05T05:27:01.208332,2026-07-05T05:27:01.208332
2890,90,61,2,53.61,0,107.22,completed,2026-03-19T17:55:01.208332,2026-03-19T17:55:01.208332
2891,34,4,2,15.68,10,28.22,shipped,2026-05-18T13:17:01.208332,2026-05-18T13:17:01.208332
2892,126,88,5,114.54,5,544.07,completed,2026-04-08T15:10:01.208332,2026-04-08T15:10:01.208332
2893,499,60,5,164.26,15,698.1,processing,2026-03-15T20:01:01.208332,2026-03-15T20:01:01.208332
2894,429,43,2,193.8,0,387.6,cancelled,2026-05-18T17:48:01.208332,2026-05-18T17:48:01.208332
2895,493,9,1,149.34,15,126.94,cancelled,2026-03-01T11:35:01.208332,2026-03-01T11:35:01.208332
2896,347,53,5,81.67,5,387.93,shipped,2026-07-30T13:14:01.208332,2026-07-30T13:14:01.208332
2897,37,54,3,139.17,15,354.88,completed,2026-06-01T10:02:01.208332,2026-06-01T10:02:01.208332
2898,367,100,5,63.18,15,268.51,cancelled,2026-05-31T20:11:01.208332,2026-05-31T20:11:01.208332
2899,13,57,4,183.8,20,588.16,completed,2026-07-05T18:26:01.208332,2026-07-05T18:26:01.208332
2900,150,51,1,227.16,0,227.16,cancelled,2026-05-07T07:30:01.208332,2026-05-07T07:30:01.208332
2901,475,66,4,189.77,5,721.13,completed,2026-07-16T22:40:01.208332,2026-07-16T22:40:01.208332
2902,54,19,3,106.58,20,255.79,processing,2026-07-23T19:50:01.208332,2026-07-23T19:50:01.208332
2903,386,15,2,134.78,0,269.56,cancelled,2026-05-09T18:19:01.208332,2026-05-09T18:19:01.208332
2904,174,19,2,106.58,20,170.53,completed,2026-05-22T10:50:01.208332,2026-05-22T10:50:01.208332
2905,136,13,3,225.88,15,575.99,completed,2026-06-29T21:15:01.208332,2026-06-29T21:15:01.208332
2906,235,91,4,146.76,20,469.63,completed,2026-04-09T03:36:01.208332,2026-04-09T03:36:01.208332
2907,176,38,4,42.0,0,168.0,shipped,2026-07-16T22:27:01.208332,2026-07-16T22:27:01.208332
2908,359,34,5,167.45,0,837.25,completed,2026-06-11T19:27:01.208332,2026-06-11T19:27:01.208332
2909,390,18,2,131.71,10,237.08,completed,2026-04-17T02:32:01.208332,2026-04-17T02:32:01.208332
2910,114,48,5,179.54,0,897.7,completed,2026-07-03T13:01:01.208332,2026-07-03T13:01:01.208332
2911,158,92,2,16.89,10,30.4,completed,2026-06-18T23:53:01.208332,2026-06-18T23:53:01.208332
2912,244,92,4,16.89,15,57.43,completed,2026-04-18T06:42:01.208332,2026-04-18T06:42:01.208332
2913,381,89,2,214.41,0,428.82,completed,2026-06-14T04:21:01.208332,2026-06-14T04:21:01.208332
2914,440,50,3,24.94,15,63.6,completed,2026-04-06T02:09:01.208332,2026-04-06T02:09:01.208332
2915,436,28,5,206.42,0,1032.1,processing,2026-03-22T14:34:01.208332,2026-03-22T14:34:01.208332
2916,7,34,3,167.45,15,427.0,cancelled,2026-05-27T04:26:01.208332,2026-05-27T04:26:01.208332
2917,446,67,4,63.81,5,242.48,completed,2026-06-16T04:27:01.208332,2026-06-16T04:27:01.208332
2918,498,45,2,66.28,10,119.3,processing,2026-07-28T19:28:01.208332,2026-07-28T19:28:01.208332
2919,161,67,3,63.81,5,181.86,shipped,2026-07-31T03:23:01.208332,2026-07-31T03:23:01.208332
2920,332,22,5,146.59,5,696.3,shipped,2026-03-27T12:38:01.208332,2026-03-27T12:38:01.208332
2921,460,49,1,107.82,15,91.65,completed,2026-08-14T23:38:01.208332,2026-08-14T23:38:01.208332
2922,176,29,3,63.91,0,191.73,completed,2026-04-05T10:23:01.208332,2026-04-05T10:23:01.208332
2923,143,78,1,152.1,15,129.28,completed,2026-03-31T10:49:01.208332,2026-03-31T10:49:01.208332
2924,256,59,5,152.05,15,646.21,completed,2026-08-07T14:03:01.208332,2026-08-07T14:03:01.208332
2925,431,96,5,67.93,0,339.65,completed,2026-07-08T13:29:01.208332,2026-07-08T13:29:01.208332
2926,187,86,1,186.11,5,176.8,completed,2026-06-17T15:09:01.208332,2026-06-17T15:09:01.208332
2927,488,43,5,193.8,0,969.0,processing,2026-04-14T00:27:01.208332,2026-04-14T00:27:01.208332
2928,493,69,5,211.41,20,845.64,completed,2026-03-10T01:28:01.208332,2026-03-10T01:28:01.208332
2929,229,73,5,155.74,0,778.7,completed,2026-04-09T03:26:01.208332,2026-04-09T03:26:01.208332
2930,409,95,2,12.44,15,21.15,cancelled,2026-08-13T01:16:01.208332,2026-08-13T01:16:01.208332
2931,440,32,2,109.47,15,186.1,shipped,2026-07-04T04:38:01.208332,2026-07-04T04:38:01.208332
2932,91,6,5,94.28,0,471.4,completed,2026-06-04T01:59:01.208332,2026-06-04T01:59:01.208332
2933,47,96,2,67.93,15,115.48,completed,2026-07-24T19:43:01.208332,2026-07-24T19:43:01.208332
2934,464,17,5,85.34,0,426.7,completed,2026-03-06T16:17:01.208332,2026-03-06T16:17:01.208332
2935,117,32,5,109.47,20,437.88,shipped,2026-06-09T09:58:01.208332,2026-06-09T09:58:01.208332
2936,238,13,5,225.88,20,903.52,completed,2026-03-04T21:33:01.208332,2026-03-04T21:33:01.208332
2937,405,82,1,131.43,0,131.43,completed,2026-05-21T16:05:01.208332,2026-05-21T16:05:01.208332
2938,227,11,4,184.85,0,739.4,processing,2026-03-13T18:43:01.208332,2026-03-13T18:43:01.208332
2939,302,28,5,206.42,5,980.49,processing,2026-04-19T04:54:01.208332,2026-04-19T04:54:01.208332
2940,5,75,4,16.16,20,51.71,completed,2026-08-07T08:19:01.208332,2026-08-07T08:19:01.208332
2941,369,57,2,183.8,10,330.84,cancelled,2026-07-20T06:48:01.208332,2026-07-20T06:48:01.208332
2942,315,97,4,143.24,0,572.96,shipped,2026-04-10T10:16:01.208332,2026-04-10T10:16:01.208332
2943,308,35,4,196.82,15,669.19,completed,2026-03-27T17:38:01.208332,2026-03-27T17:38:01.208332
2944,260,62,5,88.56,0,442.8,cancelled,2026-08-15T19:15:01.208332,2026-08-15T19:15:01.208332
2945,154,34,5,167.45,0,837.25,completed,2026-04-26T16:50:01.208332,2026-04-26T16:50:01.208332
2946,348,72,5,194.06,0,970.3,shipped,2026-06-17T13:03:01.208332,2026-06-17T13:03:01.208332
2947,58,97,2,143.24,5,272.16,completed,2026-02-24T18:50:01.208332,2026-02-24T18:50:01.208332
2948,458,66,4,189.77,5,721.13,completed,2026-03-25T07:05:01.208332,2026-03-25T07:05:01.208332
2949,34,98,4,165.02,15,561.07,completed,2026-04-20T01:21:01.208332,2026-04-20T01:21:01.208332
2950,474,57,3,183.8,15,468.69,processing,2026-06-28T15:44:01.208332,2026-06-28T15:44:01.208332
2951,422,24,2,60.44,20,96.7,completed,2026-03-15T09:20:01.208332,2026-03-15T09:20:01.208332
2952,110,40,5,157.04,0,785.2,processing,2026-04-22T20:32:01.208332,2026-04-22T20:32:01.208332
2953,242,14,3,20.65,10,55.75,processing,2026-04-02T21:08:01.208332,2026-04-02T21:08:01.208332
2954,345,20,3,40.55,0,121.65,shipped,2026-03-30T12:48:01.208332,2026-03-30T12:48:01.208332
2955,403,22,2,146.59,10,263.86,completed,2026-06-24T05:16:01.208332,2026-06-24T05:16:01.208332
2956,167,67,4,63.81,15,216.95,shipped,2026-06-11T22:57:01.208332,2026-06-11T22:57:01.208332
2957,400,93,3,127.01,0,381.03,completed,2026-08-12T10:01:01.208332,2026-08-12T10:01:01.208332
2958,242,39,3,247.09,0,741.27,completed,2026-04-20T08:18:01.208332,2026-04-20T08:18:01.208332
2959,373,46,3,224.33,5,639.34,shipped,2026-04-20T16:06:01.208332,2026-04-20T16:06:01.208332
2960,289,51,4,227.16,0,908.64,shipped,2026-07-12T08:34:01.208332,2026-07-12T08:34:01.208332
2961,29,53,3,81.67,15,208.26,completed,2026-07-20T05:05:01.208332,2026-07-20T05:05:01.208332
2962,500,59,3,152.05,0,456.15,cancelled,2026-07-22T14:35:01.208332,2026-07-22T14:35:01.208332
2963,104,27,3,78.11,0,234.33,completed,2026-07-25T03:50:01.208332,2026-07-25T03:50:01.208332
2964,13,42,4,118.02,20,377.66,completed,2026-05-04T05:07:01.208332,2026-05-04T05:07:01.208332
2965,286,72,2,194.06,20,310.5,processing,2026-04-03T17:37:01.208332,2026-04-03T17:37:01.208332
2966,258,57,3,183.8,0,551.4,completed,2026-03-09T03:32:01.208332,2026-03-09T03:32:01.208332
2967,83,42,4,118.02,15,401.27,shipped,2026-06-11T12:57:01.208332,2026-06-11T12:57:01.208332
2968,488,6,4,94.28,15,320.55,cancelled,2026-08-17T07:29:01.208332,2026-08-17T07:29:01.208332
2969,250,32,3,109.47,10,295.57,shipped,2026-06-10T07:08:01.208332,2026-06-10T07:08:01.208332
2970,31,13,1,225.88,15,192.0,completed,2026-04-26T23:36:01.208332,2026-04-26T23:36:01.208332
2971,276,48,4,179.54,0,718.16,shipped,2026-03-15T19:28:01.208332,2026-03-15T19:28:01.208332
2972,69,96,1,67.93,0,67.93,cancelled,2026-08-20T11:43:01.208332,2026-08-20T11:43:01.208332
2973,212,20,2,40.55,10,72.99,processing,2026-04-19T00:05:01.208332,2026-04-19T00:05:01.208332
2974,103,72,1,194.06,5,184.36,completed,2026-04-09T05:46:01.208332,2026-04-09T05:46:01.208332
2975,294,70,3,40.29,10,108.78,completed,2026-05-31T06:27:01.208332,2026-05-31T06:27:01.208332
2976,354,3,2,83.25,20,133.2,completed,2026-07-13T18:08:01.208332,2026-07-13T18:08:01.208332
2977,446,90,3,221.59,20,531.82,shipped,2026-04-30T08:36:01.208332,2026-04-30T08:36:01.208332
2978,383,28,2,206.42,0,412.84,completed,2026-05-19T20:30:01.208332,2026-05-19T20:30:01.208332
2979,236,47,3,46.2,0,138.6,cancelled,2026-06-26T23:08:01.208332,2026-06-26T23:08:01.208332
2980,133,33,5,128.65,15,546.76,completed,2026-08-12T09:18:01.208332,2026-08-12T09:18:01.208332
2981,72,16,4,113.51,5,431.34,shipped,2026-05-06T17:51:01.208332,2026-05-06T17:51:01.208332
2982,409,7,5,89.48,0,447.4,processing,2026-08-08T19:14:01.208332,2026-08-08T19:14:01.208332
2983,192,3,5,83.25,5,395.44,processing,2026-03-01T10:32:01.208332,2026-03-01T10:32:01.208332
2984,448,42,5,118.02,5,560.6,processing,2026-04-16T01:16:01.208332,2026-04-16T01:16:01.208332
2985,171,82,1,131.43,15,111.72,processing,2026-03-09T08:27:01.208332,2026-03-09T08:27:01.208332
2986,48,72,1,194.06,10,174.65,processing,2026-03-24T09:39:01.208332,2026-03-24T09:39:01.208332
2987,434,12,5,155.49,5,738.58,cancelled,2026-06-14T15:38:01.208332,2026-06-14T15:38:01.208332
2988,98,97,1,143.24,20,114.59,shipped,2026-06-28T02:36:01.208332,2026-06-28T02:36:01.208332
2989,419,36,4,202.99,5,771.36,cancelled,2026-08-04T12:01:01.208332,2026-08-04T12:01:01.208332
2990,78,84,3,114.05,0,342.15,cancelled,2026-03-28T16:06:01.208332,2026-03-28T16:06:01.208332
2991,295,44,4,75.9,10,273.24,cancelled,2026-07-15T19:06:01.208332,2026-07-15T19:06:01.208332
2992,379,56,1,16.97,5,16.12,completed,2026-06-08T05:26:01.208332,2026-06-08T05:26:01.208332
2993,4,80,4,203.33,0,813.32,completed,2026-02-25T03:40:01.208332,2026-02-25T03:40:01.208332
2994,166,55,2,62.66,0,125.32,completed,2026-07-29T08:25:01.208332,2026-07-29T08:25:01.208332
2995,300,87,3,203.97,10,550.72,cancelled,2026-05-17T22:19:01.208332,2026-05-17T22:19:01.208332
2996,341,26,5,123.56,0,617.8,cancelled,2026-08-05T05:00:01.208332,2026-08-05T05:00:01.208332
2997,445,74,2,241.53,0,483.06,completed,2026-07-14T07:37:01.208332,2026-07-14T07:37:01.208332
2998,106,40,2,157.04,0,314.08,processing,2026-02-28T08:56:01.208332,2026-02-28T08:56:01.208332
2999,309,6,2,94.28,10,169.7,completed,2026-04-28T01:04:01.208332,2026-04-28T01:04:01.208332
3000,168,41,2,117.02,15,198.93,completed,2026-04-02T14:39:01.208332,2026-04-02T14:39:01.208332
3001,156,21,4,172.56,0,690.24,completed,2026-04-07T00:16:01.208332,2026-04-07T00:16:01.208332
3002,396,46,1,224.33,0,224.33,shipped,2026-08-02T08:49:01.208332,2026-08-02T08:49:01.208332
3003,64,49,1,107.82,5,102.43,cancelled,2026-07-31T12:40:01.208332,2026-07-31T12:40:01.208332
3004,438,95,2,12.44,5,23.64,shipped,2026-03-04T13:23:01.208332,2026-03-04T13:23:01.208332
3005,225,52,2,101.29,0,202.58,shipped,2026-07-13T22:50:01.208332,2026-07-13T22:50:01.208332
3006,303,16,1,113.51,0,113.51,processing,2026-05-26T20:11:01.208332,2026-05-26T20:11:01.208332
3007,371,67,1,63.81,0,63.81,completed,2026-07-11T08:01:01.208332,2026-07-11T08:01:01.208332
3008,62,63,5,91.0,0,455.0,completed,2026-07-10T01:46:01.208332,2026-07-10T01:46:01.208332
3009,213,25,2,116.03,0,232.06,processing,2026-07-19T04:42:01.208332,2026-07-19T04:42:01.208332
3010,185,62,3,88.56,10,239.11,shipped,2026-03-15T23:40:01.208332,2026-03-15T23:40:01.208332
3011,9,1,4,101.81,20,325.79,shipped,2026-05-11T01:26:01.208332,2026-05-11T01:26:01.208332
3012,493,13,3,225.88,0,677.64,completed,2026-08-14T18:19:01.208332,2026-08-14T18:19:01.208332
3013,429,9,4,149.34,20,477.89,completed,2026-06-22T07:00:01.208332,2026-06-22T07:00:01.208332
3014,118,90,1,221.59,15,188.35,shipped,2026-06-20T18:13:01.208332,2026-06-20T18:13:01.208332
3015,449,61,1,53.61,0,53.61,cancelled,2026-07-06T10:09:01.208332,2026-07-06T10:09:01.208332
3016,460,42,1,118.02,0,118.02,completed,2026-07-27T20:46:01.208332,2026-07-27T20:46:01.208332
3017,91,73,1,155.74,0,155.74,completed,2026-05-29T00:15:01.208332,2026-05-29T00:15:01.208332
3018,72,89,4,214.41,20,686.11,completed,2026-03-02T16:43:01.208332,2026-03-02T16:43:01.208332
3019,306,27,3,78.11,0,234.33,shipped,2026-06-16T00:30:01.208332,2026-06-16T00:30:01.208332
3020,422,21,4,172.56,0,690.24,processing,2026-03-27T09:22:01.208332,2026-03-27T09:22:01.208332
3021,495,20,2,40.55,0,81.1,completed,2026-08-02T15:06:01.208332,2026-08-02T15:06:01.208332
3022,403,21,1,172.56,5,163.93,completed,2026-04-01T17:59:01.208332,2026-04-01T17:59:01.208332
3023,207,81,3,137.86,20,330.86,processing,2026-04-12T20:57:01.208332,2026-04-12T20:57:01.208332
3024,165,4,1,15.68,0,15.68,shipped,2026-02-28T18:52:01.208332,2026-02-28T18:52:01.208332
3025,18,95,2,12.44,5,23.64,processing,2026-03-04T01:31:01.208332,2026-03-04T01:31:01.208332
3026,194,98,5,165.02,15,701.34,completed,2026-05-30T05:01:01.208332,2026-05-30T05:01:01.208332
3027,81,13,1,225.88,0,225.88,completed,2026-08-05T22:14:01.208332,2026-08-05T22:14:01.208332
3028,48,54,1,139.17,0,139.17,shipped,2026-08-18T22:48:01.208332,2026-08-18T22:48:01.208332
3029,238,54,5,139.17,5,661.06,processing,2026-03-20T01:35:01.208332,2026-03-20T01:35:01.208332
3030,415,82,1,131.43,0,131.43,shipped,2026-05-21T07:06:01.208332,2026-05-21T07:06:01.208332
3031,461,33,2,128.65,0,257.3,processing,2026-06-23T02:06:01.208332,2026-06-23T02:06:01.208332
3032,188,79,1,177.33,5,168.46,cancelled,2026-05-24T07:27:01.208332,2026-05-24T07:27:01.208332
3033,426,74,2,241.53,0,483.06,processing,2026-04-04T12:33:01.208332,2026-04-04T12:33:01.208332
3034,67,19,2,106.58,15,181.19,cancelled,2026-03-10T13:27:01.208332,2026-03-10T13:27:01.208332
3035,49,92,4,16.89,0,67.56,processing,2026-08-04T01:22:01.208332,2026-08-04T01:22:01.208332
3036,54,32,2,109.47,0,218.94,cancelled,2026-03-29T05:00:01.208332,2026-03-29T05:00:01.208332
3037,338,39,3,247.09,15,630.08,shipped,2026-08-19T21:38:01.208332,2026-08-19T21:38:01.208332
3038,343,76,5,172.56,10,776.52,completed,2026-06-08T16:02:01.208332,2026-06-08T16:02:01.208332
3039,390,17,3,85.34,5,243.22,cancelled,2026-05-02T19:45:01.208332,2026-05-02T19:45:01.208332
3040,75,75,1,16.16,15,13.74,shipped,2026-08-07T12:48:01.208332,2026-08-07T12:48:01.208332
3041,324,7,2,89.48,0,178.96,completed,2026-02-26T04:56:01.208332,2026-02-26T04:56:01.208332
3042,325,5,2,88.78,0,177.56,completed,2026-05-06T19:51:01.208332,2026-05-06T19:51:01.208332
3043,6,74,4,241.53,5,917.81,completed,2026-07-29T17:37:01.208332,2026-07-29T17:37:01.208332
3044,97,81,5,137.86,5,654.84,completed,2026-05-16T21:38:01.208332,2026-05-16T21:38:01.208332
3045,233,80,3,203.33,10,548.99,completed,2026-05-14T16:09:01.208332,2026-05-14T16:09:01.208332
3046,382,36,5,202.99,0,1014.95,completed,2026-04-25T23:51:01.208332,2026-04-25T23:51:01.208332
3047,131,44,4,75.9,20,242.88,shipped,2026-06-03T12:33:01.208332,2026-06-03T12:33:01.208332
3048,340,13,3,225.88,20,542.11,completed,2026-05-29T02:13:01.208332,2026-05-29T02:13:01.208332
3049,33,47,4,46.2,15,157.08,processing,2026-02-28T05:24:01.208332,2026-02-28T05:24:01.208332
3050,65,13,2,225.88,5,429.17,completed,2026-07-24T17:01:01.208332,2026-07-24T17:01:01.208332
3051,62,71,3,237.46,0,712.38,completed,2026-08-01T13:54:01.208332,2026-08-01T13:54:01.208332
3052,158,58,4,245.37,10,883.33,completed,2026-08-21T18:53:01.208332,2026-08-21T18:53:01.208332
3053,495,65,2,210.38,5,399.72,processing,2026-07-22T21:07:01.208332,2026-07-22T21:07:01.208332
3054,100,19,2,106.58,20,170.53,completed,2026-02-26T15:24:01.208332,2026-02-26T15:24:01.208332
3055,376,96,3,67.93,10,183.41,completed,2026-06-12T23:53:01.208332,2026-06-12T23:53:01.208332
3056,289,68,5,191.02,0,955.1,processing,2026-07-19T06:45:01.208332,2026-07-19T06:45:01.208332
3057,186,70,2,40.29,15,68.49,processing,2026-08-15T00:35:01.208332,2026-08-15T00:35:01.208332
3058,86,48,2,179.54,0,359.08,completed,2026-06-27T11:03:01.208332,2026-06-27T11:03:01.208332
3059,326,82,5,131.43,0,657.15,cancelled,2026-07-27T02:31:01.208332,2026-07-27T02:31:01.208332
3060,78,70,5,40.29,5,191.38,completed,2026-07-29T20:18:01.208332,2026-07-29T20:18:01.208332
3061,143,7,4,89.48,0,357.92,processing,2026-05-05T13:18:01.208332,2026-05-05T13:18:01.208332
3062,498,54,4,139.17,5,528.85,completed,2026-04-23T04:51:01.208332,2026-04-23T04:51:01.208332
3063,370,39,1,247.09,0,247.09,cancelled,2026-04-10T08:26:01.208332,2026-04-10T08:26:01.208332
3064,285,86,3,186.11,0,558.33,cancelled,2026-08-10T15:14:01.208332,2026-08-10T15:14:01.208332
3065,314,77,1,235.95,0,235.95,shipped,2026-07-11T01:45:01.208332,2026-07-11T01:45:01.208332
3066,72,19,4,106.58,20,341.06,completed,2026-03-24T18:31:01.208332,2026-03-24T18:31:01.208332
3067,201,21,4,172.56,5,655.73,completed,2026-06-11T06:18:01.208332,2026-06-11T06:18:01.208332
3068,128,45,1,66.28,0,66.28,completed,2026-08-17T23:20:01.208332,2026-08-17T23:20:01.208332
3069,72,52,1,101.29,15,86.1,processing,2026-07-08T05:58:01.208332,2026-07-08T05:58:01.208332
3070,484,87,2,203.97,0,407.94,completed,2026-05-15T07:31:01.208332,2026-05-15T07:31:01.208332
3071,345,36,3,202.99,0,608.97,completed,2026-06-19T12:23:01.208332,2026-06-19T12:23:01.208332
3072,267,40,5,157.04,0,785.2,cancelled,2026-07-14T01:47:01.208332,2026-07-14T01:47:01.208332
3073,307,61,2,53.61,15,91.14,completed,2026-05-14T09:12:01.208332,2026-05-14T09:12:01.208332
3074,421,16,5,113.51,15,482.42,shipped,2026-06-14T15:39:01.208332,2026-06-14T15:39:01.208332
3075,79,10,3,36.02,0,108.06,completed,2026-08-15T10:44:01.208332,2026-08-15T10:44:01.208332
3076,196,33,1,128.65,15,109.35,shipped,2026-05-19T12:38:01.208332,2026-05-19T12:38:01.208332
3077,300,22,4,146.59,20,469.09,completed,2026-04-17T14:13:01.208332,2026-04-17T14:13:01.208332
3078,268,14,1,20.65,15,17.55,processing,2026-06-13T10:17:01.208332,2026-06-13T10:17:01.208332
3079,443,47,2,46.2,20,73.92,cancelled,2026-07-28T07:55:01.208332,2026-07-28T07:55:01.208332
3080,254,90,4,221.59,5,842.04,cancelled,2026-03-05T21:53:01.208332,2026-03-05T21:53:01.208332
3081,54,99,3,200.3,20,480.72,cancelled,2026-07-05T09:47:01.208332,2026-07-05T09:47:01.208332
3082,142,33,5,128.65,0,643.25,cancelled,2026-05-10T23:49:01.208332,2026-05-10T23:49:01.208332
3083,429,33,3,128.65,0,385.95,completed,2026-02-25T22:50:01.208332,2026-02-25T22:50:01.208332
3084,366,63,2,91.0,10,163.8,completed,2026-05-24T16:57:01.208332,2026-05-24T16:57:01.208332
3085,303,56,3,16.97,0,50.91,cancelled,2026-07-15T18:15:01.208332,2026-07-15T18:15:01.208332
3086,250,72,5,194.06,20,776.24,shipped,2026-06-06T13:35:01.208332,2026-06-06T13:35:01.208332
3087,311,67,4,63.81,0,255.24,completed,2026-06-13T03:04:01.208332,2026-06-13T03:04:01.208332
3088,303,83,1,213.9,10,192.51,completed,2026-03-12T21:03:01.208332,2026-03-12T21:03:01.208332
3089,495,98,2,165.02,0,330.04,cancelled,2026-06-09T04:57:01.208332,2026-06-09T04:57:01.208332
3090,364,78,4,152.1,20,486.72,cancelled,2026-05-06T06:39:01.208332,2026-05-06T06:39:01.208332
3091,382,6,3,94.28,15,240.41,shipped,2026-07-17T01:47:01.208332,2026-07-17T01:47:01.208332
3092,437,59,5,152.05,20,608.2,completed,2026-05-29T18:21:01.208332,2026-05-29T18:21:01.208332
3093,482,52,4,101.29,15,344.39,completed,2026-08-07T21:50:01.208332,2026-08-07T21:50:01.208332
3094,111,73,2,155.74,0,311.48,completed,2026-06-18T09:09:01.208332,2026-06-18T09:09:01.208332
3095,51,38,4,42.0,20,134.4,cancelled,2026-02-28T18:20:01.208332,2026-02-28T18:20:01.208332
3096,234,33,3,128.65,20,308.76,completed,2026-06-27T22:29:01.208332,2026-06-27T22:29:01.208332
3097,181,32,3,109.47,5,311.99,completed,2026-07-16T06:26:01.208332,2026-07-16T06:26:01.208332
3098,167,59,3,152.05,20,364.92,completed,2026-07-18T01:50:01.208332,2026-07-18T01:50:01.208332
3099,108,72,5,194.06,15,824.75,cancelled,2026-04-23T04:41:01.208332,2026-04-23T04:41:01.208332
3100,206,97,3,143.24,20,343.78,completed,2026-07-22T01:12:01.208332,2026-07-22T01:12:01.208332
3101,433,64,1,190.48,0,190.48,processing,2026-04-28T15:25:01.208332,2026-04-28T15:25:01.208332
3102,276,95,2,12.44,0,24.88,completed,2026-07-24T10:56:01.208332,2026-07-24T10:56:01.208332
3103,52,93,1,127.01,15,107.96,completed,2026-05-08T12:29:01.208332,2026-05-08T12:29:01.208332
3104,319,64,2,190.48,20,304.77,completed,2026-05-04T06:23:01.208332,2026-05-04T06:23:01.208332
3105,136,91,4,146.76,0,587.04,shipped,2026-04-25T22:44:01.208332,2026-04-25T22:44:01.208332
3106,459,47,2,46.2,0,92.4,completed,2026-04-23T08:31:01.208332,2026-04-23T08:31:01.208332
3107,58,25,5,116.03,0,580.15,processing,2026-08-08T01:06:01.208332,2026-08-08T01:06:01.208332
3108,359,83,5,213.9,0,1069.5,processing,2026-07-11T08:44:01.208332,2026-07-11T08:44:01.208332
3109,276,23,4,210.09,10,756.32,completed,2026-06-30T05:38:01.208332,2026-06-30T05:38:01.208332
3110,102,12,1,155.49,15,132.17,cancelled,2026-06-12T10:56:01.208332,2026-06-12T10:56:01.208332
3111,208,34,2,167.45,15,284.66,processing,2026-04-26T12:33:01.208332,2026-04-26T12:33:01.208332
3112,182,51,2,227.16,5,431.6,cancelled,2026-03-14T11:06:01.208332,2026-03-14T11:06:01.208332
3113,418,38,5,42.0,10,189.0,completed,2026-08-19T07:37:01.208332,2026-08-19T07:37:01.208332
3114,166,29,4,63.91,20,204.51,completed,2026-03-03T00:30:01.208332,2026-03-03T00:30:01.208332
3115,281,20,3,40.55,0,121.65,completed,2026-05-24T14:50:01.208332,2026-05-24T14:50:01.208332
3116,427,89,2,214.41,0,428.82,completed,2026-08-01T21:53:01.208332,2026-08-01T21:53:01.208332
3117,226,83,2,213.9,0,427.8,completed,2026-02-25T20:37:01.208332,2026-02-25T20:37:01.208332
3118,125,3,5,83.25,5,395.44,shipped,2026-07-26T03:20:01.208332,2026-07-26T03:20:01.208332
3119,213,72,5,194.06,10,873.27,shipped,2026-03-30T14:16:01.208332,2026-03-30T14:16:01.208332
3120,96,67,5,63.81,5,303.1,processing,2026-06-17T18:53:01.208332,2026-06-17T18:53:01.208332
3121,455,50,3,24.94,15,63.6,completed,2026-07-18T15:37:01.208332,2026-07-18T15:37:01.208332
3122,412,34,4,167.45,0,669.8,completed,2026-04-30T22:57:01.208332,2026-04-30T22:57:01.208332
3123,164,70,3,40.29,0,120.87,cancelled,2026-08-17T00:19:01.208332,2026-08-17T00:19:01.208332
3124,69,42,2,118.02,20,188.83,processing,2026-06-01T14:07:01.208332,2026-06-01T14:07:01.208332
3125,66,13,5,225.88,15,959.99,processing,2026-05-21T04:53:01.208332,2026-05-21T04:53:01.208332
3126,161,14,5,20.65,0,103.25,completed,2026-07-04T16:33:01.208332,2026-07-04T16:33:01.208332
3127,368,90,5,221.59,20,886.36,completed,2026-08-21T22:14:01.208332,2026-08-21T22:14:01.208332
3128,239,35,5,196.82,20,787.28,shipped,2026-03-05T06:48:01.208332,2026-03-05T06:48:01.208332
3129,317,57,4,183.8,10,661.68,completed,2026-05-14T00:05:01.208332,2026-05-14T00:05:01.208332
3130,489,22,1,146.59,10,131.93,processing,2026-05-16T05:45:01.208332,2026-05-16T05:45:01.208332
3131,333,8,3,220.49,5,628.4,cancelled,2026-07-31T12:52:01.208332,2026-07-31T12:52:01.208332
3132,76,9,3,149.34,0,448.02,cancelled,2026-08-16T09:39:01.208332,2026-08-16T09:39:01.208332
3133,142,73,3,155.74,15,397.14,cancelled,2026-02-28T14:51:01.208332,2026-02-28T14:51:01.208332
3134,307,63,4,91.0,15,309.4,completed,2026-07-12T17:55:01.208332,2026-07-12T17:55:01.208332
3135,203,28,4,206.42,0,825.68,cancelled,2026-06-01T14:39:01.208332,2026-06-01T14:39:01.208332
3136,346,39,3,247.09,0,741.27,processing,2026-06-07T08:06:01.208332,2026-06-07T08:06:01.208332
3137,485,53,2,81.67,20,130.67,cancelled,2026-06-01T19:58:01.208332,2026-06-01T19:58:01.208332
3138,301,41,1,117.02,10,105.32,cancelled,2026-03-05T05:48:01.208332,2026-03-05T05:48:01.208332
3139,387,46,5,224.33,0,1121.65,completed,2026-07-14T14:44:01.208332,2026-07-14T14:44:01.208332
3140,315,9,5,149.34,5,709.37,completed,2026-07-06T13:26:01.208332,2026-07-06T13:26:01.208332
3141,376,25,2,116.03,10,208.85,completed,2026-07-14T10:51:01.208332,2026-07-14T10:51:01.208332
3142,428,24,1,60.44,15,51.37,shipped,2026-08-11T16:28:01.208332,2026-08-11T16:28:01.208332
3143,374,16,3,113.51,0,340.53,shipped,2026-03-12T17:45:01.208332,2026-03-12T17:45:01.208332
3144,294,90,4,221.59,20,709.09,shipped,2026-05-08T19:05:01.208332,2026-05-08T19:05:01.208332
3145,357,61,2,53.61,20,85.78,completed,2026-04-27T02:14:01.208332,2026-04-27T02:14:01.208332
3146,50,40,3,157.04,0,471.12,shipped,2026-07-02T08:26:01.208332,2026-07-02T08:26:01.208332
3147,451,33,4,128.65,0,514.6,completed,2026-03-29T04:44:01.208332,2026-03-29T04:44:01.208332
3148,206,26,2,123.56,0,247.12,cancelled,2026-08-22T00:40:01.208332,2026-08-22T00:40:01.208332
3149,325,11,3,184.85,5,526.82,completed,2026-07-10T11:05:01.208332,2026-07-10T11:05:01.208332
3150,269,33,1,128.65,10,115.79,processing,2026-03-06T16:26:01.208332,2026-03-06T16:26:01.208332
3151,31,88,3,114.54,0,343.62,completed,2026-03-26T06:36:01.208332,2026-03-26T06:36:01.208332
3152,494,68,1,191.02,0,191.02,shipped,2026-04-24T02:26:01.208332,2026-04-24T02:26:01.208332
3153,157,4,5,15.68,10,70.56,completed,2026-05-02T20:03:01.208332,2026-05-02T20:03:01.208332
3154,490,23,2,210.09,15,357.15,shipped,2026-06-16T14:59:01.208332,2026-06-16T14:59:01.208332
3155,94,69,2,211.41,0,422.82,cancelled,2026-03-13T06:00:01.208332,2026-03-13T06:00:01.208332
3156,468,20,5,40.55,0,202.75,completed,2026-06-08T02:08:01.208332,2026-06-08T02:08:01.208332
3157,457,57,2,183.8,10,330.84,shipped,2026-03-22T16:42:01.208332,2026-03-22T16:42:01.208332
3158,16,80,1,203.33,10,183.0,completed,2026-08-04T07:07:01.208332,2026-08-04T07:07:01.208332
3159,414,40,3,157.04,0,471.12,cancelled,2026-04-28T03:24:01.208332,2026-04-28T03:24:01.208332
3160,93,76,5,172.56,0,862.8,completed,2026-08-06T11:32:01.208332,2026-08-06T11:32:01.208332
3161,255,25,5,116.03,0,580.15,completed,2026-06-15T05:26:01.208332,2026-06-15T05:26:01.208332
3162,481,59,5,152.05,20,608.2,shipped,2026-05-05T09:15:01.208332,2026-05-05T09:15:01.208332
3163,484,15,5,134.78,0,673.9,completed,2026-04-26T04:36:01.208332,2026-04-26T04:36:01.208332
3164,188,19,2,106.58,20,170.53,completed,2026-05-23T22:33:01.208332,2026-05-23T22:33:01.208332
3165,407,52,1,101.29,0,101.29,shipped,2026-03-06T06:29:01.208332,2026-03-06T06:29:01.208332
3166,416,85,5,179.75,0,898.75,processing,2026-07-27T22:20:01.208332,2026-07-27T22:20:01.208332
3167,47,85,3,179.75,10,485.32,processing,2026-06-06T02:08:01.208332,2026-06-06T02:08:01.208332
3168,360,69,5,211.41,5,1004.2,processing,2026-07-11T09:24:01.208332,2026-07-11T09:24:01.208332
3169,330,26,3,123.56,0,370.68,shipped,2026-03-20T06:16:01.208332,2026-03-20T06:16:01.208332
3170,391,26,3,123.56,15,315.08,shipped,2026-05-12T04:59:01.208332,2026-05-12T04:59:01.208332
3171,223,49,1,107.82,5,102.43,shipped,2026-02-27T22:29:01.208332,2026-02-27T22:29:01.208332
3172,54,42,5,118.02,5,560.6,shipped,2026-06-14T14:01:01.208332,2026-06-14T14:01:01.208332
3173,157,64,3,190.48,20,457.15,cancelled,2026-06-28T03:02:01.208332,2026-06-28T03:02:01.208332
3174,29,68,1,191.02,0,191.02,completed,2026-08-14T22:54:01.208332,2026-08-14T22:54:01.208332
3175,158,76,5,172.56,10,776.52,cancelled,2026-03-27T03:46:01.208332,2026-03-27T03:46:01.208332
3176,161,95,1,12.44,10,11.2,completed,2026-02-28T16:32:01.208332,2026-02-28T16:32:01.208332
3177,495,39,4,247.09,0,988.36,processing,2026-04-28T15:15:01.208332,2026-04-28T15:15:01.208332
3178,27,88,4,114.54,15,389.44,processing,2026-05-27T03:29:01.208332,2026-05-27T03:29:01.208332
3179,435,23,5,210.09,0,1050.45,cancelled,2026-06-27T14:17:01.208332,2026-06-27T14:17:01.208332
3180,23,28,1,206.42,5,196.1,completed,2026-08-15T12:49:01.208332,2026-08-15T12:49:01.208332
3181,457,29,3,63.91,0,191.73,completed,2026-07-03T14:01:01.208332,2026-07-03T14:01:01.208332
3182,254,27,5,78.11,15,331.97,completed,2026-06-15T04:40:01.208332,2026-06-15T04:40:01.208332
3183,24,49,2,107.82,15,183.29,completed,2026-03-16T18:37:01.208332,2026-03-16T18:37:01.208332
3184,3,31,3,156.71,0,470.13,shipped,2026-08-22T07:00:01.208332,2026-08-22T07:00:01.208332
3185,424,30,3,15.86,20,38.06,completed,2026-05-07T18:33:01.208332,2026-05-07T18:33:01.208332
3186,80,19,5,106.58,0,532.9,cancelled,2026-06-16T18:53:01.208332,2026-06-16T18:53:01.208332
3187,133,55,5,62.66,15,266.3,cancelled,2026-07-30T20:07:01.208332,2026-07-30T20:07:01.208332
3188,159,27,3,78.11,5,222.61,completed,2026-06-29T06:15:01.208332,2026-06-29T06:15:01.208332
3189,213,53,4,81.67,0,326.68,completed,2026-07-26T23:53:01.208332,2026-07-26T23:53:01.208332
3190,419,100,4,63.18,0,252.72,completed,2026-06-12T20:22:01.208332,2026-06-12T20:22:01.208332
3191,321,89,4,214.41,0,857.64,shipped,2026-06-30T07:14:01.208332,2026-06-30T07:14:01.208332
3192,66,85,2,179.75,0,359.5,completed,2026-06-19T16:04:01.208332,2026-06-19T16:04:01.208332
3193,60,21,4,172.56,0,690.24,processing,2026-03-28T23:28:01.208332,2026-03-28T23:28:01.208332
3194,168,22,3,146.59,15,373.8,cancelled,2026-07-03T18:21:01.208332,2026-07-03T18:21:01.208332
3195,204,37,5,143.78,0,718.9,processing,2026-04-16T10:15:01.208332,2026-04-16T10:15:01.208332
3196,134,14,1,20.65,5,19.62,completed,2026-07-23T09:34:01.208332,2026-07-23T09:34:01.208332
3197,487,12,5,155.49,20,621.96,completed,2026-05-25T06:01:01.208332,2026-05-25T06:01:01.208332
3198,66,67,1,63.81,5,60.62,completed,2026-05-21T18:21:01.208332,2026-05-21T18:21:01.208332
3199,58,30,1,15.86,20,12.69,completed,2026-05-05T05:50:01.208332,2026-05-05T05:50:01.208332
3200,43,98,1,165.02,0,165.02,processing,2026-05-13T23:03:01.208332,2026-05-13T23:03:01.208332
3201,190,57,2,183.8,5,349.22,completed,2026-06-12T06:42:01.208332,2026-06-12T06:42:01.208332
3202,340,65,2,210.38,20,336.61,cancelled,2026-04-02T21:45:01.208332,2026-04-02T21:45:01.208332
3203,163,6,5,94.28,0,471.4,completed,2026-08-15T06:49:01.208332,2026-08-15T06:49:01.208332
3204,175,33,2,128.65,0,257.3,completed,2026-05-18T17:01:01.208332,2026-05-18T17:01:01.208332
3205,462,83,1,213.9,5,203.2,completed,2026-05-03T18:45:01.208332,2026-05-03T18:45:01.208332
3206,485,38,5,42.0,0,210.0,completed,2026-04-05T14:26:01.208332,2026-04-05T14:26:01.208332
3207,322,25,3,116.03,15,295.88,shipped,2026-07-04T21:15:01.208332,2026-07-04T21:15:01.208332
3208,13,57,1,183.8,20,147.04,processing,2026-04-09T08:10:01.208332,2026-04-09T08:10:01.208332
3209,271,37,5,143.78,0,718.9,processing,2026-03-21T16:43:01.208332,2026-03-21T16:43:01.208332
3210,494,41,1,117.02,0,117.02,completed,2026-06-28T06:08:01.208332,2026-06-28T06:08:01.208332
3211,210,67,5,63.81,0,319.05,cancelled,2026-06-16T05:00:01.208332,2026-06-16T05:00:01.208332
3212,87,93,3,127.01,0,381.03,completed,2026-03-02T14:16:01.208332,2026-03-02T14:16:01.208332
3213,462,14,2,20.65,0,41.3,completed,2026-05-03T23:54:01.208332,2026-05-03T23:54:01.208332
3214,289,8,4,220.49,20,705.57,completed,2026-06-06T19:25:01.208332,2026-06-06T19:25:01.208332
3215,439,29,1,63.91,10,57.52,completed,2026-06-02T22:03:01.208332,2026-06-02T22:03:01.208332
3216,11,84,4,114.05,10,410.58,shipped,2026-06-20T23:29:01.208332,2026-06-20T23:29:01.208332
3217,145,88,5,114.54,5,544.07,cancelled,2026-05-16T11:00:01.208332,2026-05-16T11:00:01.208332
3218,122,88,4,114.54,10,412.34,completed,2026-04-10T02:49:01.208332,2026-04-10T02:49:01.208332
3219,326,59,4,152.05,0,608.2,processing,2026-05-17T06:53:01.208332,2026-05-17T06:53:01.208332
3220,451,47,2,46.2,0,92.4,cancelled,2026-04-16T19:41:01.208332,2026-04-16T19:41:01.208332
3221,375,23,4,210.09,0,840.36,completed,2026-08-03T03:36:01.208332,2026-08-03T03:36:01.208332
3222,189,95,1,12.44,5,11.82,completed,2026-07-20T05:26:01.208332,2026-07-20T05:26:01.208332
3223,74,6,4,94.28,5,358.26,processing,2026-07-02T23:24:01.208332,2026-07-02T23:24:01.208332
3224,437,30,4,15.86,0,63.44,cancelled,2026-07-26T12:58:01.208332,2026-07-26T12:58:01.208332
3225,181,27,4,78.11,5,296.82,shipped,2026-08-03T10:58:01.208332,2026-08-03T10:58:01.208332
3226,236,94,4,91.68,5,348.38,shipped,2026-08-15T23:21:01.208332,2026-08-15T23:21:01.208332
3227,238,47,3,46.2,0,138.6,shipped,2026-06-24T17:25:01.208332,2026-06-24T17:25:01.208332
3228,69,93,5,127.01,0,635.05,completed,2026-04-09T09:11:01.208332,2026-04-09T09:11:01.208332
3229,365,25,5,116.03,0,580.15,cancelled,2026-08-15T04:15:01.208332,2026-08-15T04:15:01.208332
3230,338,80,3,203.33,5,579.49,shipped,2026-06-03T09:30:01.208332,2026-06-03T09:30:01.208332
3231,192,83,3,213.9,0,641.7,completed,2026-05-06T02:39:01.208332,2026-05-06T02:39:01.208332
3232,241,14,5,20.65,15,87.76,completed,2026-05-16T22:34:01.208332,2026-05-16T22:34:01.208332
3233,464,100,5,63.18,5,300.1,completed,2026-03-04T20:41:01.208332,2026-03-04T20:41:01.208332
3234,112,44,5,75.9,0,379.5,shipped,2026-06-23T16:25:01.208332,2026-06-23T16:25:01.208332
3235,480,67,4,63.81,0,255.24,shipped,2026-08-14T07:16:01.208332,2026-08-14T07:16:01.208332
3236,13,89,2,214.41,5,407.38,cancelled,2026-06-06T21:20:01.208332,2026-06-06T21:20:01.208332
3237,89,35,5,196.82,20,787.28,cancelled,2026-03-23T23:18:01.208332,2026-03-23T23:18:01.208332
3238,206,74,2,241.53,0,483.06,completed,2026-05-09T11:19:01.208332,2026-05-09T11:19:01.208332
3239,240,32,2,109.47,20,175.15,shipped,2026-08-12T03:04:01.208332,2026-08-12T03:04:01.208332
3240,162,79,5,177.33,10,797.99,cancelled,2026-07-07T11:01:01.208332,2026-07-07T11:01:01.208332
3241,449,5,1,88.78,20,71.02,completed,2026-03-07T11:55:01.208332,2026-03-07T11:55:01.208332
3242,11,2,1,63.38,0,63.38,completed,2026-07-28T19:26:01.208332,2026-07-28T19:26:01.208332
3243,161,46,2,224.33,15,381.36,completed,2026-03-23T00:21:01.208332,2026-03-23T00:21:01.208332
3244,158,9,3,149.34,10,403.22,completed,2026-08-08T02:55:01.208332,2026-08-08T02:55:01.208332
3245,299,58,4,245.37,0,981.48,completed,2026-07-01T16:27:01.208332,2026-07-01T16:27:01.208332
3246,149,39,1,247.09,20,197.67,completed,2026-06-05T21:17:01.208332,2026-06-05T21:17:01.208332
3247,462,20,2,40.55,5,77.04,processing,2026-03-17T03:50:01.208332,2026-03-17T03:50:01.208332
3248,467,80,4,203.33,0,813.32,processing,2026-06-05T20:18:01.208332,2026-06-05T20:18:01.208332
3249,322,61,3,53.61,15,136.71,completed,2026-07-27T23:18:01.208332,2026-07-27T23:18:01.208332
3250,500,15,2,134.78,5,256.08,completed,2026-03-13T06:28:01.208332,2026-03-13T06:28:01.208332
3251,70,49,4,107.82,5,409.72,completed,2026-05-21T09:53:01.208332,2026-05-21T09:53:01.208332
3252,393,3,5,83.25,15,353.81,completed,2026-08-22T10:00:01.208332,2026-08-22T10:00:01.208332
3253,477,57,5,183.8,10,827.1,shipped,2026-03-28T16:48:01.208332,2026-03-28T16:48:01.208332
3254,458,3,4,83.25,15,283.05,completed,2026-06-06T18:40:01.208332,2026-06-06T18:40:01.208332
3255,454,44,1,75.9,0,75.9,completed,2026-03-08T03:21:01.208332,2026-03-08T03:21:01.208332
3256,70,80,3,203.33,15,518.49,completed,2026-05-06T06:06:01.208332,2026-05-06T06:06:01.208332
3257,57,86,2,186.11,15,316.39,completed,2026-04-22T23:31:01.208332,2026-04-22T23:31:01.208332
3258,365,11,3,184.85,10,499.09,shipped,2026-08-21T15:39:01.208332,2026-08-21T15:39:01.208332
3259,9,80,5,203.33,5,965.82,completed,2026-03-26T09:00:01.208332,2026-03-26T09:00:01.208332
3260,436,33,2,128.65,10,231.57,processing,2026-04-15T14:46:01.208332,2026-04-15T14:46:01.208332
3261,463,4,4,15.68,0,62.72,completed,2026-08-07T11:56:01.208332,2026-08-07T11:56:01.208332
3262,27,84,2,114.05,15,193.88,completed,2026-04-20T10:04:01.208332,2026-04-20T10:04:01.208332
3263,230,56,3,16.97,0,50.91,cancelled,2026-04-14T06:24:01.208332,2026-04-14T06:24:01.208332
3264,389,85,4,179.75,15,611.15,completed,2026-03-10T04:57:01.208332,2026-03-10T04:57:01.208332
3265,283,5,2,88.78,20,142.05,processing,2026-08-20T16:24:01.208332,2026-08-20T16:24:01.208332
3266,6,95,5,12.44,0,62.2,shipped,2026-04-19T16:55:01.208332,2026-04-19T16:55:01.208332
3267,103,61,4,53.61,5,203.72,cancelled,2026-03-02T03:34:01.208332,2026-03-02T03:34:01.208332
3268,345,35,4,196.82,0,787.28,processing,2026-05-01T08:54:01.208332,2026-05-01T08:54:01.208332
3269,438,55,4,62.66,15,213.04,completed,2026-04-26T21:08:01.208332,2026-04-26T21:08:01.208332
3270,483,45,3,66.28,10,178.96,shipped,2026-03-30T17:10:01.208332,2026-03-30T17:10:01.208332
3271,145,35,1,196.82,5,186.98,cancelled,2026-08-09T20:33:01.208332,2026-08-09T20:33:01.208332
3272,44,86,3,186.11,20,446.66,completed,2026-05-27T05:18:01.208332,2026-05-27T05:18:01.208332
3273,12,17,1,85.34,0,85.34,completed,2026-03-09T03:29:01.208332,2026-03-09T03:29:01.208332
3274,192,9,2,149.34,10,268.81,completed,2026-07-19T11:59:01.208332,2026-07-19T11:59:01.208332
3275,399,12,1,155.49,0,155.49,completed,2026-07-05T05:40:01.208332,2026-07-05T05:40:01.208332
3276,378,44,5,75.9,0,379.5,processing,2026-03-24T01:00:01.208332,2026-03-24T01:00:01.208332
3277,321,59,3,152.05,20,364.92,completed,2026-06-24T15:31:01.208332,2026-06-24T15:31:01.208332
3278,314,16,1,113.51,15,96.48,completed,2026-03-20T20:25:01.208332,2026-03-20T20:25:01.208332
3279,471,96,1,67.93,0,67.93,cancelled,2026-03-12T07:01:01.208332,2026-03-12T07:01:01.208332
3280,488,12,1,155.49,5,147.72,cancelled,2026-07-17T16:53:01.208332,2026-07-17T16:53:01.208332
3281,120,27,1,78.11,15,66.39,shipped,2026-03-10T01:19:01.208332,2026-03-10T01:19:01.208332
3282,165,81,5,137.86,0,689.3,completed,2026-05-21T06:14:01.208332,2026-05-21T06:14:01.208332
3283,363,64,5,190.48,15,809.54,shipped,2026-03-29T11:17:01.208332,2026-03-29T11:17:01.208332
3284,148,94,5,91.68,20,366.72,completed,2026-07-30T07:41:01.208332,2026-07-30T07:41:01.208332
3285,227,24,5,60.44,0,302.2,completed,2026-03-10T01:57:01.208332,2026-03-10T01:57:01.208332
3286,499,26,3,123.56,0,370.68,processing,2026-08-02T11:10:01.208332,2026-08-02T11:10:01.208332
3287,295,25,1,116.03,15,98.63,completed,2026-07-12T06:08:01.208332,2026-07-12T06:08:01.208332
3288,97,24,3,60.44,20,145.06,completed,2026-04-06T01:16:01.208332,2026-04-06T01:16:01.208332
3289,203,82,5,131.43,0,657.15,shipped,2026-06-13T02:35:01.208332,2026-06-13T02:35:01.208332
3290,260,82,3,131.43,0,394.29,completed,2026-05-12T05:52:01.208332,2026-05-12T05:52:01.208332
3291,423,45,2,66.28,10,119.3,cancelled,2026-02-24T20:52:01.208332,2026-02-24T20:52:01.208332
3292,456,88,3,114.54,0,343.62,completed,2026-07-10T21:56:01.208332,2026-07-10T21:56:01.208332
3293,34,8,1,220.49,5,209.47,cancelled,2026-04-27T06:18:01.208332,2026-04-27T06:18:01.208332
3294,31,80,4,203.33,0,813.32,cancelled,2026-06-26T07:16:01.208332,2026-06-26T07:16:01.208332
3295,229,2,1,63.38,0,63.38,completed,2026-06-10T15:59:01.208332,2026-06-10T15:59:01.208332
3296,358,88,5,114.54,15,486.8,completed,2026-08-17T05:35:01.208332,2026-08-17T05:35:01.208332
3297,292,34,3,167.45,5,477.23,cancelled,2026-04-29T18:59:01.208332,2026-04-29T18:59:01.208332
3298,416,62,3,88.56,5,252.4,shipped,2026-04-19T06:09:01.208332,2026-04-19T06:09:01.208332
3299,161,70,2,40.29,0,80.58,completed,2026-06-10T12:00:01.208332,2026-06-10T12:00:01.208332
3300,22,89,3,214.41,5,611.07,shipped,2026-05-19T05:44:01.208332,2026-05-19T05:44:01.208332
3301,167,52,4,101.29,20,324.13,shipped,2026-08-06T06:32:01.208332,2026-08-06T06:32:01.208332
3302,232,20,2,40.55,15,68.93,shipped,2026-07-10T05:34:01.208332,2026-07-10T05:34:01.208332
3303,215,4,2,15.68,20,25.09,shipped,2026-04-22T06:09:01.208332,2026-04-22T06:09:01.208332
3304,446,81,2,137.86,5,261.93,completed,2026-05-01T04:10:01.208332,2026-05-01T04:10:01.208332
3305,223,85,2,179.75,0,359.5,completed,2026-06-11T12:56:01.208332,2026-06-11T12:56:01.208332
3306,112,13,1,225.88,5,214.59,completed,2026-05-20T13:49:01.208332,2026-05-20T13:49:01.208332
3307,139,44,2,75.9,0,151.8,shipped,2026-05-25T03:12:01.208332,2026-05-25T03:12:01.208332
3308,82,39,5,247.09,0,1235.45,completed,2026-04-06T01:22:01.208332,2026-04-06T01:22:01.208332
3309,250,78,4,152.1,5,577.98,completed,2026-05-13T19:22:01.208332,2026-05-13T19:22:01.208332
3310,250,86,1,186.11,0,186.11,completed,2026-08-17T14:57:01.208332,2026-08-17T14:57:01.208332
3311,35,42,4,118.02,10,424.87,completed,2026-04-17T06:25:01.208332,2026-04-17T06:25:01.208332
3312,121,67,4,63.81,20,204.19,shipped,2026-04-03T23:50:01.208332,2026-04-03T23:50:01.208332
3313,252,2,3,63.38,15,161.62,completed,2026-03-24T11:18:01.208332,2026-03-24T11:18:01.208332
3314,323,40,5,157.04,5,745.94,completed,2026-06-14T22:36:01.208332,2026-06-14T22:36:01.208332
3315,307,17,5,85.34,0,426.7,cancelled,2026-04-26T16:38:01.208332,2026-04-26T16:38:01.208332
3316,192,89,2,214.41,0,428.82,shipped,2026-06-06T12:19:01.208332,2026-06-06T12:19:01.208332
3317,33,3,4,83.25,0,333.0,completed,2026-05-10T12:16:01.208332,2026-05-10T12:16:01.208332
3318,108,42,2,118.02,20,188.83,completed,2026-08-06T21:41:01.208332,2026-08-06T21:41:01.208332
3319,325,61,3,53.61,10,144.75,processing,2026-04-26T15:09:01.208332,2026-04-26T15:09:01.208332
3320,407,43,2,193.8,0,387.6,completed,2026-08-18T08:35:01.208332,2026-08-18T08:35:01.208332
3321,401,81,5,137.86,0,689.3,processing,2026-07-02T12:07:01.208332,2026-07-02T12:07:01.208332
3322,313,31,2,156.71,5,297.75,shipped,2026-06-06T03:27:01.208332,2026-06-06T03:27:01.208332
3323,456,3,3,83.25,10,224.78,completed,2026-08-02T22:19:01.208332,2026-08-02T22:19:01.208332
3324,197,97,2,143.24,10,257.83,completed,2026-04-23T03:41:01.208332,2026-04-23T03:41:01.208332
3325,271,63,4,91.0,10,327.6,cancelled,2026-08-06T12:24:01.208332,2026-08-06T12:24:01.208332
3326,137,9,4,149.34,5,567.49,completed,2026-07-15T03:01:01.208332,2026-07-15T03:01:01.208332
3327,406,99,3,200.3,15,510.77,completed,2026-03-21T15:30:01.208332,2026-03-21T15:30:01.208332
3328,435,100,1,63.18,5,60.02,completed,2026-04-09T11:42:01.208332,2026-04-09T11:42:01.208332
3329,325,1,3,101.81,0,305.43,processing,2026-07-23T18:08:01.208332,2026-07-23T18:08:01.208332
3330,248,72,2,194.06,20,310.5,completed,2026-04-14T06:03:01.208332,2026-04-14T06:03:01.208332
3331,249,41,5,117.02,10,526.59,cancelled,2026-04-01T00:26:01.208332,2026-04-01T00:26:01.208332
3332,97,77,5,235.95,0,1179.75,cancelled,2026-04-18T09:56:01.208332,2026-04-18T09:56:01.208332
3333,32,95,2,12.44,10,22.39,processing,2026-07-19T00:35:01.208332,2026-07-19T00:35:01.208332
3334,145,32,4,109.47,5,415.99,completed,2026-07-01T03:32:01.208332,2026-07-01T03:32:01.208332
3335,153,34,2,167.45,0,334.9,completed,2026-04-18T12:03:01.208332,2026-04-18T12:03:01.208332
3336,15,84,4,114.05,0,456.2,shipped,2026-05-01T16:56:01.208332,2026-05-01T16:56:01.208332
3337,398,19,4,106.58,15,362.37,processing,2026-05-04T03:26:01.208332,2026-05-04T03:26:01.208332
3338,81,77,4,235.95,20,755.04,completed,2026-04-21T18:38:01.208332,2026-04-21T18:38:01.208332
3339,480,36,4,202.99,0,811.96,cancelled,2026-03-31T14:29:01.208332,2026-03-31T14:29:01.208332
3340,311,59,3,152.05,0,456.15,completed,2026-06-10T08:44:01.208332,2026-06-10T08:44:01.208332
3341,166,3,1,83.25,0,83.25,completed,2026-07-31T13:34:01.208332,2026-07-31T13:34:01.208332
3342,283,62,3,88.56,0,265.68,cancelled,2026-04-21T23:47:01.208332,2026-04-21T23:47:01.208332
3343,193,71,1,237.46,15,201.84,cancelled,2026-05-13T15:40:01.208332,2026-05-13T15:40:01.208332
3344,166,51,2,227.16,0,454.32,completed,2026-06-15T04:57:01.208332,2026-06-15T04:57:01.208332
3345,330,37,3,143.78,10,388.21,processing,2026-07-11T07:31:01.208332,2026-07-11T07:31:01.208332
3346,21,66,1,189.77,15,161.3,cancelled,2026-07-04T04:10:01.208332,2026-07-04T04:10:01.208332
3347,68,64,1,190.48,0,190.48,completed,2026-03-21T01:38:01.208332,2026-03-21T01:38:01.208332
3348,53,67,2,63.81,15,108.48,completed,2026-04-07T09:09:01.208332,2026-04-07T09:09:01.208332
3349,387,47,3,46.2,0,138.6,shipped,2026-03-10T08:57:01.208332,2026-03-10T08:57:01.208332
3350,176,97,1,143.24,5,136.08,processing,2026-05-07T12:26:01.208332,2026-05-07T12:26:01.208332
3351,32,68,4,191.02,15,649.47,shipped,2026-07-17T08:44:01.208332,2026-07-17T08:44:01.208332
3352,356,20,5,40.55,20,162.2,completed,2026-03-11T21:16:01.208332,2026-03-11T21:16:01.208332
3353,230,21,1,172.56,20,138.05,completed,2026-08-08T12:26:01.208332,2026-08-08T12:26:01.208332
3354,117,31,1,156.71,15,133.2,processing,2026-06-28T00:43:01.208332,2026-06-28T00:43:01.208332
3355,13,7,2,89.48,5,170.01,completed,2026-03-03T07:35:01.208332,2026-03-03T07:35:01.208332
3356,113,98,2,165.02,0,330.04,completed,2026-08-16T08:17:01.208332,2026-08-16T08:17:01.208332
3357,257,41,3,117.02,5,333.51,cancelled,2026-07-11T05:13:01.208332,2026-07-11T05:13:01.208332
3358,344,51,1,227.16,10,204.44,completed,2026-07-12T23:02:01.208332,2026-07-12T23:02:01.208332
3359,253,4,4,15.68,10,56.45,completed,2026-03-07T23:17:01.208332,2026-03-07T23:17:01.208332
3360,103,76,1,172.56,0,172.56,processing,2026-04-06T09:05:01.208332,2026-04-06T09:05:01.208332
3361,252,1,3,101.81,15,259.62,processing,2026-03-10T06:37:01.208332,2026-03-10T06:37:01.208332
3362,452,48,5,179.54,20,718.16,shipped,2026-03-25T11:40:01.208332,2026-03-25T11:40:01.208332
3363,109,20,5,40.55,0,202.75,cancelled,2026-08-09T04:56:01.208332,2026-08-09T04:56:01.208332
3364,382,80,3,203.33,0,609.99,completed,2026-06-04T20:42:01.208332,2026-06-04T20:42:01.208332
3365,262,50,2,24.94,20,39.9,processing,2026-04-01T07:06:01.208332,2026-04-01T07:06:01.208332
3366,132,43,2,193.8,0,387.6,completed,2026-08-06T01:28:01.208332,2026-08-06T01:28:01.208332
3367,202,16,3,113.51,5,323.5,shipped,2026-02-28T20:16:01.208332,2026-02-28T20:16:01.208332
3368,309,84,5,114.05,20,456.2,completed,2026-05-08T10:51:01.208332,2026-05-08T10:51:01.208332
3369,95,15,1,134.78,5,128.04,completed,2026-07-20T01:52:01.208332,2026-07-20T01:52:01.208332
3370,381,27,2,78.11,20,124.98,cancelled,2026-06-07T09:38:01.208332,2026-06-07T09:38:01.208332
3371,383,39,2,247.09,10,444.76,completed,2026-07-22T11:39:01.208332,2026-07-22T11:39:01.208332
3372,185,60,1,164.26,15,139.62,completed,2026-06-17T13:54:01.208332,2026-06-17T13:54:01.208332
3373,291,33,2,128.65,10,231.57,completed,2026-02-27T22:24:01.208332,2026-02-27T22:24:01.208332
3374,7,28,2,206.42,20,330.27,completed,2026-04-25T09:20:01.208332,2026-04-25T09:20:01.208332
3375,256,93,4,127.01,15,431.83,shipped,2026-04-24T04:37:01.208332,2026-04-24T04:37:01.208332
3376,201,78,2,152.1,5,288.99,processing,2026-05-22T00:17:01.208332,2026-05-22T00:17:01.208332
3377,306,37,2,143.78,0,287.56,completed,2026-06-15T19:19:01.208332,2026-06-15T19:19:01.208332
3378,453,1,1,101.81,10,91.63,completed,2026-03-04T16:56:01.208332,2026-03-04T16:56:01.208332
3379,485,36,1,202.99,0,202.99,shipped,2026-05-15T14:51:01.208332,2026-05-15T14:51:01.208332
3380,374,73,2,155.74,0,311.48,completed,2026-03-05T08:16:01.208332,2026-03-05T08:16:01.208332
3381,111,83,2,213.9,5,406.41,completed,2026-07-08T15:32:01.208332,2026-07-08T15:32:01.208332
3382,39,36,4,202.99,15,690.17,completed,2026-02-27T16:12:01.208332,2026-02-27T16:12:01.208332
3383,395,5,1,88.78,0,88.78,completed,2026-03-21T10:04:01.208332,2026-03-21T10:04:01.208332
3384,234,27,1,78.11,15,66.39,cancelled,2026-07-09T02:05:01.208332,2026-07-09T02:05:01.208332
3385,406,4,4,15.68,0,62.72,completed,2026-02-26T05:02:01.208332,2026-02-26T05:02:01.208332
3386,45,93,2,127.01,5,241.32,processing,2026-07-31T22:32:01.208332,2026-07-31T22:32:01.208332
3387,356,72,3,194.06,0,582.18,cancelled,2026-02-27T16:55:01.208332,2026-02-27T16:55:01.208332
3388,289,62,1,88.56,15,75.28,completed,2026-06-29T12:53:01.208332,2026-06-29T12:53:01.208332
3389,111,9,4,149.34,15,507.76,completed,2026-05-03T07:21:01.208332,2026-05-03T07:21:01.208332
3390,20,64,4,190.48,20,609.54,shipped,2026-05-19T09:02:01.208332,2026-05-19T09:02:01.208332
3391,90,2,5,63.38,0,316.9,completed,2026-06-23T03:08:01.208332,2026-06-23T03:08:01.208332
3392,492,99,3,200.3,15,510.77,cancelled,2026-04-15T20:33:01.208332,2026-04-15T20:33:01.208332
3393,246,26,3,123.56,0,370.68,completed,2026-06-25T19:04:01.208332,2026-06-25T19:04:01.208332
3394,494,25,2,116.03,15,197.25,completed,2026-05-16T03:39:01.208332,2026-05-16T03:39:01.208332
3395,333,6,5,94.28,20,377.12,shipped,2026-07-29T14:38:01.208332,2026-07-29T14:38:01.208332
3396,287,90,4,221.59,20,709.09,cancelled,2026-04-06T17:53:01.208332,2026-04-06T17:53:01.208332
3397,435,96,1,67.93,0,67.93,completed,2026-04-30T20:51:01.208332,2026-04-30T20:51:01.208332
3398,307,48,4,179.54,20,574.53,processing,2026-05-20T14:38:01.208332,2026-05-20T14:38:01.208332
3399,84,48,3,179.54,15,457.83,processing,2026-06-03T21:49:01.208332,2026-06-03T21:49:01.208332
3400,75,42,3,118.02,5,336.36,processing,2026-03-27T06:25:01.208332,2026-03-27T06:25:01.208332
3401,206,48,4,179.54,0,718.16,completed,2026-07-13T06:48:01.208332,2026-07-13T06:48:01.208332
3402,76,87,4,203.97,15,693.5,shipped,2026-06-02T07:34:01.208332,2026-06-02T07:34:01.208332
3403,185,56,1,16.97,10,15.27,completed,2026-04-10T16:36:01.208332,2026-04-10T16:36:01.208332
3404,171,46,4,224.33,5,852.45,processing,2026-07-10T19:20:01.208332,2026-07-10T19:20:01.208332
3405,442,88,2,114.54,0,229.08,processing,2026-04-27T02:56:01.208332,2026-04-27T02:56:01.208332
3406,471,81,2,137.86,10,248.15,processing,2026-04-26T19:03:01.208332,2026-04-26T19:03:01.208332
3407,324,96,2,67.93,20,108.69,processing,2026-07-19T00:05:01.208332,2026-07-19T00:05:01.208332
3408,72,27,4,78.11,0,312.44,shipped,2026-07-23T12:02:01.208332,2026-07-23T12:02:01.208332
3409,451,15,5,134.78,10,606.51,processing,2026-03-03T05:46:01.208332,2026-03-03T05:46:01.208332
3410,54,74,1,241.53,0,241.53,processing,2026-08-12T17:16:01.208332,2026-08-12T17:16:01.208332
3411,341,22,2,146.59,15,249.2,completed,2026-07-02T19:19:01.208332,2026-07-02T19:19:01.208332
3412,251,15,3,134.78,15,343.69,completed,2026-07-25T20:57:01.208332,2026-07-25T20:57:01.208332
3413,281,51,5,227.16,15,965.43,shipped,2026-07-22T18:12:01.208332,2026-07-22T18:12:01.208332
3414,113,74,3,241.53,15,615.9,cancelled,2026-05-08T20:56:01.208332,2026-05-08T20:56:01.208332
3415,385,14,2,20.65,15,35.1,shipped,2026-06-20T19:37:01.208332,2026-06-20T19:37:01.208332
3416,80,89,2,214.41,15,364.5,processing,2026-02-23T16:58:01.208332,2026-02-23T16:58:01.208332
3417,410,14,4,20.65,0,82.6,completed,2026-08-09T07:44:01.208332,2026-08-09T07:44:01.208332
3418,356,40,2,157.04,20,251.26,completed,2026-05-08T12:43:01.208332,2026-05-08T12:43:01.208332
3419,423,27,5,78.11,15,331.97,completed,2026-03-13T04:21:01.208332,2026-03-13T04:21:01.208332
3420,13,3,1,83.25,0,83.25,completed,2026-03-17T15:21:01.208332,2026-03-17T15:21:01.208332
3421,96,100,1,63.18,0,63.18,shipped,2026-04-10T17:38:01.208332,2026-04-10T17:38:01.208332
3422,487,16,4,113.51,0,454.04,shipped,2026-06-24T00:52:01.208332,2026-06-24T00:52:01.208332
3423,6,90,5,221.59,0,1107.95,shipped,2026-04-27T01:41:01.208332,2026-04-27T01:41:01.208332
3424,192,27,3,78.11,5,222.61,processing,2026-06-16T07:56:01.208332,2026-06-16T07:56:01.208332
3425,471,62,5,88.56,10,398.52,cancelled,2026-03-03T05:19:01.208332,2026-03-03T05:19:01.208332
3426,252,5,4,88.78,0,355.12,completed,2026-04-28T14:04:01.208332,2026-04-28T14:04:01.208332
3427,131,90,4,221.59,20,709.09,shipped,2026-07-18T20:08:01.208332,2026-07-18T20:08:01.208332
3428,386,69,1,211.41,5,200.84,processing,2026-06-28T22:52:01.208332,2026-06-28T22:52:01.208332
3429,318,45,4,66.28,0,265.12,completed,2026-05-03T18:28:01.208332,2026-05-03T18:28:01.208332
3430,493,63,1,91.0,5,86.45,processing,2026-04-10T12:03:01.208332,2026-04-10T12:03:01.208332
3431,48,11,2,184.85,15,314.25,cancelled,2026-07-24T19:26:01.208332,2026-07-24T19:26:01.208332
3432,324,13,4,225.88,5,858.34,completed,2026-07-09T23:01:01.208332,2026-07-09T23:01:01.208332
3433,124,78,4,152.1,0,608.4,completed,2026-04-23T09:01:01.208332,2026-04-23T09:01:01.208332
3434,283,100,4,63.18,0,252.72,shipped,2026-06-15T07:44:01.208332,2026-06-15T07:44:01.208332
3435,49,2,2,63.38,10,114.08,cancelled,2026-07-30T15:38:01.208332,2026-07-30T15:38:01.208332
3436,400,4,5,15.68,5,74.48,processing,2026-03-08T04:16:01.208332,2026-03-08T04:16:01.208332
3437,93,60,3,164.26,15,418.86,shipped,2026-06-06T11:06:01.208332,2026-06-06T11:06:01.208332
3438,411,69,1,211.41,0,211.41,completed,2026-06-10T05:09:01.208332,2026-06-10T05:09:01.208332
3439,358,67,4,63.81,0,255.24,shipped,2026-08-06T20:24:01.208332,2026-08-06T20:24:01.208332
3440,151,21,1,172.56,0,172.56,completed,2026-06-13T00:42:01.208332,2026-06-13T00:42:01.208332
3441,219,15,2,134.78,20,215.65,completed,2026-03-09T14:00:01.208332,2026-03-09T14:00:01.208332
3442,247,63,2,91.0,0,182.0,cancelled,2026-05-05T02:31:01.208332,2026-05-05T02:31:01.208332
3443,414,84,2,114.05,20,182.48,completed,2026-05-03T04:16:01.208332,2026-05-03T04:16:01.208332
3444,155,24,2,60.44,0,120.88,cancelled,2026-07-31T04:04:01.208332,2026-07-31T04:04:01.208332
3445,299,64,2,190.48,15,323.82,cancelled,2026-05-15T13:08:01.208332,2026-05-15T13:08:01.208332
3446,486,15,1,134.78,0,134.78,completed,2026-03-20T22:33:01.208332,2026-03-20T22:33:01.208332
3447,380,78,5,152.1,0,760.5,shipped,2026-05-14T08:26:01.208332,2026-05-14T08:26:01.208332
3448,188,90,4,221.59,0,886.36,processing,2026-07-02T13:27:01.208332,2026-07-02T13:27:01.208332
3449,460,89,3,214.41,15,546.75,completed,2026-06-02T12:53:01.208332,2026-06-02T12:53:01.208332
3450,215,61,1,53.61,0,53.61,processing,2026-05-14T00:33:01.208332,2026-05-14T00:33:01.208332
3451,360,55,1,62.66,0,62.66,completed,2026-03-11T11:32:01.208332,2026-03-11T11:32:01.208332
3452,450,86,3,186.11,5,530.41,processing,2026-05-07T15:47:01.208332,2026-05-07T15:47:01.208332
3453,471,32,2,109.47,0,218.94,completed,2026-02-27T23:42:01.208332,2026-02-27T23:42:01.208332
3454,45,74,2,241.53,15,410.6,shipped,2026-03-31T08:57:01.208332,2026-03-31T08:57:01.208332
3455,338,70,3,40.29,10,108.78,shipped,2026-04-12T11:27:01.208332,2026-04-12T11:27:01.208332
3456,35,85,2,179.75,10,323.55,completed,2026-05-09T19:54:01.208332,2026-05-09T19:54:01.208332
3457,287,6,2,94.28,0,188.56,completed,2026-03-22T10:18:01.208332,2026-03-22T10:18:01.208332
3458,69,96,4,67.93,0,271.72,completed,2026-05-02T07:02:01.208332,2026-05-02T07:02:01.208332
3459,262,2,1,63.38,10,57.04,completed,2026-06-24T19:46:01.208332,2026-06-24T19:46:01.208332
3460,300,68,1,191.02,0,191.02,completed,2026-08-02T20:49:01.208332,2026-08-02T20:49:01.208332
3461,164,32,4,109.47,20,350.3,completed,2026-04-03T11:25:01.208332,2026-04-03T11:25:01.208332
3462,340,61,4,53.61,5,203.72,completed,2026-04-03T13:52:01.208332,2026-04-03T13:52:01.208332
3463,89,50,5,24.94,15,106.0,processing,2026-06-17T17:54:01.208332,2026-06-17T17:54:01.208332
3464,440,10,2,36.02,15,61.23,processing,2026-03-18T17:02:01.208332,2026-03-18T17:02:01.208332
3465,75,98,1,165.02,5,156.77,completed,2026-05-28T01:22:01.208332,2026-05-28T01:22:01.208332
3466,290,22,2,146.59,15,249.2,shipped,2026-07-10T18:04:01.208332,2026-07-10T18:04:01.208332
3467,430,81,3,137.86,0,413.58,completed,2026-07-24T07:50:01.208332,2026-07-24T07:50:01.208332
3468,209,8,4,220.49,0,881.96,completed,2026-08-01T02:22:01.208332,2026-08-01T02:22:01.208332
3469,400,51,1,227.16,0,227.16,cancelled,2026-06-25T20:52:01.208332,2026-06-25T20:52:01.208332
3470,477,48,4,179.54,5,682.25,completed,2026-06-13T23:55:01.208332,2026-06-13T23:55:01.208332
3471,384,17,4,85.34,10,307.22,processing,2026-08-15T10:18:01.208332,2026-08-15T10:18:01.208332
3472,456,53,2,81.67,0,163.34,processing,2026-06-12T15:20:01.208332,2026-06-12T15:20:01.208332
3473,148,64,1,190.48,5,180.96,completed,2026-06-12T19:01:01.208332,2026-06-12T19:01:01.208332
3474,214,9,5,149.34,0,746.7,completed,2026-07-01T20:15:01.208332,2026-07-01T20:15:01.208332
3475,396,83,1,213.9,0,213.9,shipped,2026-04-15T02:17:01.208332,2026-04-15T02:17:01.208332
3476,144,60,3,164.26,0,492.78,processing,2026-07-25T20:19:01.208332,2026-07-25T20:19:01.208332
3477,310,42,3,118.02,20,283.25,shipped,2026-08-15T06:24:01.208332,2026-08-15T06:24:01.208332
3478,262,63,4,91.0,20,291.2,cancelled,2026-08-01T04:31:01.208332,2026-08-01T04:31:01.208332
3479,302,89,5,214.41,15,911.24,processing,2026-06-13T18:32:01.208332,2026-06-13T18:32:01.208332
3480,339,74,2,241.53,5,458.91,completed,2026-04-25T23:04:01.208332,2026-04-25T23:04:01.208332
3481,355,63,3,91.0,10,245.7,processing,2026-05-28T17:09:01.208332,2026-05-28T17:09:01.208332
3482,324,9,3,149.34,15,380.82,completed,2026-04-13T10:12:01.208332,2026-04-13T10:12:01.208332
3483,448,37,5,143.78,10,647.01,completed,2026-04-06T01:49:01.208332,2026-04-06T01:49:01.208332
3484,475,42,2,118.02,10,212.44,completed,2026-03-30T10:01:01.208332,2026-03-30T10:01:01.208332
3485,498,40,2,157.04,20,251.26,processing,2026-04-25T13:59:01.208332,2026-04-25T13:59:01.208332
3486,347,53,3,81.67,0,245.01,shipped,2026-06-12T10:01:01.208332,2026-06-12T10:01:01.208332
3487,343,85,2,179.75,20,287.6,completed,2026-06-15T04:50:01.208332,2026-06-15T04:50:01.208332
3488,411,99,3,200.3,0,600.9,cancelled,2026-06-28T16:22:01.208332,2026-06-28T16:22:01.208332
3489,186,92,5,16.89,10,76.01,completed,2026-04-23T01:27:01.208332,2026-04-23T01:27:01.208332
3490,409,60,5,164.26,10,739.17,completed,2026-03-27T04:01:01.208332,2026-03-27T04:01:01.208332
3491,371,93,3,127.01,15,323.88,completed,2026-04-09T13:38:01.208332,2026-04-09T13:38:01.208332
3492,307,82,3,131.43,0,394.29,cancelled,2026-08-04T02:55:01.208332,2026-08-04T02:55:01.208332
3493,415,64,3,190.48,0,571.44,shipped,2026-05-05T21:25:01.208332,2026-05-05T21:25:01.208332
3494,368,35,5,196.82,5,934.89,completed,2026-06-01T10:20:01.208332,2026-06-01T10:20:01.208332
3495,75,33,5,128.65,0,643.25,completed,2026-04-10T13:42:01.208332,2026-04-10T13:42:01.208332
3496,495,49,5,107.82,5,512.14,completed,2026-02-24T04:38:01.208332,2026-02-24T04:38:01.208332
3497,97,33,4,128.65,5,488.87,processing,2026-08-12T18:21:01.208332,2026-08-12T18:21:01.208332
3498,299,36,5,202.99,10,913.46,completed,2026-05-11T03:31:01.208332,2026-05-11T03:31:01.208332
3499,137,7,4,89.48,15,304.23,shipped,2026-08-21T07:27:01.208332,2026-08-21T07:27:01.208332
3500,305,14,4,20.65,5,78.47,completed,2026-05-05T00:41:01.208332,2026-05-05T00:41:01.208332
3501,62,18,2,131.71,0,263.42,completed,2026-04-30T09:03:01.208332,2026-04-30T09:03:01.208332
3502,22,9,3,149.34,0,448.02,processing,2026-06-03T10:45:01.208332,2026-06-03T10:45:01.208332
3503,138,17,1,85.34,15,72.54,shipped,2026-06-28T14:42:01.208332,2026-06-28T14:42:01.208332
3504,105,6,5,94.28,0,471.4,completed,2026-02-25T09:25:01.208332,2026-02-25T09:25:01.208332
3505,173,80,3,203.33,0,609.99,completed,2026-05-12T20:12:01.208332,2026-05-12T20:12:01.208332
3506,119,29,5,63.91,10,287.59,completed,2026-06-07T11:25:01.208332,2026-06-07T11:25:01.208332
3507,476,71,3,237.46,20,569.9,completed,2026-04-07T15:02:01.208332,2026-04-07T15:02:01.208332
3508,12,71,5,237.46,0,1187.3,completed,2026-07-12T09:07:01.208332,2026-07-12T09:07:01.208332
3509,88,50,2,24.94,10,44.89,completed,2026-06-15T19:00:01.208332,2026-06-15T19:00:01.208332
3510,489,21,1,172.56,10,155.3,processing,2026-07-08T09:28:01.208332,2026-07-08T09:28:01.208332
3511,499,35,4,196.82,0,787.28,completed,2026-03-13T00:24:01.208332,2026-03-13T00:24:01.208332
3512,433,53,2,81.67,0,163.34,processing,2026-05-18T05:58:01.208332,2026-05-18T05:58:01.208332
3513,85,23,2,210.09,0,420.18,completed,2026-03-15T03:32:01.208332,2026-03-15T03:32:01.208332
3514,123,86,3,186.11,5,530.41,processing,2026-06-09T02:50:01.208332,2026-06-09T02:50:01.208332
3515,435,50,4,24.94,0,99.76,completed,2026-04-06T20:46:01.208332,2026-04-06T20:46:01.208332
3516,434,11,4,184.85,15,628.49,shipped,2026-05-15T10:48:01.208332,2026-05-15T10:48:01.208332
3517,77,95,4,12.44,20,39.81,shipped,2026-06-15T13:34:01.208332,2026-06-15T13:34:01.208332
3518,12,70,3,40.29,0,120.87,cancelled,2026-08-03T03:02:01.208332,2026-08-03T03:02:01.208332
3519,252,56,5,16.97,0,84.85,completed,2026-04-23T05:33:01.208332,2026-04-23T05:33:01.208332
3520,256,65,5,210.38,5,999.31,shipped,2026-07-26T04:36:01.208332,2026-07-26T04:36:01.208332
3521,311,27,3,78.11,0,234.33,completed,2026-07-01T15:48:01.208332,2026-07-01T15:48:01.208332
3522,308,90,4,221.59,0,886.36,shipped,2026-07-17T01:29:01.208332,2026-07-17T01:29:01.208332
3523,107,28,3,206.42,0,619.26,completed,2026-05-08T08:17:01.208332,2026-05-08T08:17:01.208332
3524,128,92,3,16.89,0,50.67,processing,2026-05-03T16:10:01.208332,2026-05-03T16:10:01.208332
3525,450,61,1,53.61,15,45.57,processing,2026-08-12T20:36:01.208332,2026-08-12T20:36:01.208332
3526,125,83,1,213.9,5,203.2,completed,2026-07-03T09:48:01.208332,2026-07-03T09:48:01.208332
3527,200,74,3,241.53,0,724.59,completed,2026-05-03T22:51:01.208332,2026-05-03T22:51:01.208332
3528,252,56,4,16.97,5,64.49,shipped,2026-03-11T21:13:01.208332,2026-03-11T21:13:01.208332
3529,131,45,2,66.28,0,132.56,completed,2026-05-01T08:02:01.208332,2026-05-01T08:02:01.208332
3530,246,21,2,172.56,0,345.12,processing,2026-07-29T00:00:01.208332,2026-07-29T00:00:01.208332
3531,331,67,5,63.81,10,287.15,completed,2026-07-21T01:55:01.208332,2026-07-21T01:55:01.208332
3532,434,5,4,88.78,0,355.12,completed,2026-03-04T07:59:01.208332,2026-03-04T07:59:01.208332
3533,47,91,2,146.76,0,293.52,cancelled,2026-06-15T15:18:01.208332,2026-06-15T15:18:01.208332
3534,284,7,3,89.48,0,268.44,completed,2026-05-30T05:14:01.208332,2026-05-30T05:14:01.208332
3535,232,20,3,40.55,0,121.65,shipped,2026-07-29T21:12:01.208332,2026-07-29T21:12:01.208332
3536,143,24,2,60.44,5,114.84,completed,2026-04-21T07:45:01.208332,2026-04-21T07:45:01.208332
3537,267,9,2,149.34,20,238.94,processing,2026-03-12T09:30:01.208332,2026-03-12T09:30:01.208332
3538,27,74,2,241.53,0,483.06,shipped,2026-06-03T08:20:01.208332,2026-06-03T08:20:01.208332
3539,483,55,2,62.66,0,125.32,completed,2026-02-26T17:26:01.208332,2026-02-26T17:26:01.208332
3540,309,92,1,16.89,0,16.89,completed,2026-07-14T06:56:01.208332,2026-07-14T06:56:01.208332
3541,138,23,5,210.09,0,1050.45,shipped,2026-07-15T10:07:01.208332,2026-07-15T10:07:01.208332
3542,284,98,3,165.02,15,420.8,completed,2026-03-28T04:05:01.208332,2026-03-28T04:05:01.208332
3543,274,24,2,60.44,20,96.7,completed,2026-02-25T04:34:01.208332,2026-02-25T04:34:01.208332
3544,438,22,3,146.59,10,395.79,completed,2026-07-21T15:45:01.208332,2026-07-21T15:45:01.208332
3545,257,65,1,210.38,5,199.86,completed,2026-03-20T03:58:01.208332,2026-03-20T03:58:01.208332
3546,25,61,2,53.61,20,85.78,completed,2026-03-19T16:21:01.208332,2026-03-19T16:21:01.208332
3547,442,78,3,152.1,10,410.67,completed,2026-07-16T04:02:01.208332,2026-07-16T04:02:01.208332
3548,237,32,4,109.47,0,437.88,completed,2026-07-02T21:19:01.208332,2026-07-02T21:19:01.208332
3549,366,32,2,109.47,15,186.1,completed,2026-06-13T22:04:01.208332,2026-06-13T22:04:01.208332
3550,35,49,2,107.82,0,215.64,shipped,2026-04-16T21:10:01.208332,2026-04-16T21:10:01.208332
3551,271,63,4,91.0,10,327.6,cancelled,2026-06-02T04:04:01.208332,2026-06-02T04:04:01.208332
3552,207,68,4,191.02,15,649.47,processing,2026-08-14T07:38:01.208332,2026-08-14T07:38:01.208332
3553,182,78,5,152.1,15,646.42,cancelled,2026-07-26T02:01:01.208332,2026-07-26T02:01:01.208332
3554,208,97,3,143.24,10,386.75,shipped,2026-08-13T03:36:01.208332,2026-08-13T03:36:01.208332
3555,86,65,4,210.38,0,841.52,completed,2026-07-20T02:45:01.208332,2026-07-20T02:45:01.208332
3556,106,10,5,36.02,0,180.1,completed,2026-07-26T20:53:01.208332,2026-07-26T20:53:01.208332
3557,60,78,4,152.1,5,577.98,completed,2026-05-03T00:53:01.208332,2026-05-03T00:53:01.208332
3558,192,4,3,15.68,5,44.69,completed,2026-03-31T18:30:01.208332,2026-03-31T18:30:01.208332
3559,111,56,2,16.97,5,32.24,processing,2026-07-31T02:28:01.208332,2026-07-31T02:28:01.208332
3560,405,98,2,165.02,15,280.53,completed,2026-07-18T02:21:01.208332,2026-07-18T02:21:01.208332
3561,203,32,2,109.47,0,218.94,completed,2026-08-06T12:43:01.208332,2026-08-06T12:43:01.208332
3562,463,57,3,183.8,5,523.83,shipped,2026-05-07T06:40:01.208332,2026-05-07T06:40:01.208332
3563,365,60,3,164.26,0,492.78,completed,2026-05-18T22:33:01.208332,2026-05-18T22:33:01.208332
3564,213,7,2,89.48,0,178.96,cancelled,2026-08-05T21:35:01.208332,2026-08-05T21:35:01.208332
3565,473,13,3,225.88,0,677.64,completed,2026-03-05T06:26:01.208332,2026-03-05T06:26:01.208332
3566,239,50,4,24.94,0,99.76,completed,2026-06-12T12:06:01.208332,2026-06-12T12:06:01.208332
3567,182,66,5,189.77,5,901.41,shipped,2026-03-02T23:25:01.208332,2026-03-02T23:25:01.208332
3568,35,46,3,224.33,0,672.99,processing,2026-04-21T02:16:01.208332,2026-04-21T02:16:01.208332
3569,85,2,1,63.38,0,63.38,cancelled,2026-07-09T02:25:01.208332,2026-07-09T02:25:01.208332
3570,288,35,1,196.82,0,196.82,completed,2026-05-27T08:26:01.208332,2026-05-27T08:26:01.208332
3571,323,67,3,63.81,0,191.43,shipped,2026-05-16T05:16:01.208332,2026-05-16T05:16:01.208332
3572,172,79,4,177.33,0,709.32,completed,2026-06-16T18:55:01.208332,2026-06-16T18:55:01.208332
3573,146,48,1,179.54,20,143.63,processing,2026-05-28T17:09:01.208332,2026-05-28T17:09:01.208332
3574,64,57,4,183.8,5,698.44,processing,2026-07-12T14:45:01.208332,2026-07-12T14:45:01.208332
3575,19,86,5,186.11,15,790.97,processing,2026-07-09T22:31:01.208332,2026-07-09T22:31:01.208332
3576,260,9,2,149.34,20,238.94,completed,2026-05-03T09:32:01.208332,2026-05-03T09:32:01.208332
3577,339,92,4,16.89,15,57.43,cancelled,2026-07-05T03:12:01.208332,2026-07-05T03:12:01.208332
3578,137,19,2,106.58,20,170.53,completed,2026-08-09T04:02:01.208332,2026-08-09T04:02:01.208332
3579,48,79,4,177.33,0,709.32,completed,2026-05-06T09:31:01.208332,2026-05-06T09:31:01.208332
3580,22,6,3,94.28,0,282.84,completed,2026-08-16T04:31:01.208332,2026-08-16T04:31:01.208332
3581,100,54,5,139.17,0,695.85,completed,2026-05-10T14:50:01.208332,2026-05-10T14:50:01.208332
3582,219,71,5,237.46,0,1187.3,completed,2026-08-09T08:44:01.208332,2026-08-09T08:44:01.208332
3583,1,9,2,149.34,20,238.94,completed,2026-03-02T10:02:01.208332,2026-03-02T10:02:01.208332
3584,373,62,1,88.56,0,88.56,completed,2026-05-19T20:25:01.208332,2026-05-19T20:25:01.208332
3585,474,87,4,203.97,0,815.88,cancelled,2026-03-10T03:45:01.208332,2026-03-10T03:45:01.208332
3586,236,44,5,75.9,15,322.57,completed,2026-08-20T21:41:01.208332,2026-08-20T21:41:01.208332
3587,436,61,3,53.61,10,144.75,processing,2026-06-05T06:47:01.208332,2026-06-05T06:47:01.208332
3588,456,95,3,12.44,15,31.72,completed,2026-06-24T15:32:01.208332,2026-06-24T15:32:01.208332
3589,270,20,5,40.55,10,182.47,completed,2026-06-27T20:41:01.208332,2026-06-27T20:41:01.208332
3590,413,77,2,235.95,0,471.9,completed,2026-07-21T22:51:01.208332,2026-07-21T22:51:01.208332
3591,223,62,3,88.56,0,265.68,processing,2026-08-13T17:01:01.208332,2026-08-13T17:01:01.208332
3592,154,64,4,190.48,0,761.92,processing,2026-08-15T22:09:01.208332,2026-08-15T22:09:01.208332
3593,154,33,1,128.65,20,102.92,processing,2026-03-22T12:51:01.208332,2026-03-22T12:51:01.208332
3594,115,29,2,63.91,5,121.43,completed,2026-08-07T09:08:01.208332,2026-08-07T09:08:01.208332
3595,475,13,5,225.88,10,1016.46,shipped,2026-04-30T16:18:01.208332,2026-04-30T16:18:01.208332
3596,381,52,4,101.29,10,364.64,completed,2026-04-24T21:27:01.208332,2026-04-24T21:27:01.208332
3597,42,32,2,109.47,10,197.05,cancelled,2026-05-22T04:38:01.208332,2026-05-22T04:38:01.208332
3598,34,100,3,63.18,0,189.54,shipped,2026-05-13T21:38:01.208332,2026-05-13T21:38:01.208332
3599,418,56,2,16.97,5,32.24,completed,2026-05-20T17:41:01.208332,2026-05-20T17:41:01.208332
3600,171,48,1,179.54,0,179.54,shipped,2026-04-07T12:04:01.208332,2026-04-07T12:04:01.208332
3601,451,63,4,91.0,10,327.6,shipped,2026-04-03T13:28:01.208332,2026-04-03T13:28:01.208332
3602,221,31,3,156.71,0,470.13,completed,2026-06-14T17:59:01.208332,2026-06-14T17:59:01.208332
3603,173,21,5,172.56,0,862.8,shipped,2026-06-11T15:10:01.208332,2026-06-11T15:10:01.208332
3604,437,11,1,184.85,0,184.85,cancelled,2026-03-10T13:59:01.208332,2026-03-10T13:59:01.208332
3605,5,20,5,40.55,5,192.61,completed,2026-05-24T06:46:01.208332,2026-05-24T06:46:01.208332
3606,479,90,2,221.59,0,443.18,shipped,2026-02-23T23:29:01.208332,2026-02-23T23:29:01.208332
3607,91,5,2,88.78,0,177.56,completed,2026-08-21T16:13:01.208332,2026-08-21T16:13:01.208332
3608,348,88,3,114.54,15,292.08,completed,2026-06-07T17:27:01.208332,2026-06-07T17:27:01.208332
3609,21,22,3,146.59,0,439.77,completed,2026-03-13T19:08:01.208332,2026-03-13T19:08:01.208332
3610,299,11,1,184.85,10,166.37,completed,2026-02-23T15:17:01.208332,2026-02-23T15:17:01.208332
3611,405,22,4,146.59,20,469.09,completed,2026-05-23T20:46:01.208332,2026-05-23T20:46:01.208332
3612,137,76,3,172.56,10,465.91,processing,2026-07-25T22:37:01.208332,2026-07-25T22:37:01.208332
3613,37,79,3,177.33,0,531.99,shipped,2026-03-07T10:06:01.208332,2026-03-07T10:06:01.208332
3614,311,34,2,167.45,15,284.66,cancelled,2026-07-14T21:05:01.208332,2026-07-14T21:05:01.208332
3615,264,13,4,225.88,10,813.17,cancelled,2026-04-05T08:07:01.208332,2026-04-05T08:07:01.208332
3616,146,5,4,88.78,20,284.1,cancelled,2026-04-26T05:59:01.208332,2026-04-26T05:59:01.208332
3617,84,89,4,214.41,20,686.11,completed,2026-05-16T23:24:01.208332,2026-05-16T23:24:01.208332
3618,488,66,3,189.77,0,569.31,cancelled,2026-06-22T13:30:01.208332,2026-06-22T13:30:01.208332
3619,418,52,4,101.29,20,324.13,completed,2026-08-11T23:46:01.208332,2026-08-11T23:46:01.208332
3620,407,40,3,157.04,0,471.12,shipped,2026-04-08T09:55:01.208332,2026-04-08T09:55:01.208332
3621,77,91,2,146.76,0,293.52,completed,2026-03-10T01:30:01.208332,2026-03-10T01:30:01.208332
3622,301,16,2,113.51,0,227.02,completed,2026-05-16T07:43:01.208332,2026-05-16T07:43:01.208332
3623,77,93,1,127.01,0,127.01,completed,2026-07-13T20:09:01.208332,2026-07-13T20:09:01.208332
3624,353,41,5,117.02,0,585.1,shipped,2026-07-04T10:09:01.208332,2026-07-04T10:09:01.208332
3625,223,53,1,81.67,15,69.42,cancelled,2026-06-25T06:04:01.208332,2026-06-25T06:04:01.208332
3626,283,94,5,91.68,0,458.4,cancelled,2026-08-13T06:05:01.208332,2026-08-13T06:05:01.208332
3627,108,61,1,53.61,0,53.61,shipped,2026-03-24T02:15:01.208332,2026-03-24T02:15:01.208332
3628,99,45,1,66.28,0,66.28,completed,2026-03-01T07:27:01.208332,2026-03-01T07:27:01.208332
3629,200,24,4,60.44,5,229.67,shipped,2026-06-23T10:39:01.208332,2026-06-23T10:39:01.208332
3630,402,91,3,146.76,5,418.27,completed,2026-03-19T19:01:01.208332,2026-03-19T19:01:01.208332
3631,382,91,4,146.76,15,498.98,processing,2026-04-21T21:41:01.208332,2026-04-21T21:41:01.208332
3632,445,90,2,221.59,0,443.18,completed,2026-07-31T19:50:01.208332,2026-07-31T19:50:01.208332
3633,489,33,4,128.65,0,514.6,completed,2026-05-23T05:38:01.208332,2026-05-23T05:38:01.208332
3634,76,6,2,94.28,0,188.56,processing,2026-05-27T22:45:01.208332,2026-05-27T22:45:01.208332
3635,254,36,2,202.99,15,345.08,shipped,2026-03-28T11:02:01.208332,2026-03-28T11:02:01.208332
3636,20,99,1,200.3,15,170.25,cancelled,2026-04-30T06:24:01.208332,2026-04-30T06:24:01.208332
3637,176,79,3,177.33,0,531.99,completed,2026-02-24T02:19:01.208332,2026-02-24T02:19:01.208332
3638,248,99,5,200.3,0,1001.5,completed,2026-04-03T00:30:01.208332,2026-04-03T00:30:01.208332
3639,171,88,5,114.54,0,572.7,shipped,2026-05-31T05:46:01.208332,2026-05-31T05:46:01.208332
3640,456,68,5,191.02,10,859.59,processing,2026-08-11T06:38:01.208332,2026-08-11T06:38:01.208332
3641,101,56,1,16.97,5,16.12,cancelled,2026-08-18T02:46:01.208332,2026-08-18T02:46:01.208332
3642,303,71,3,237.46,10,641.14,shipped,2026-07-11T04:23:01.208332,2026-07-11T04:23:01.208332
3643,23,37,3,143.78,0,431.34,processing,2026-05-08T18:02:01.208332,2026-05-08T18:02:01.208332
3644,322,9,4,149.34,20,477.89,shipped,2026-08-02T11:25:01.208332,2026-08-02T11:25:01.208332
3645,476,60,5,164.26,10,739.17,completed,2026-04-06T15:22:01.208332,2026-04-06T15:22:01.208332
3646,428,76,2,172.56,5,327.86,completed,2026-04-12T18:51:01.208332,2026-04-12T18:51:01.208332
3647,457,84,1,114.05,20,91.24,cancelled,2026-04-06T08:56:01.208332,2026-04-06T08:56:01.208332
3648,464,75,3,16.16,5,46.06,completed,2026-04-12T21:46:01.208332,2026-04-12T21:46:01.208332
3649,272,30,1,15.86,0,15.86,shipped,2026-08-15T21:45:01.208332,2026-08-15T21:45:01.208332
3650,123,51,1,227.16,5,215.8,completed,2026-03-04T07:02:01.208332,2026-03-04T07:02:01.208332
3651,411,36,5,202.99,20,811.96,processing,2026-08-06T08:18:01.208332,2026-08-06T08:18:01.208332
3652,482,54,1,139.17,10,125.25,cancelled,2026-07-31T17:06:01.208332,2026-07-31T17:06:01.208332
3653,407,99,3,200.3,20,480.72,cancelled,2026-06-12T20:52:01.208332,2026-06-12T20:52:01.208332
3654,27,64,5,190.48,0,952.4,cancelled,2026-05-31T19:50:01.208332,2026-05-31T19:50:01.208332
3655,283,37,1,143.78,20,115.02,shipped,2026-04-07T08:22:01.208332,2026-04-07T08:22:01.208332
3656,288,93,3,127.01,0,381.03,cancelled,2026-06-02T19:47:01.208332,2026-06-02T19:47:01.208332
3657,103,2,4,63.38,0,253.52,cancelled,2026-04-24T10:48:01.208332,2026-04-24T10:48:01.208332
3658,126,62,1,88.56,0,88.56,cancelled,2026-03-19T05:48:01.208332,2026-03-19T05:48:01.208332
3659,375,34,2,167.45,15,284.66,cancelled,2026-04-17T19:31:01.208332,2026-04-17T19:31:01.208332
3660,132,54,2,139.17,5,264.42,cancelled,2026-04-01T18:03:01.208332,2026-04-01T18:03:01.208332
3661,84,47,1,46.2,20,36.96,completed,2026-08-12T05:12:01.208332,2026-08-12T05:12:01.208332
3662,159,70,5,40.29,15,171.23,completed,2026-03-08T02:02:01.208332,2026-03-08T02:02:01.208332
3663,80,16,1,113.51,0,113.51,completed,2026-03-07T14:38:01.208332,2026-03-07T14:38:01.208332
3664,495,23,1,210.09,20,168.07,completed,2026-05-16T18:05:01.208332,2026-05-16T18:05:01.208332
3665,63,65,5,210.38,5,999.31,completed,2026-05-27T13:59:01.208332,2026-05-27T13:59:01.208332
3666,247,86,5,186.11,0,930.55,completed,2026-07-16T14:15:01.208332,2026-07-16T14:15:01.208332
3667,183,12,3,155.49,0,466.47,completed,2026-05-05T05:02:01.208332,2026-05-05T05:02:01.208332
3668,280,33,1,128.65,10,115.79,completed,2026-07-20T00:44:01.208332,2026-07-20T00:44:01.208332
3669,33,21,2,172.56,0,345.12,processing,2026-03-24T18:54:01.208332,2026-03-24T18:54:01.208332
3670,418,89,5,214.41,0,1072.05,cancelled,2026-05-21T17:47:01.208332,2026-05-21T17:47:01.208332
3671,180,4,3,15.68,20,37.63,shipped,2026-05-05T11:08:01.208332,2026-05-05T11:08:01.208332
3672,54,66,4,189.77,0,759.08,completed,2026-03-26T02:17:01.208332,2026-03-26T02:17:01.208332
3673,318,82,4,131.43,20,420.58,cancelled,2026-06-10T08:11:01.208332,2026-06-10T08:11:01.208332
3674,358,9,2,149.34,20,238.94,shipped,2026-06-23T04:57:01.208332,2026-06-23T04:57:01.208332
3675,286,99,4,200.3,5,761.14,cancelled,2026-04-23T06:08:01.208332,2026-04-23T06:08:01.208332
3676,189,26,1,123.56,0,123.56,completed,2026-05-17T01:09:01.208332,2026-05-17T01:09:01.208332
3677,2,74,3,241.53,0,724.59,cancelled,2026-08-22T09:31:01.208332,2026-08-22T09:31:01.208332
3678,479,48,3,179.54,5,511.69,completed,2026-07-10T01:59:01.208332,2026-07-10T01:59:01.208332
3679,497,41,4,117.02,0,468.08,completed,2026-03-20T00:10:01.208332,2026-03-20T00:10:01.208332
3680,305,67,5,63.81,20,255.24,processing,2026-03-16T19:20:01.208332,2026-03-16T19:20:01.208332
3681,70,61,4,53.61,10,193.0,cancelled,2026-06-04T00:21:01.208332,2026-06-04T00:21:01.208332
3682,390,44,1,75.9,10,68.31,completed,2026-07-21T04:56:01.208332,2026-07-21T04:56:01.208332
3683,403,82,3,131.43,0,394.29,processing,2026-04-21T09:46:01.208332,2026-04-21T09:46:01.208332
3684,421,55,3,62.66,0,187.98,completed,2026-07-29T21:53:01.208332,2026-07-29T21:53:01.208332
3685,29,39,2,247.09,15,420.05,shipped,2026-04-11T14:48:01.208332,2026-04-11T14:48:01.208332
3686,79,36,3,202.99,20,487.18,completed,2026-05-09T14:33:01.208332,2026-05-09T14:33:01.208332
3687,500,68,3,191.02,0,573.06,completed,2026-05-25T07:24:01.208332,2026-05-25T07:24:01.208332
3688,379,39,4,247.09,0,988.36,completed,2026-02-28T08:36:01.208332,2026-02-28T08:36:01.208332
3689,168,24,1,60.44,20,48.35,processing,2026-03-20T14:47:01.208332,2026-03-20T14:47:01.208332
3690,309,77,1,235.95,0,235.95,completed,2026-03-16T05:42:01.208332,2026-03-16T05:42:01.208332
3691,500,34,3,167.45,0,502.35,completed,2026-08-04T07:52:01.208332,2026-08-04T07:52:01.208332
3692,94,74,2,241.53,10,434.75,completed,2026-07-19T07:14:01.208332,2026-07-19T07:14:01.208332
3693,119,7,3,89.48,0,268.44,processing,2026-07-26T18:47:01.208332,2026-07-26T18:47:01.208332
3694,387,70,1,40.29,20,32.23,processing,2026-07-03T08:41:01.208332,2026-07-03T08:41:01.208332
3695,479,74,5,241.53,0,1207.65,processing,2026-08-07T14:08:01.208332,2026-08-07T14:08:01.208332
3696,337,39,1,247.09,5,234.74,completed,2026-07-10T13:13:01.208332,2026-07-10T13:13:01.208332
3697,160,54,1,139.17,15,118.29,completed,2026-04-25T06:25:01.208332,2026-04-25T06:25:01.208332
3698,380,7,2,89.48,0,178.96,processing,2026-03-12T18:26:01.208332,2026-03-12T18:26:01.208332
3699,3,14,4,20.65,0,82.6,completed,2026-05-20T00:26:01.208332,2026-05-20T00:26:01.208332
3700,208,70,1,40.29,0,40.29,processing,2026-03-24T12:12:01.208332,2026-03-24T12:12:01.208332
3701,482,72,2,194.06,0,388.12,completed,2026-04-25T09:54:01.208332,2026-04-25T09:54:01.208332
3702,95,84,5,114.05,15,484.71,completed,2026-07-31T09:00:01.208332,2026-07-31T09:00:01.208332
3703,323,3,4,83.25,0,333.0,cancelled,2026-07-06T06:19:01.208332,2026-07-06T06:19:01.208332
3704,65,22,5,146.59,0,732.95,completed,2026-05-08T20:33:01.208332,2026-05-08T20:33:01.208332
3705,349,67,3,63.81,10,172.29,cancelled,2026-07-18T06:17:01.208332,2026-07-18T06:17:01.208332
3706,398,25,4,116.03,10,417.71,completed,2026-04-07T21:49:01.208332,2026-04-07T21:49:01.208332
3707,221,28,5,206.42,15,877.28,completed,2026-05-05T07:29:01.208332,2026-05-05T07:29:01.208332
3708,423,68,3,191.02,0,573.06,shipped,2026-03-20T09:28:01.208332,2026-03-20T09:28:01.208332
3709,499,76,4,172.56,10,621.22,completed,2026-04-16T23:11:01.208332,2026-04-16T23:11:01.208332
3710,128,79,1,177.33,15,150.73,completed,2026-05-11T02:21:01.208332,2026-05-11T02:21:01.208332
3711,332,78,4,152.1,0,608.4,completed,2026-08-20T14:30:01.208332,2026-08-20T14:30:01.208332
3712,208,76,2,172.56,15,293.35,cancelled,2026-04-10T15:27:01.208332,2026-04-10T15:27:01.208332
3713,66,74,2,241.53,20,386.45,processing,2026-06-20T06:09:01.208332,2026-06-20T06:09:01.208332
3714,62,86,2,186.11,0,372.22,completed,2026-07-03T01:04:01.208332,2026-07-03T01:04:01.208332
3715,119,32,1,109.47,15,93.05,cancelled,2026-03-08T17:48:01.208332,2026-03-08T17:48:01.208332
3716,203,18,2,131.71,0,263.42,completed,2026-08-17T06:02:01.208332,2026-08-17T06:02:01.208332
3717,295,1,2,101.81,15,173.08,cancelled,2026-03-15T18:20:01.208332,2026-03-15T18:20:01.208332
3718,8,53,1,81.67,0,81.67,shipped,2026-04-02T03:51:01.208332,2026-04-02T03:51:01.208332
3719,74,19,1,106.58,20,85.26,completed,2026-05-01T17:29:01.208332,2026-05-01T17:29:01.208332
3720,211,49,5,107.82,15,458.23,shipped,2026-04-14T16:08:01.208332,2026-04-14T16:08:01.208332
3721,340,26,2,123.56,0,247.12,completed,2026-05-05T10:51:01.208332,2026-05-05T10:51:01.208332
3722,97,86,2,186.11,5,353.61,completed,2026-05-23T14:27:01.208332,2026-05-23T14:27:01.208332
3723,224,7,3,89.48,0,268.44,shipped,2026-05-13T11:27:01.208332,2026-05-13T11:27:01.208332
3724,82,8,1,220.49,15,187.42,processing,2026-05-18T02:39:01.208332,2026-05-18T02:39:01.208332
3725,149,27,4,78.11,0,312.44,completed,2026-08-03T00:51:01.208332,2026-08-03T00:51:01.208332
3726,73,37,3,143.78,0,431.34,completed,2026-05-12T04:15:01.208332,2026-05-12T04:15:01.208332
3727,243,98,5,165.02,0,825.1,shipped,2026-06-10T08:45:01.208332,2026-06-10T08:45:01.208332
3728,179,39,2,247.09,5,469.47,cancelled,2026-04-01T04:13:01.208332,2026-04-01T04:13:01.208332
3729,443,36,4,202.99,5,771.36,completed,2026-04-13T16:26:01.208332,2026-04-13T16:26:01.208332
3730,246,29,4,63.91,0,255.64,completed,2026-02-26T17:16:01.208332,2026-02-26T17:16:01.208332
3731,331,63,4,91.0,0,364.0,processing,2026-08-22T04:25:01.208332,2026-08-22T04:25:01.208332
3732,261,83,2,213.9,0,427.8,cancelled,2026-04-13T07:51:01.208332,2026-04-13T07:51:01.208332
3733,190,67,3,63.81,15,162.72,completed,2026-03-13T14:10:01.208332,2026-03-13T14:10:01.208332
3734,442,85,5,179.75,20,719.0,cancelled,2026-04-21T01:43:01.208332,2026-04-21T01:43:01.208332
3735,207,3,1,83.25,10,74.92,completed,2026-08-16T20:14:01.208332,2026-08-16T20:14:01.208332
3736,124,37,3,143.78,20,345.07,cancelled,2026-04-09T01:42:01.208332,2026-04-09T01:42:01.208332
3737,477,72,5,194.06,10,873.27,processing,2026-07-19T01:13:01.208332,2026-07-19T01:13:01.208332
3738,472,24,4,60.44,10,217.58,completed,2026-02-24T05:05:01.208332,2026-02-24T05:05:01.208332
3739,491,3,3,83.25,20,199.8,processing,2026-06-29T03:26:01.208332,2026-06-29T03:26:01.208332
3740,215,73,3,155.74,0,467.22,completed,2026-05-22T03:58:01.208332,2026-05-22T03:58:01.208332
3741,96,14,3,20.65,15,52.66,shipped,2026-07-12T17:02:01.208332,2026-07-12T17:02:01.208332
3742,129,90,3,221.59,10,598.29,cancelled,2026-03-31T21:51:01.208332,2026-03-31T21:51:01.208332
3743,206,86,5,186.11,10,837.5,completed,2026-06-06T06:36:01.208332,2026-06-06T06:36:01.208332
3744,50,49,4,107.82,10,388.15,completed,2026-03-31T07:52:01.208332,2026-03-31T07:52:01.208332
3745,167,6,3,94.28,0,282.84,completed,2026-05-20T09:52:01.208332,2026-05-20T09:52:01.208332
3746,273,43,4,193.8,0,775.2,processing,2026-05-13T00:39:01.208332,2026-05-13T00:39:01.208332
3747,9,89,1,214.41,0,214.41,completed,2026-06-06T11:35:01.208332,2026-06-06T11:35:01.208332
3748,119,53,1,81.67,0,81.67,shipped,2026-05-19T15:04:01.208332,2026-05-19T15:04:01.208332
3749,274,95,1,12.44,0,12.44,processing,2026-06-27T13:31:01.208332,2026-06-27T13:31:01.208332
3750,226,92,2,16.89,0,33.78,completed,2026-07-07T22:50:01.208332,2026-07-07T22:50:01.208332
3751,112,48,1,179.54,0,179.54,completed,2026-04-11T06:50:01.208332,2026-04-11T06:50:01.208332
3752,471,76,4,172.56,0,690.24,cancelled,2026-04-15T15:30:01.208332,2026-04-15T15:30:01.208332
3753,302,58,2,245.37,0,490.74,completed,2026-04-26T15:24:01.208332,2026-04-26T15:24:01.208332
3754,314,16,1,113.51,20,90.81,processing,2026-04-10T04:01:01.208332,2026-04-10T04:01:01.208332
3755,275,96,2,67.93,0,135.86,cancelled,2026-05-21T06:05:01.208332,2026-05-21T06:05:01.208332
3756,142,70,2,40.29,15,68.49,cancelled,2026-07-11T11:10:01.208332,2026-07-11T11:10:01.208332
3757,374,1,4,101.81,20,325.79,shipped,2026-04-03T23:39:01.208332,2026-04-03T23:39:01.208332
3758,455,43,1,193.8,0,193.8,processing,2026-05-26T07:04:01.208332,2026-05-26T07:04:01.208332
3759,118,74,3,241.53,0,724.59,cancelled,2026-05-12T08:25:01.208332,2026-05-12T08:25:01.208332
3760,179,46,4,224.33,10,807.59,completed,2026-06-30T06:58:01.208332,2026-06-30T06:58:01.208332
3761,14,95,1,12.44,15,10.57,completed,2026-06-07T16:10:01.208332,2026-06-07T16:10:01.208332
3762,342,36,2,202.99,0,405.98,completed,2026-07-23T07:06:01.208332,2026-07-23T07:06:01.208332
3763,120,95,1,12.44,15,10.57,completed,2026-03-28T06:08:01.208332,2026-03-28T06:08:01.208332
3764,424,27,2,78.11,0,156.22,shipped,2026-04-18T07:14:01.208332,2026-04-18T07:14:01.208332
3765,32,85,4,179.75,0,719.0,completed,2026-06-16T05:16:01.208332,2026-06-16T05:16:01.208332
3766,17,16,2,113.51,0,227.02,completed,2026-06-17T18:20:01.208332,2026-06-17T18:20:01.208332
3767,428,88,4,114.54,0,458.16,completed,2026-06-28T19:55:01.208332,2026-06-28T19:55:01.208332
3768,427,21,4,172.56,5,655.73,completed,2026-02-24T23:40:01.208332,2026-02-24T23:40:01.208332
3769,192,5,5,88.78,0,443.9,shipped,2026-06-28T04:43:01.208332,2026-06-28T04:43:01.208332
3770,56,11,2,184.85,0,369.7,completed,2026-03-08T22:14:01.208332,2026-03-08T22:14:01.208332
3771,213,14,4,20.65,0,82.6,completed,2026-06-30T23:20:01.208332,2026-06-30T23:20:01.208332
3772,137,92,5,16.89,15,71.78,cancelled,2026-06-04T15:11:01.208332,2026-06-04T15:11:01.208332
3773,272,76,5,172.56,0,862.8,shipped,2026-08-03T23:03:01.208332,2026-08-03T23:03:01.208332
3774,81,77,5,235.95,15,1002.79,completed,2026-06-06T20:54:01.208332,2026-06-06T20:54:01.208332
3775,489,58,4,245.37,0,981.48,shipped,2026-06-14T19:38:01.208332,2026-06-14T19:38:01.208332
3776,143,41,3,117.02,10,315.95,cancelled,2026-04-03T13:59:01.208332,2026-04-03T13:59:01.208332
3777,409,99,1,200.3,0,200.3,completed,2026-05-08T11:24:01.208332,2026-05-08T11:24:01.208332
3778,193,99,5,200.3,5,951.42,completed,2026-08-11T09:34:01.208332,2026-08-11T09:34:01.208332
3779,448,75,1,16.16,20,12.93,completed,2026-06-30T00:45:01.208332,2026-06-30T00:45:01.208332
3780,462,7,2,89.48,15,152.12,processing,2026-07-01T01:53:01.208332,2026-07-01T01:53:01.208332
3781,487,15,5,134.78,5,640.2,cancelled,2026-05-06T10:25:01.208332,2026-05-06T10:25:01.208332
3782,298,92,2,16.89,0,33.78,completed,2026-05-28T21:20:01.208332,2026-05-28T21:20:01.208332
3783,276,30,2,15.86,0,31.72,completed,2026-08-07T21:29:01.208332,2026-08-07T21:29:01.208332
3784,261,78,5,152.1,0,760.5,processing,2026-04-08T13:28:01.208332,2026-04-08T13:28:01.208332
3785,283,11,3,184.85,10,499.09,completed,2026-06-01T11:01:01.208332,2026-06-01T11:01:01.208332
3786,133,34,3,167.45,10,452.11,completed,2026-03-20T09:20:01.208332,2026-03-20T09:20:01.208332
3787,23,55,4,62.66,20,200.51,completed,2026-07-26T03:12:01.208332,2026-07-26T03:12:01.208332
3788,72,29,1,63.91,10,57.52,processing,2026-03-22T12:12:01.208332,2026-03-22T12:12:01.208332
3789,227,10,4,36.02,15,122.47,processing,2026-06-18T23:43:01.208332,2026-06-18T23:43:01.208332
3790,42,95,3,12.44,5,35.45,cancelled,2026-03-25T13:39:01.208332,2026-03-25T13:39:01.208332
3791,142,44,1,75.9,0,75.9,completed,2026-07-12T22:47:01.208332,2026-07-12T22:47:01.208332
3792,400,4,1,15.68,20,12.54,cancelled,2026-07-20T23:33:01.208332,2026-07-20T23:33:01.208332
3793,16,11,3,184.85,0,554.55,cancelled,2026-07-11T12:11:01.208332,2026-07-11T12:11:01.208332
3794,414,82,5,131.43,0,657.15,cancelled,2026-03-10T15:23:01.208332,2026-03-10T15:23:01.208332
3795,98,62,1,88.56,5,84.13,processing,2026-07-16T06:11:01.208332,2026-07-16T06:11:01.208332
3796,332,48,1,179.54,20,143.63,cancelled,2026-06-18T10:34:01.208332,2026-06-18T10:34:01.208332
3797,496,78,1,152.1,15,129.28,completed,2026-03-22T20:44:01.208332,2026-03-22T20:44:01.208332
3798,161,49,1,107.82,20,86.26,processing,2026-08-09T00:49:01.208332,2026-08-09T00:49:01.208332
3799,331,38,3,42.0,0,126.0,completed,2026-03-24T14:14:01.208332,2026-03-24T14:14:01.208332
3800,280,19,5,106.58,15,452.96,processing,2026-06-08T12:37:01.208332,2026-06-08T12:37:01.208332
3801,245,37,4,143.78,10,517.61,completed,2026-08-08T07:19:01.208332,2026-08-08T07:19:01.208332
3802,78,23,3,210.09,10,567.24,completed,2026-06-16T18:25:01.208332,2026-06-16T18:25:01.208332
3803,161,49,4,107.82,0,431.28,shipped,2026-05-26T22:06:01.208332,2026-05-26T22:06:01.208332
3804,240,4,1,15.68,10,14.11,completed,2026-03-04T11:48:01.208332,2026-03-04T11:48:01.208332
3805,339,34,2,167.45,5,318.15,cancelled,2026-04-27T11:13:01.208332,2026-04-27T11:13:01.208332
3806,175,12,3,155.49,15,396.5,completed,2026-05-28T12:19:01.208332,2026-05-28T12:19:01.208332
3807,272,20,4,40.55,5,154.09,completed,2026-06-06T02:09:01.208332,2026-06-06T02:09:01.208332
3808,121,53,2,81.67,20,130.67,processing,2026-04-13T15:26:01.208332,2026-04-13T15:26:01.208332
3809,117,42,3,118.02,15,300.95,completed,2026-03-04T12:26:01.208332,2026-03-04T12:26:01.208332
3810,159,22,5,146.59,5,696.3,completed,2026-07-06T10:02:01.208332,2026-07-06T10:02:01.208332
3811,283,92,1,16.89,15,14.36,completed,2026-05-20T02:49:01.208332,2026-05-20T02:49:01.208332
3812,209,27,2,78.11,5,148.41,processing,2026-06-13T04:59:01.208332,2026-06-13T04:59:01.208332
3813,286,59,5,152.05,0,760.25,completed,2026-07-16T18:44:01.208332,2026-07-16T18:44:01.208332
3814,396,80,5,203.33,0,1016.65,completed,2026-03-18T11:50:01.208332,2026-03-18T11:50:01.208332
3815,32,35,1,196.82,0,196.82,shipped,2026-07-31T02:42:01.208332,2026-07-31T02:42:01.208332
3816,130,68,1,191.02,10,171.92,processing,2026-08-09T05:05:01.208332,2026-08-09T05:05:01.208332
3817,379,1,3,101.81,15,259.62,completed,2026-07-07T02:08:01.208332,2026-07-07T02:08:01.208332
3818,493,83,2,213.9,10,385.02,shipped,2026-08-15T06:11:01.208332,2026-08-15T06:11:01.208332
3819,256,32,5,109.47,0,547.35,cancelled,2026-05-03T10:15:01.208332,2026-05-03T10:15:01.208332
3820,392,25,5,116.03,15,493.13,shipped,2026-03-07T06:42:01.208332,2026-03-07T06:42:01.208332
3821,138,32,2,109.47,15,186.1,completed,2026-03-07T12:40:01.208332,2026-03-07T12:40:01.208332
3822,357,52,5,101.29,15,430.48,cancelled,2026-04-18T07:54:01.208332,2026-04-18T07:54:01.208332
3823,88,67,5,63.81,15,271.19,cancelled,2026-06-25T11:26:01.208332,2026-06-25T11:26:01.208332
3824,375,40,4,157.04,0,628.16,completed,2026-03-24T11:16:01.208332,2026-03-24T11:16:01.208332
3825,125,54,2,139.17,0,278.34,cancelled,2026-07-05T01:55:01.208332,2026-07-05T01:55:01.208332
3826,433,68,4,191.02,0,764.08,completed,2026-03-14T13:09:01.208332,2026-03-14T13:09:01.208332
3827,492,100,3,63.18,0,189.54,completed,2026-05-18T16:43:01.208332,2026-05-18T16:43:01.208332
3828,421,50,3,24.94,15,63.6,completed,2026-05-05T13:46:01.208332,2026-05-05T13:46:01.208332
3829,182,97,3,143.24,20,343.78,completed,2026-04-17T12:04:01.208332,2026-04-17T12:04:01.208332
3830,96,52,2,101.29,15,172.19,completed,2026-06-26T14:46:01.208332,2026-06-26T14:46:01.208332
3831,175,70,2,40.29,0,80.58,cancelled,2026-03-30T11:47:01.208332,2026-03-30T11:47:01.208332
3832,12,86,1,186.11,5,176.8,completed,2026-05-03T06:41:01.208332,2026-05-03T06:41:01.208332
3833,211,36,3,202.99,10,548.07,processing,2026-06-08T09:40:01.208332,2026-06-08T09:40:01.208332
3834,259,3,2,83.25,15,141.53,completed,2026-03-15T10:26:01.208332,2026-03-15T10:26:01.208332
3835,124,72,5,194.06,10,873.27,completed,2026-03-28T02:02:01.208332,2026-03-28T02:02:01.208332
3836,170,93,2,127.01,5,241.32,cancelled,2026-06-14T15:54:01.208332,2026-06-14T15:54:01.208332
3837,32,87,3,203.97,0,611.91,cancelled,2026-04-17T08:04:01.208332,2026-04-17T08:04:01.208332
3838,328,8,3,220.49,0,661.47,completed,2026-04-01T20:27:01.208332,2026-04-01T20:27:01.208332
3839,107,98,3,165.02,0,495.06,processing,2026-07-24T10:15:01.208332,2026-07-24T10:15:01.208332
3840,132,76,3,172.56,15,440.03,shipped,2026-03-17T20:10:01.208332,2026-03-17T20:10:01.208332
3841,373,29,2,63.91,20,102.26,completed,2026-03-14T04:46:01.208332,2026-03-14T04:46:01.208332
3842,49,92,5,16.89,5,80.23,shipped,2026-05-30T09:25:01.208332,2026-05-30T09:25:01.208332
3843,370,16,5,113.51,0,567.55,completed,2026-06-14T00:00:01.208332,2026-06-14T00:00:01.208332
3844,124,76,1,172.56,15,146.68,completed,2026-06-27T04:00:01.208332,2026-06-27T04:00:01.208332
3845,253,28,2,206.42,5,392.2,completed,2026-06-20T20:10:01.208332,2026-06-20T20:10:01.208332
3846,116,6,4,94.28,20,301.7,cancelled,2026-03-01T22:13:01.208332,2026-03-01T22:13:01.208332
3847,40,11,5,184.85,20,739.4,shipped,2026-05-26T12:14:01.208332,2026-05-26T12:14:01.208332
3848,389,42,4,118.02,0,472.08,processing,2026-05-18T15:37:01.208332,2026-05-18T15:37:01.208332
3849,440,53,5,81.67,15,347.1,processing,2026-07-30T21:18:01.208332,2026-07-30T21:18:01.208332
3850,457,2,1,63.38,0,63.38,completed,2026-04-02T14:12:01.208332,2026-04-02T14:12:01.208332
3851,416,4,5,15.68,0,78.4,shipped,2026-04-25T12:12:01.208332,2026-04-25T12:12:01.208332
3852,58,71,2,237.46,20,379.94,processing,2026-06-12T07:33:01.208332,2026-06-12T07:33:01.208332
3853,474,2,2,63.38,15,107.75,completed,2026-05-03T06:46:01.208332,2026-05-03T06:46:01.208332
3854,242,82,4,131.43,0,525.72,completed,2026-07-06T08:33:01.208332,2026-07-06T08:33:01.208332
3855,422,77,1,235.95,15,200.56,shipped,2026-08-07T21:12:01.208332,2026-08-07T21:12:01.208332
3856,470,1,5,101.81,15,432.69,shipped,2026-04-03T12:02:01.208332,2026-04-03T12:02:01.208332
3857,189,79,3,177.33,0,531.99,completed,2026-08-03T20:51:01.208332,2026-08-03T20:51:01.208332
3858,40,40,5,157.04,0,785.2,completed,2026-07-20T18:48:01.208332,2026-07-20T18:48:01.208332
3859,446,68,5,191.02,0,955.1,processing,2026-03-15T09:57:01.208332,2026-03-15T09:57:01.208332
3860,150,29,2,63.91,5,121.43,shipped,2026-05-31T01:29:01.208332,2026-05-31T01:29:01.208332
3861,176,4,5,15.68,0,78.4,shipped,2026-07-11T07:39:01.208332,2026-07-11T07:39:01.208332
3862,100,22,2,146.59,0,293.18,processing,2026-06-14T00:30:01.208332,2026-06-14T00:30:01.208332
3863,259,19,1,106.58,0,106.58,completed,2026-05-16T18:05:01.208332,2026-05-16T18:05:01.208332
3864,172,44,4,75.9,0,303.6,completed,2026-03-12T09:18:01.208332,2026-03-12T09:18:01.208332
3865,479,5,3,88.78,0,266.34,processing,2026-05-29T04:53:01.208332,2026-05-29T04:53:01.208332
3866,209,96,1,67.93,20,54.34,cancelled,2026-05-01T09:05:01.208332,2026-05-01T09:05:01.208332
3867,11,100,3,63.18,0,189.54,shipped,2026-05-24T05:35:01.208332,2026-05-24T05:35:01.208332
3868,220,56,1,16.97,10,15.27,completed,2026-06-29T21:07:01.208332,2026-06-29T21:07:01.208332
3869,60,96,2,67.93,5,129.07,completed,2026-07-15T15:34:01.208332,2026-07-15T15:34:01.208332
3870,481,6,2,94.28,20,150.85,processing,2026-03-05T16:21:01.208332,2026-03-05T16:21:01.208332
3871,454,27,3,78.11,5,222.61,processing,2026-05-07T00:30:01.208332,2026-05-07T00:30:01.208332
3872,46,98,1,165.02,5,156.77,cancelled,2026-03-23T15:10:01.208332,2026-03-23T15:10:01.208332
3873,234,10,3,36.02,15,91.85,completed,2026-04-03T08:20:01.208332,2026-04-03T08:20:01.208332
3874,488,23,2,210.09,0,420.18,completed,2026-08-05T23:34:01.208332,2026-08-05T23:34:01.208332
3875,183,7,4,89.48,10,322.13,completed,2026-06-03T18:37:01.208332,2026-06-03T18:37:01.208332
3876,224,74,1,241.53,5,229.45,shipped,2026-06-17T15:03:01.208332,2026-06-17T15:03:01.208332
3877,218,98,5,165.02,15,701.34,completed,2026-08-06T21:05:01.208332,2026-08-06T21:05:01.208332
3878,319,27,5,78.11,20,312.44,completed,2026-04-12T14:51:01.208332,2026-04-12T14:51:01.208332
3879,384,6,1,94.28,0,94.28,processing,2026-04-19T22:35:01.208332,2026-04-19T22:35:01.208332
3880,3,68,4,191.02,20,611.26,completed,2026-03-30T22:16:01.208332,2026-03-30T22:16:01.208332
3881,153,31,4,156.71,20,501.47,processing,2026-06-25T01:00:01.208332,2026-06-25T01:00:01.208332
3882,378,68,2,191.02,5,362.94,completed,2026-03-03T23:52:01.208332,2026-03-03T23:52:01.208332
3883,120,83,3,213.9,10,577.53,completed,2026-07-05T08:56:01.208332,2026-07-05T08:56:01.208332
3884,28,14,3,20.65,5,58.85,cancelled,2026-06-29T09:51:01.208332,2026-06-29T09:51:01.208332
3885,10,78,1,152.1,10,136.89,processing,2026-05-01T15:14:01.208332,2026-05-01T15:14:01.208332
3886,298,91,1,146.76,20,117.41,completed,2026-04-17T06:33:01.208332,2026-04-17T06:33:01.208332
3887,294,24,1,60.44,15,51.37,completed,2026-05-17T02:01:01.208332,2026-05-17T02:01:01.208332
3888,299,22,4,146.59,20,469.09,cancelled,2026-06-12T10:24:01.208332,2026-06-12T10:24:01.208332
3889,294,80,4,203.33,20,650.66,processing,2026-06-17T06:46:01.208332,2026-06-17T06:46:01.208332
3890,414,49,3,107.82,20,258.77,cancelled,2026-06-04T05:08:01.208332,2026-06-04T05:08:01.208332
3891,310,98,5,165.02,15,701.34,cancelled,2026-07-06T10:43:01.208332,2026-07-06T10:43:01.208332
3892,348,98,4,165.02,0,660.08,processing,2026-08-04T11:07:01.208332,2026-08-04T11:07:01.208332
3893,152,19,5,106.58,20,426.32,processing,2026-05-01T06:14:01.208332,2026-05-01T06:14:01.208332
3894,197,82,5,131.43,0,657.15,completed,2026-03-22T08:19:01.208332,2026-03-22T08:19:01.208332
3895,290,14,3,20.65,0,61.95,processing,2026-07-14T04:35:01.208332,2026-07-14T04:35:01.208332
3896,455,40,5,157.04,10,706.68,completed,2026-07-17T19:58:01.208332,2026-07-17T19:58:01.208332
3897,489,23,2,210.09,0,420.18,completed,2026-03-29T06:26:01.208332,2026-03-29T06:26:01.208332
3898,151,100,2,63.18,20,101.09,shipped,2026-08-19T00:28:01.208332,2026-08-19T00:28:01.208332
3899,207,73,5,155.74,0,778.7,processing,2026-05-08T20:09:01.208332,2026-05-08T20:09:01.208332
3900,359,3,5,83.25,5,395.44,shipped,2026-03-23T19:34:01.208332,2026-03-23T19:34:01.208332
3901,328,16,4,113.51,20,363.23,completed,2026-05-10T15:20:01.208332,2026-05-10T15:20:01.208332
3902,329,57,2,183.8,15,312.46,completed,2026-04-03T21:40:01.208332,2026-04-03T21:40:01.208332
3903,288,93,2,127.01,10,228.62,completed,2026-06-14T01:12:01.208332,2026-06-14T01:12:01.208332
3904,167,86,5,186.11,0,930.55,completed,2026-06-21T23:05:01.208332,2026-06-21T23:05:01.208332
3905,461,67,2,63.81,15,108.48,processing,2026-08-05T21:42:01.208332,2026-08-05T21:42:01.208332
3906,388,3,3,83.25,20,199.8,completed,2026-02-24T03:47:01.208332,2026-02-24T03:47:01.208332
3907,492,53,1,81.67,0,81.67,cancelled,2026-08-06T20:21:01.208332,2026-08-06T20:21:01.208332
3908,290,79,4,177.33,0,709.32,processing,2026-03-01T01:10:01.208332,2026-03-01T01:10:01.208332
3909,412,19,4,106.58,10,383.69,completed,2026-07-12T12:25:01.208332,2026-07-12T12:25:01.208332
3910,279,87,2,203.97,5,387.54,completed,2026-06-23T21:57:01.208332,2026-06-23T21:57:01.208332
3911,48,71,4,237.46,10,854.86,completed,2026-05-03T11:10:01.208332,2026-05-03T11:10:01.208332
3912,209,81,1,137.86,20,110.29,completed,2026-04-04T00:50:01.208332,2026-04-04T00:50:01.208332
3913,288,62,4,88.56,0,354.24,cancelled,2026-06-25T22:25:01.208332,2026-06-25T22:25:01.208332
3914,452,19,2,106.58,20,170.53,completed,2026-05-30T19:26:01.208332,2026-05-30T19:26:01.208332
3915,293,44,1,75.9,0,75.9,completed,2026-07-27T02:50:01.208332,2026-07-27T02:50:01.208332
3916,398,35,4,196.82,10,708.55,completed,2026-03-22T17:08:01.208332,2026-03-22T17:08:01.208332
3917,301,99,3,200.3,20,480.72,completed,2026-05-27T06:21:01.208332,2026-05-27T06:21:01.208332
3918,321,6,1,94.28,20,75.42,completed,2026-08-17T05:16:01.208332,2026-08-17T05:16:01.208332
3919,245,97,2,143.24,0,286.48,cancelled,2026-02-24T18:49:01.208332,2026-02-24T18:49:01.208332
3920,437,66,4,189.77,10,683.17,shipped,2026-05-05T17:14:01.208332,2026-05-05T17:14:01.208332
3921,33,8,1,220.49,20,176.39,shipped,2026-08-20T22:31:01.208332,2026-08-20T22:31:01.208332
3922,258,26,1,123.56,0,123.56,completed,2026-06-25T06:16:01.208332,2026-06-25T06:16:01.208332
3923,417,79,3,177.33,20,425.59,completed,2026-08-19T02:08:01.208332,2026-08-19T02:08:01.208332
3924,25,9,4,149.34,10,537.62,processing,2026-03-05T18:58:01.208332,2026-03-05T18:58:01.208332
3925,332,36,1,202.99,0,202.99,processing,2026-06-18T06:16:01.208332,2026-06-18T06:16:01.208332
3926,38,95,3,12.44,0,37.32,shipped,2026-05-17T02:09:01.208332,2026-05-17T02:09:01.208332
3927,397,23,5,210.09,0,1050.45,processing,2026-08-01T07:29:01.208332,2026-08-01T07:29:01.208332
3928,487,57,4,183.8,15,624.92,completed,2026-03-21T17:58:01.208332,2026-03-21T17:58:01.208332
3929,374,48,2,179.54,15,305.22,completed,2026-04-15T12:49:01.208332,2026-04-15T12:49:01.208332
3930,9,64,4,190.48,5,723.82,completed,2026-06-12T14:43:01.208332,2026-06-12T14:43:01.208332
3931,201,21,1,172.56,15,146.68,shipped,2026-08-14T06:05:01.208332,2026-08-14T06:05:01.208332
3932,454,18,4,131.71,20,421.47,shipped,2026-07-30T16:56:01.208332,2026-07-30T16:56:01.208332
3933,344,17,5,85.34,0,426.7,completed,2026-04-27T07:43:01.208332,2026-04-27T07:43:01.208332
3934,285,12,4,155.49,15,528.67,shipped,2026-06-17T10:44:01.208332,2026-06-17T10:44:01.208332
3935,473,50,1,24.94,0,24.94,cancelled,2026-06-06T12:43:01.208332,2026-06-06T12:43:01.208332
3936,478,78,1,152.1,20,121.68,completed,2026-07-15T04:21:01.208332,2026-07-15T04:21:01.208332
3937,12,51,5,227.16,15,965.43,completed,2026-05-31T17:25:01.208332,2026-05-31T17:25:01.208332
3938,35,25,2,116.03,0,232.06,completed,2026-05-17T05:20:01.208332,2026-05-17T05:20:01.208332
3939,46,17,3,85.34,0,256.02,completed,2026-07-03T17:53:01.208332,2026-07-03T17:53:01.208332
3940,104,45,4,66.28,0,265.12,processing,2026-05-19T15:33:01.208332,2026-05-19T15:33:01.208332
3941,475,11,4,184.85,0,739.4,completed,2026-04-01T21:39:01.208332,2026-04-01T21:39:01.208332
3942,348,14,1,20.65,10,18.59,completed,2026-03-25T08:11:01.208332,2026-03-25T08:11:01.208332
3943,195,15,2,134.78,20,215.65,completed,2026-05-11T09:40:01.208332,2026-05-11T09:40:01.208332
3944,423,66,3,189.77,0,569.31,shipped,2026-05-19T17:54:01.208332,2026-05-19T17:54:01.208332
3945,280,74,3,241.53,5,688.36,completed,2026-03-17T16:10:01.208332,2026-03-17T16:10:01.208332
3946,112,58,1,245.37,15,208.56,completed,2026-06-02T20:19:01.208332,2026-06-02T20:19:01.208332
3947,158,34,5,167.45,0,837.25,completed,2026-07-05T18:15:01.208332,2026-07-05T18:15:01.208332
3948,443,75,3,16.16,0,48.48,shipped,2026-03-21T05:45:01.208332,2026-03-21T05:45:01.208332
3949,151,66,1,189.77,20,151.82,shipped,2026-03-12T19:18:01.208332,2026-03-12T19:18:01.208332
3950,142,37,1,143.78,0,143.78,completed,2026-05-16T20:02:01.208332,2026-05-16T20:02:01.208332
3951,350,33,1,128.65,5,122.22,processing,2026-05-20T05:34:01.208332,2026-05-20T05:34:01.208332
3952,56,19,4,106.58,15,362.37,shipped,2026-07-17T14:01:01.208332,2026-07-17T14:01:01.208332
3953,342,66,2,189.77,0,379.54,completed,2026-03-09T06:49:01.208332,2026-03-09T06:49:01.208332
3954,427,21,1,172.56,5,163.93,processing,2026-08-05T09:28:01.208332,2026-08-05T09:28:01.208332
3955,275,24,1,60.44,15,51.37,completed,2026-03-30T19:16:01.208332,2026-03-30T19:16:01.208332
3956,266,54,2,139.17,10,250.51,completed,2026-06-03T00:25:01.208332,2026-06-03T00:25:01.208332
3957,377,63,5,91.0,5,432.25,shipped,2026-04-07T04:08:01.208332,2026-04-07T04:08:01.208332
3958,444,30,5,15.86,0,79.3,completed,2026-08-02T04:28:01.208332,2026-08-02T04:28:01.208332
3959,435,66,2,189.77,10,341.59,completed,2026-06-27T16:01:01.208332,2026-06-27T16:01:01.208332
3960,210,4,3,15.68,0,47.04,shipped,2026-06-07T19:19:01.208332,2026-06-07T19:19:01.208332
3961,492,95,1,12.44,5,11.82,cancelled,2026-07-16T14:44:01.208332,2026-07-16T14:44:01.208332
3962,302,70,4,40.29,5,153.1,completed,2026-06-27T12:35:01.208332,2026-06-27T12:35:01.208332
3963,233,62,1,88.56,5,84.13,shipped,2026-07-30T07:42:01.208332,2026-07-30T07:42:01.208332
3964,121,52,5,101.29,20,405.16,completed,2026-07-20T14:50:01.208332,2026-07-20T14:50:01.208332
3965,441,2,3,63.38,20,152.11,shipped,2026-02-24T00:12:01.208332,2026-02-24T00:12:01.208332
3966,277,19,1,106.58,15,90.59,completed,2026-07-26T15:21:01.208332,2026-07-26T15:21:01.208332
3967,93,29,3,63.91,0,191.73,completed,2026-06-26T06:36:01.208332,2026-06-26T06:36:01.208332
3968,45,51,3,227.16,0,681.48,completed,2026-07-15T02:23:01.208332,2026-07-15T02:23:01.208332
3969,277,58,1,245.37,15,208.56,shipped,2026-04-12T19:46:01.208332,2026-04-12T19:46:01.208332
3970,292,20,1,40.55,10,36.49,completed,2026-06-22T03:56:01.208332,2026-06-22T03:56:01.208332
3971,38,74,2,241.53,0,483.06,shipped,2026-06-06T23:24:01.208332,2026-06-06T23:24:01.208332
3972,497,59,5,152.05,0,760.25,processing,2026-06-05T02:14:01.208332,2026-06-05T02:14:01.208332
3973,274,99,3,200.3,0,600.9,processing,2026-05-12T20:53:01.208332,2026-05-12T20:53:01.208332
3974,312,70,3,40.29,20,96.7,completed,2026-06-03T03:02:01.208332,2026-06-03T03:02:01.208332
3975,488,21,2,172.56,0,345.12,completed,2026-07-28T11:53:01.208332,2026-07-28T11:53:01.208332
3976,409,5,5,88.78,15,377.31,completed,2026-07-06T10:11:01.208332,2026-07-06T10:11:01.208332
3977,340,70,4,40.29,15,136.99,cancelled,2026-06-12T12:02:01.208332,2026-06-12T12:02:01.208332
3978,355,33,5,128.65,0,643.25,completed,2026-06-21T15:08:01.208332,2026-06-21T15:08:01.208332
3979,153,78,3,152.1,20,365.04,processing,2026-07-07T11:29:01.208332,2026-07-07T11:29:01.208332
3980,263,71,1,237.46,15,201.84,completed,2026-03-10T21:25:01.208332,2026-03-10T21:25:01.208332
3981,178,58,5,245.37,10,1104.16,completed,2026-05-17T22:53:01.208332,2026-05-17T22:53:01.208332
3982,356,84,4,114.05,0,456.2,completed,2026-04-29T13:51:01.208332,2026-04-29T13:51:01.208332
3983,121,70,4,40.29,5,153.1,shipped,2026-05-05T16:28:01.208332,2026-05-05T16:28:01.208332
3984,101,70,2,40.29,0,80.58,processing,2026-08-12T14:39:01.208332,2026-08-12T14:39:01.208332
3985,232,36,4,202.99,20,649.57,processing,2026-03-09T19:07:01.208332,2026-03-09T19:07:01.208332
3986,33,93,4,127.01,5,482.64,processing,2026-06-14T17:23:01.208332,2026-06-14T17:23:01.208332
3987,253,50,5,24.94,0,124.7,processing,2026-07-29T14:45:01.208332,2026-07-29T14:45:01.208332
3988,295,56,5,16.97,5,80.61,completed,2026-07-04T09:42:01.208332,2026-07-04T09:42:01.208332
3989,429,17,3,85.34,10,230.42,completed,2026-06-08T14:27:01.208332,2026-06-08T14:27:01.208332
3990,253,96,1,67.93,20,54.34,processing,2026-06-20T17:00:01.208332,2026-06-20T17:00:01.208332
3991,163,88,5,114.54,0,572.7,cancelled,2026-05-07T03:50:01.208332,2026-05-07T03:50:01.208332
3992,96,88,2,114.54,0,229.08,cancelled,2026-03-05T00:59:01.208332,2026-03-05T00:59:01.208332
3993,138,4,3,15.68,20,37.63,shipped,2026-05-05T14:58:01.208332,2026-05-05T14:58:01.208332
3994,373,80,3,203.33,15,518.49,processing,2026-05-17T17:26:01.208332,2026-05-17T17:26:01.208332
3995,20,4,1,15.68,0,15.68,processing,2026-04-15T11:56:01.208332,2026-04-15T11:56:01.208332
3996,91,100,3,63.18,20,151.63,completed,2026-05-02T18:42:01.208332,2026-05-02T18:42:01.208332
3997,129,24,5,60.44,5,287.09,processing,2026-05-18T11:08:01.208332,2026-05-18T11:08:01.208332
3998,202,26,2,123.56,0,247.12,processing,2026-07-24T01:15:01.208332,2026-07-24T01:15:01.208332
3999,151,24,2,60.44,15,102.75,completed,2026-08-15T20:08:01.208332,2026-08-15T20:08:01.208332
4000,350,69,5,211.41,20,845.64,shipped,2026-04-13T14:44:01.208332,2026-04-13T14:44:01.208332
4001,426,29,2,63.91,10,115.04,processing,2026-08-17T10:44:01.208332,2026-08-17T10:44:01.208332
4002,479,14,3,20.65,5,58.85,completed,2026-03-25T12:44:01.208332,2026-03-25T12:44:01.208332
4003,41,88,3,114.54,0,343.62,completed,2026-05-31T15:15:01.208332,2026-05-31T15:15:01.208332
4004,370,62,2,88.56,0,177.12,completed,2026-05-05T10:16:01.208332,2026-05-05T10:16:01.208332
4005,496,74,2,241.53,5,458.91,processing,2026-08-14T19:47:01.208332,2026-08-14T19:47:01.208332
4006,114,89,2,214.41,0,428.82,processing,2026-05-31T00:50:01.208332,2026-05-31T00:50:01.208332
4007,401,88,3,114.54,0,343.62,processing,2026-04-05T07:05:01.208332,2026-04-05T07:05:01.208332
4008,55,72,4,194.06,0,776.24,completed,2026-05-01T04:35:01.208332,2026-05-01T04:35:01.208332
4009,488,83,4,213.9,10,770.04,shipped,2026-04-12T10:46:01.208332,2026-04-12T10:46:01.208332
4010,487,72,3,194.06,0,582.18,completed,2026-06-14T14:59:01.208332,2026-06-14T14:59:01.208332
4011,388,63,3,91.0,20,218.4,completed,2026-04-12T05:46:01.208332,2026-04-12T05:46:01.208332
4012,4,25,3,116.03,15,295.88,completed,2026-06-17T01:04:01.208332,2026-06-17T01:04:01.208332
4013,450,87,5,203.97,20,815.88,completed,2026-06-08T15:09:01.208332,2026-06-08T15:09:01.208332
4014,475,15,4,134.78,10,485.21,completed,2026-05-22T18:04:01.208332,2026-05-22T18:04:01.208332
4015,25,26,5,123.56,20,494.24,completed,2026-07-01T21:11:01.208332,2026-07-01T21:11:01.208332
4016,298,31,3,156.71,20,376.1,completed,2026-03-02T11:02:01.208332,2026-03-02T11:02:01.208332
4017,430,47,2,46.2,5,87.78,completed,2026-04-20T14:12:01.208332,2026-04-20T14:12:01.208332
4018,167,38,4,42.0,0,168.0,completed,2026-04-24T02:02:01.208332,2026-04-24T02:02:01.208332
4019,104,14,2,20.65,15,35.1,completed,2026-03-27T04:26:01.208332,2026-03-27T04:26:01.208332
4020,318,28,4,206.42,5,784.4,processing,2026-07-06T02:21:01.208332,2026-07-06T02:21:01.208332
4021,50,31,4,156.71,5,595.5,completed,2026-07-28T14:53:01.208332,2026-07-28T14:53:01.208332
4022,24,3,5,83.25,0,416.25,completed,2026-08-16T00:54:01.208332,2026-08-16T00:54:01.208332
4023,357,83,1,213.9,0,213.9,completed,2026-08-15T14:40:01.208332,2026-08-15T14:40:01.208332
4024,19,100,3,63.18,0,189.54,shipped,2026-05-17T17:25:01.208332,2026-05-17T17:25:01.208332
4025,316,68,1,191.02,15,162.37,processing,2026-06-11T07:41:01.208332,2026-06-11T07:41:01.208332
4026,243,72,1,194.06,10,174.65,completed,2026-07-06T22:42:01.208332,2026-07-06T22:42:01.208332
4027,388,62,1,88.56,0,88.56,completed,2026-04-30T07:32:01.208332,2026-04-30T07:32:01.208332
4028,121,66,5,189.77,10,853.97,completed,2026-07-29T12:16:01.208332,2026-07-29T12:16:01.208332
4029,206,21,2,172.56,0,345.12,shipped,2026-06-05T01:42:01.208332,2026-06-05T01:42:01.208332
4030,214,8,3,220.49,20,529.18,processing,2026-07-14T07:19:01.208332,2026-07-14T07:19:01.208332
4031,260,54,4,139.17,10,501.01,completed,2026-05-15T02:22:01.208332,2026-05-15T02:22:01.208332
4032,153,22,2,146.59,5,278.52,completed,2026-07-02T03:22:01.208332,2026-07-02T03:22:01.208332
4033,262,44,3,75.9,10,204.93,completed,2026-06-18T16:22:01.208332,2026-06-18T16:22:01.208332
4034,376,76,4,172.56,0,690.24,completed,2026-07-18T14:46:01.208332,2026-07-18T14:46:01.208332
4035,404,92,5,16.89,0,84.45,processing,2026-03-27T23:04:01.208332,2026-03-27T23:04:01.208332
4036,66,39,5,247.09,0,1235.45,completed,2026-08-18T18:01:01.208332,2026-08-18T18:01:01.208332
4037,416,89,4,214.41,0,857.64,completed,2026-02-28T05:19:01.208332,2026-02-28T05:19:01.208332
4038,478,1,1,101.81,0,101.81,completed,2026-03-23T23:41:01.208332,2026-03-23T23:41:01.208332
4039,191,82,2,131.43,10,236.57,completed,2026-06-21T10:38:01.208332,2026-06-21T10:38:01.208332
4040,38,31,2,156.71,15,266.41,completed,2026-08-02T07:39:01.208332,2026-08-02T07:39:01.208332
4041,410,42,3,118.02,0,354.06,completed,2026-04-02T12:38:01.208332,2026-04-02T12:38:01.208332
4042,166,44,4,75.9,0,303.6,completed,2026-05-29T14:05:01.208332,2026-05-29T14:05:01.208332
4043,325,82,4,131.43,10,473.15,completed,2026-07-07T23:24:01.208332,2026-07-07T23:24:01.208332
4044,350,13,3,225.88,0,677.64,processing,2026-04-16T08:46:01.208332,2026-04-16T08:46:01.208332
4045,269,79,4,177.33,5,673.85,processing,2026-06-10T08:32:01.208332,2026-06-10T08:32:01.208332
4046,367,63,2,91.0,5,172.9,cancelled,2026-08-17T22:11:01.208332,2026-08-17T22:11:01.208332
4047,480,29,4,63.91,5,242.86,cancelled,2026-08-06T05:35:01.208332,2026-08-06T05:35:01.208332
4048,404,57,3,183.8,15,468.69,completed,2026-05-09T20:00:01.208332,2026-05-09T20:00:01.208332
4049,383,1,2,101.81,0,203.62,processing,2026-07-27T14:26:01.208332,2026-07-27T14:26:01.208332
4050,379,91,2,146.76,0,293.52,completed,2026-04-17T00:16:01.208332,2026-04-17T00:16:01.208332
4051,487,9,5,149.34,0,746.7,completed,2026-07-20T05:08:01.208332,2026-07-20T05:08:01.208332
4052,363,70,1,40.29,15,34.25,completed,2026-03-19T22:37:01.208332,2026-03-19T22:37:01.208332
4053,429,9,2,149.34,0,298.68,completed,2026-06-14T00:33:01.208332,2026-06-14T00:33:01.208332
4054,450,83,1,213.9,15,181.81,processing,2026-04-20T02:21:01.208332,2026-04-20T02:21:01.208332
4055,48,8,4,220.49,15,749.67,completed,2026-02-25T01:49:01.208332,2026-02-25T01:49:01.208332
4056,267,32,4,109.47,0,437.88,completed,2026-05-23T17:11:01.208332,2026-05-23T17:11:01.208332
4057,105,92,5,16.89,5,80.23,completed,2026-04-27T09:43:01.208332,2026-04-27T09:43:01.208332
4058,273,22,4,146.59,5,557.04,cancelled,2026-05-29T00:31:01.208332,2026-05-29T00:31:01.208332
4059,45,86,4,186.11,0,744.44,completed,2026-07-16T20:29:01.208332,2026-07-16T20:29:01.208332
4060,461,45,4,66.28,5,251.86,completed,2026-04-23T00:10:01.208332,2026-04-23T00:10:01.208332
4061,383,47,5,46.2,15,196.35,shipped,2026-04-12T22:55:01.208332,2026-04-12T22:55:01.208332
4062,70,49,2,107.82,20,172.51,completed,2026-06-07T14:03:01.208332,2026-06-07T14:03:01.208332
4063,167,19,5,106.58,0,532.9,cancelled,2026-05-27T14:38:01.208332,2026-05-27T14:38:01.208332
4064,380,59,4,152.05,15,516.97,completed,2026-06-04T09:57:01.208332,2026-06-04T09:57:01.208332
4065,374,14,4,20.65,0,82.6,completed,2026-06-03T14:37:01.208332,2026-06-03T14:37:01.208332
4066,368,57,1,183.8,15,156.23,completed,2026-05-19T22:27:01.208332,2026-05-19T22:27:01.208332
4067,33,59,2,152.05,0,304.1,cancelled,2026-05-15T05:25:01.208332,2026-05-15T05:25:01.208332
4068,373,28,5,206.42,15,877.28,completed,2026-06-09T15:35:01.208332,2026-06-09T15:35:01.208332
4069,490,4,3,15.68,0,47.04,completed,2026-03-27T00:13:01.208332,2026-03-27T00:13:01.208332
4070,296,73,5,155.74,0,778.7,shipped,2026-07-08T11:49:01.208332,2026-07-08T11:49:01.208332
4071,452,22,1,146.59,15,124.6,completed,2026-05-12T08:23:01.208332,2026-05-12T08:23:01.208332
4072,337,75,1,16.16,15,13.74,completed,2026-04-19T19:03:01.208332,2026-04-19T19:03:01.208332
4073,284,71,2,237.46,0,474.92,completed,2026-08-05T20:08:01.208332,2026-08-05T20:08:01.208332
4074,167,84,3,114.05,15,290.83,completed,2026-08-18T02:48:01.208332,2026-08-18T02:48:01.208332
4075,405,74,5,241.53,0,1207.65,processing,2026-04-22T21:21:01.208332,2026-04-22T21:21:01.208332
4076,482,40,3,157.04,5,447.56,shipped,2026-03-17T20:04:01.208332,2026-03-17T20:04:01.208332
4077,372,83,4,213.9,15,727.26,shipped,2026-07-08T23:28:01.208332,2026-07-08T23:28:01.208332
4078,113,21,4,172.56,0,690.24,completed,2026-04-09T14:07:01.208332,2026-04-09T14:07:01.208332
4079,293,43,3,193.8,20,465.12,processing,2026-04-10T19:39:01.208332,2026-04-10T19:39:01.208332
4080,416,100,4,63.18,10,227.45,cancelled,2026-07-03T20:23:01.208332,2026-07-03T20:23:01.208332
4081,60,24,4,60.44,10,217.58,processing,2026-07-23T18:16:01.208332,2026-07-23T18:16:01.208332
4082,225,1,2,101.81,10,183.26,shipped,2026-03-27T08:01:01.208332,2026-03-27T08:01:01.208332
4083,36,21,1,172.56,0,172.56,cancelled,2026-04-09T11:17:01.208332,2026-04-09T11:17:01.208332
4084,462,77,4,235.95,20,755.04,shipped,2026-05-30T12:51:01.208332,2026-05-30T12:51:01.208332
4085,369,15,2,134.78,5,256.08,completed,2026-07-02T11:18:01.208332,2026-07-02T11:18:01.208332
4086,71,75,5,16.16,10,72.72,completed,2026-04-08T20:10:01.208332,2026-04-08T20:10:01.208332
4087,77,4,1,15.68,0,15.68,completed,2026-07-18T00:03:01.208332,2026-07-18T00:03:01.208332
4088,204,94,1,91.68,10,82.51,completed,2026-03-29T21:40:01.208332,2026-03-29T21:40:01.208332
4089,20,6,3,94.28,20,226.27,shipped,2026-06-04T11:44:01.208332,2026-06-04T11:44:01.208332
4090,311,88,4,114.54,10,412.34,processing,2026-05-26T06:01:01.208332,2026-05-26T06:01:01.208332
4091,443,73,4,155.74,0,622.96,completed,2026-06-28T01:02:01.208332,2026-06-28T01:02:01.208332
4092,355,95,3,12.44,15,31.72,completed,2026-05-28T05:31:01.208332,2026-05-28T05:31:01.208332
4093,95,31,5,156.71,5,744.37,completed,2026-08-10T20:42:01.208332,2026-08-10T20:42:01.208332
4094,409,97,1,143.24,0,143.24,completed,2026-02-26T18:06:01.208332,2026-02-26T18:06:01.208332
4095,155,31,4,156.71,15,532.81,processing,2026-03-10T12:40:01.208332,2026-03-10T12:40:01.208332
4096,438,74,3,241.53,0,724.59,completed,2026-05-18T09:04:01.208332,2026-05-18T09:04:01.208332
4097,178,21,2,172.56,20,276.1,processing,2026-07-06T02:51:01.208332,2026-07-06T02:51:01.208332
4098,461,12,1,155.49,20,124.39,cancelled,2026-03-22T18:17:01.208332,2026-03-22T18:17:01.208332
4099,296,22,5,146.59,15,623.01,cancelled,2026-04-27T23:53:01.208332,2026-04-27T23:53:01.208332
4100,13,12,3,155.49,0,466.47,completed,2026-05-21T14:38:01.208332,2026-05-21T14:38:01.208332
4101,335,95,5,12.44,0,62.2,processing,2026-03-05T22:02:01.208332,2026-03-05T22:02:01.208332
4102,422,26,1,123.56,10,111.2,shipped,2026-05-10T06:04:01.208332,2026-05-10T06:04:01.208332
4103,43,27,5,78.11,5,371.02,processing,2026-03-12T12:22:01.208332,2026-03-12T12:22:01.208332
4104,496,15,2,134.78,5,256.08,cancelled,2026-03-04T09:54:01.208332,2026-03-04T09:54:01.208332
4105,78,94,2,91.68,0,183.36,completed,2026-04-02T07:50:01.208332,2026-04-02T07:50:01.208332
4106,61,88,4,114.54,5,435.25,cancelled,2026-05-19T12:46:01.208332,2026-05-19T12:46:01.208332
4107,72,7,1,89.48,10,80.53,cancelled,2026-07-14T00:33:01.208332,2026-07-14T00:33:01.208332
4108,345,12,1,155.49,0,155.49,shipped,2026-05-04T05:53:01.208332,2026-05-04T05:53:01.208332
4109,54,17,2,85.34,0,170.68,processing,2026-03-17T14:50:01.208332,2026-03-17T14:50:01.208332
4110,370,5,4,88.78,0,355.12,completed,2026-07-05T05:11:01.208332,2026-07-05T05:11:01.208332
4111,339,96,5,67.93,20,271.72,completed,2026-05-14T06:25:01.208332,2026-05-14T06:25:01.208332
4112,102,80,2,203.33,0,406.66,processing,2026-04-18T01:10:01.208332,2026-04-18T01:10:01.208332
4113,99,56,4,16.97,0,67.88,processing,2026-04-02T12:53:01.208332,2026-04-02T12:53:01.208332
4114,7,85,2,179.75,5,341.52,cancelled,2026-06-22T00:59:01.208332,2026-06-22T00:59:01.208332
4115,416,39,5,247.09,0,1235.45,completed,2026-03-22T20:07:01.208332,2026-03-22T20:07:01.208332
4116,91,13,1,225.88,0,225.88,processing,2026-02-27T17:35:01.208332,2026-02-27T17:35:01.208332
4117,350,51,5,227.16,0,1135.8,completed,2026-08-10T10:20:01.208332,2026-08-10T10:20:01.208332
4118,441,2,5,63.38,15,269.37,completed,2026-04-24T01:28:01.208332,2026-04-24T01:28:01.208332
4119,77,77,3,235.95,5,672.46,completed,2026-03-19T01:08:01.208332,2026-03-19T01:08:01.208332
4120,431,76,2,172.56,15,293.35,completed,2026-07-27T18:24:01.208332,2026-07-27T18:24:01.208332
4121,496,45,4,66.28,20,212.1,completed,2026-07-17T14:11:01.208332,2026-07-17T14:11:01.208332
4122,415,95,1,12.44,20,9.95,completed,2026-08-12T00:39:01.208332,2026-08-12T00:39:01.208332
4123,367,86,5,186.11,10,837.5,completed,2026-04-27T10:44:01.208332,2026-04-27T10:44:01.208332
4124,399,89,5,214.41,5,1018.45,completed,2026-07-23T12:15:01.208332,2026-07-23T12:15:01.208332
4125,398,13,2,225.88,5,429.17,completed,2026-03-17T04:45:01.208332,2026-03-17T04:45:01.208332
4126,142,25,4,116.03,0,464.12,completed,2026-06-03T16:01:01.208332,2026-06-03T16:01:01.208332
4127,277,47,4,46.2,0,184.8,completed,2026-07-12T10:05:01.208332,2026-07-12T10:05:01.208332
4128,109,4,3,15.68,0,47.04,cancelled,2026-08-04T06:32:01.208332,2026-08-04T06:32:01.208332
4129,399,20,1,40.55,0,40.55,completed,2026-05-22T07:36:01.208332,2026-05-22T07:36:01.208332
4130,217,16,3,113.51,10,306.48,shipped,2026-03-25T01:57:01.208332,2026-03-25T01:57:01.208332
4131,119,72,4,194.06,0,776.24,completed,2026-03-06T13:51:01.208332,2026-03-06T13:51:01.208332
4132,307,80,1,203.33,5,193.16,cancelled,2026-07-04T11:01:01.208332,2026-07-04T11:01:01.208332
4133,494,11,4,184.85,5,702.43,processing,2026-07-30T12:20:01.208332,2026-07-30T12:20:01.208332
4134,12,53,2,81.67,0,163.34,completed,2026-03-18T14:58:01.208332,2026-03-18T14:58:01.208332
4135,272,84,1,114.05,0,114.05,completed,2026-04-22T18:00:01.208332,2026-04-22T18:00:01.208332
4136,488,21,1,172.56,0,172.56,cancelled,2026-07-01T05:57:01.208332,2026-07-01T05:57:01.208332
4137,444,37,1,143.78,0,143.78,completed,2026-03-06T06:36:01.208332,2026-03-06T06:36:01.208332
4138,9,79,3,177.33,5,505.39,shipped,2026-08-16T17:46:01.208332,2026-08-16T17:46:01.208332
4139,289,99,4,200.3,0,801.2,completed,2026-05-11T15:18:01.208332,2026-05-11T15:18:01.208332
4140,319,9,3,149.34,5,425.62,cancelled,2026-06-11T00:39:01.208332,2026-06-11T00:39:01.208332
4141,399,45,3,66.28,0,198.84,completed,2026-05-11T23:57:01.208332,2026-05-11T23:57:01.208332
4142,485,32,3,109.47,5,311.99,completed,2026-07-26T19:16:01.208332,2026-07-26T19:16:01.208332
4143,71,33,4,128.65,5,488.87,completed,2026-02-24T02:18:01.208332,2026-02-24T02:18:01.208332
4144,23,72,1,194.06,20,155.25,processing,2026-03-17T04:08:01.208332,2026-03-17T04:08:01.208332
4145,63,5,2,88.78,0,177.56,cancelled,2026-07-20T08:15:01.208332,2026-07-20T08:15:01.208332
4146,406,53,5,81.67,0,408.35,shipped,2026-03-13T20:55:01.208332,2026-03-13T20:55:01.208332
4147,205,36,1,202.99,5,192.84,shipped,2026-03-25T01:36:01.208332,2026-03-25T01:36:01.208332
4148,265,6,5,94.28,0,471.4,completed,2026-05-28T16:31:01.208332,2026-05-28T16:31:01.208332
4149,416,94,3,91.68,5,261.29,completed,2026-03-15T03:36:01.208332,2026-03-15T03:36:01.208332
4150,304,4,1,15.68,0,15.68,completed,2026-07-01T19:31:01.208332,2026-07-01T19:31:01.208332
4151,238,11,2,184.85,10,332.73,shipped,2026-03-03T07:50:01.208332,2026-03-03T07:50:01.208332
4152,232,14,2,20.65,0,41.3,cancelled,2026-05-18T16:38:01.208332,2026-05-18T16:38:01.208332
4153,118,43,1,193.8,0,193.8,completed,2026-07-21T14:24:01.208332,2026-07-21T14:24:01.208332
4154,185,68,3,191.02,5,544.41,completed,2026-04-19T06:07:01.208332,2026-04-19T06:07:01.208332
4155,411,52,2,101.29,0,202.58,completed,2026-07-01T18:28:01.208332,2026-07-01T18:28:01.208332
4156,13,3,5,83.25,5,395.44,completed,2026-03-28T16:20:01.208332,2026-03-28T16:20:01.208332
4157,273,68,3,191.02,5,544.41,cancelled,2026-05-12T03:11:01.208332,2026-05-12T03:11:01.208332
4158,220,77,3,235.95,5,672.46,completed,2026-03-01T00:03:01.208332,2026-03-01T00:03:01.208332
4159,62,72,1,194.06,0,194.06,cancelled,2026-03-31T19:39:01.208332,2026-03-31T19:39:01.208332
4160,412,100,2,63.18,10,113.72,completed,2026-05-07T21:15:01.208332,2026-05-07T21:15:01.208332
4161,422,57,3,183.8,20,441.12,shipped,2026-05-14T05:43:01.208332,2026-05-14T05:43:01.208332
4162,224,20,1,40.55,0,40.55,completed,2026-06-10T02:54:01.208332,2026-06-10T02:54:01.208332
4163,269,31,2,156.71,15,266.41,shipped,2026-07-29T00:27:01.208332,2026-07-29T00:27:01.208332
4164,10,5,1,88.78,0,88.78,shipped,2026-05-07T23:01:01.208332,2026-05-07T23:01:01.208332
4165,218,13,3,225.88,0,677.64,processing,2026-06-17T17:03:01.208332,2026-06-17T17:03:01.208332
4166,13,97,1,143.24,20,114.59,completed,2026-03-16T19:16:01.208332,2026-03-16T19:16:01.208332
4167,229,76,4,172.56,15,586.7,completed,2026-05-19T16:17:01.208332,2026-05-19T16:17:01.208332
4168,468,33,1,128.65,0,128.65,cancelled,2026-07-09T22:53:01.208332,2026-07-09T22:53:01.208332
4169,135,75,2,16.16,10,29.09,processing,2026-07-13T11:00:01.208332,2026-07-13T11:00:01.208332
4170,35,92,5,16.89,20,67.56,cancelled,2026-07-01T00:25:01.208332,2026-07-01T00:25:01.208332
4171,324,90,3,221.59,10,598.29,completed,2026-02-24T03:35:01.208332,2026-02-24T03:35:01.208332
4172,128,86,1,186.11,0,186.11,completed,2026-07-16T09:42:01.208332,2026-07-16T09:42:01.208332
4173,22,33,5,128.65,10,578.93,completed,2026-05-25T22:55:01.208332,2026-05-25T22:55:01.208332
4174,414,76,3,172.56,15,440.03,processing,2026-07-24T17:15:01.208332,2026-07-24T17:15:01.208332
4175,421,64,4,190.48,20,609.54,processing,2026-06-13T22:29:01.208332,2026-06-13T22:29:01.208332
4176,253,82,2,131.43,15,223.43,completed,2026-03-07T10:52:01.208332,2026-03-07T10:52:01.208332
4177,238,76,4,172.56,15,586.7,shipped,2026-03-17T11:52:01.208332,2026-03-17T11:52:01.208332
4178,196,78,5,152.1,15,646.42,completed,2026-04-17T20:49:01.208332,2026-04-17T20:49:01.208332
4179,211,49,1,107.82,0,107.82,shipped,2026-04-03T23:19:01.208332,2026-04-03T23:19:01.208332
4180,147,7,4,89.48,5,340.02,completed,2026-06-07T13:10:01.208332,2026-06-07T13:10:01.208332
4181,128,30,2,15.86,20,25.38,shipped,2026-04-23T06:36:01.208332,2026-04-23T06:36:01.208332
4182,94,27,5,78.11,15,331.97,processing,2026-06-11T04:22:01.208332,2026-06-11T04:22:01.208332
4183,149,75,5,16.16,0,80.8,shipped,2026-06-14T17:53:01.208332,2026-06-14T17:53:01.208332
4184,414,2,1,63.38,15,53.87,completed,2026-07-23T08:07:01.208332,2026-07-23T08:07:01.208332
4185,85,56,2,16.97,0,33.94,shipped,2026-04-03T14:50:01.208332,2026-04-03T14:50:01.208332
4186,27,66,4,189.77,20,607.26,processing,2026-08-07T04:20:01.208332,2026-08-07T04:20:01.208332
4187,433,22,1,146.59,0,146.59,completed,2026-05-09T08:55:01.208332,2026-05-09T08:55:01.208332
4188,431,21,1,172.56,15,146.68,cancelled,2026-07-19T19:49:01.208332,2026-07-19T19:49:01.208332
4189,322,34,1,167.45,20,133.96,processing,2026-08-12T01:28:01.208332,2026-08-12T01:28:01.208332
4190,484,11,2,184.85,0,369.7,cancelled,2026-06-28T04:19:01.208332,2026-06-28T04:19:01.208332
4191,385,79,5,177.33,10,797.99,processing,2026-06-12T00:01:01.208332,2026-06-12T00:01:01.208332
4192,454,100,5,63.18,5,300.1,completed,2026-08-06T14:09:01.208332,2026-08-06T14:09:01.208332
4193,460,15,1,134.78,5,128.04,completed,2026-08-17T19:40:01.208332,2026-08-17T19:40:01.208332
4194,375,69,5,211.41,15,898.49,completed,2026-06-10T13:50:01.208332,2026-06-10T13:50:01.208332
4195,476,85,5,179.75,0,898.75,completed,2026-07-22T00:32:01.208332,2026-07-22T00:32:01.208332
4196,497,70,4,40.29,0,161.16,processing,2026-04-19T23:03:01.208332,2026-04-19T23:03:01.208332
4197,71,21,1,172.56,5,163.93,completed,2026-08-14T23:00:01.208332,2026-08-14T23:00:01.208332
4198,268,66,2,189.77,10,341.59,shipped,2026-08-21T12:31:01.208332,2026-08-21T12:31:01.208332
4199,498,65,3,210.38,5,599.58,completed,2026-08-12T08:33:01.208332,2026-08-12T08:33:01.208332
4200,277,23,1,210.09,20,168.07,completed,2026-02-28T06:37:01.208332,2026-02-28T06:37:01.208332
4201,277,6,4,94.28,5,358.26,shipped,2026-04-22T21:20:01.208332,2026-04-22T21:20:01.208332
4202,342,12,2,155.49,20,248.78,shipped,2026-03-29T23:44:01.208332,2026-03-29T23:44:01.208332
4203,289,11,3,184.85,10,499.09,completed,2026-05-08T00:06:01.208332,2026-05-08T00:06:01.208332
4204,392,83,1,213.9,0,213.9,shipped,2026-05-27T14:30:01.208332,2026-05-27T14:30:01.208332
4205,346,76,3,172.56,20,414.14,processing,2026-03-25T16:47:01.208332,2026-03-25T16:47:01.208332
4206,344,55,5,62.66,10,281.97,shipped,2026-03-22T23:38:01.208332,2026-03-22T23:38:01.208332
4207,372,97,4,143.24,10,515.66,cancelled,2026-08-14T07:34:01.208332,2026-08-14T07:34:01.208332
4208,477,62,1,88.56,0,88.56,processing,2026-03-03T10:49:01.208332,2026-03-03T10:49:01.208332
4209,182,30,1,15.86,0,15.86,completed,2026-08-07T07:09:01.208332,2026-08-07T07:09:01.208332
4210,405,75,4,16.16,0,64.64,shipped,2026-04-29T03:40:01.208332,2026-04-29T03:40:01.208332
4211,23,64,5,190.48,15,809.54,completed,2026-04-09T18:22:01.208332,2026-04-09T18:22:01.208332
4212,250,37,5,143.78,10,647.01,completed,2026-04-05T09:36:01.208332,2026-04-05T09:36:01.208332
4213,371,49,3,107.82,0,323.46,shipped,2026-07-15T10:00:01.208332,2026-07-15T10:00:01.208332
4214,298,85,4,179.75,0,719.0,cancelled,2026-04-17T21:50:01.208332,2026-04-17T21:50:01.208332
4215,24,78,4,152.1,15,517.14,completed,2026-06-20T01:03:01.208332,2026-06-20T01:03:01.208332
4216,428,79,4,177.33,5,673.85,completed,2026-06-03T03:21:01.208332,2026-06-03T03:21:01.208332
4217,369,34,5,167.45,5,795.39,completed,2026-02-28T06:18:01.208332,2026-02-28T06:18:01.208332
4218,232,66,3,189.77,0,569.31,shipped,2026-03-07T09:18:01.208332,2026-03-07T09:18:01.208332
4219,6,20,5,40.55,0,202.75,shipped,2026-03-14T04:55:01.208332,2026-03-14T04:55:01.208332
4220,73,21,3,172.56,10,465.91,completed,2026-07-11T23:04:01.208332,2026-07-11T23:04:01.208332
4221,423,81,4,137.86,0,551.44,processing,2026-06-02T09:06:01.208332,2026-06-02T09:06:01.208332
4222,65,1,5,101.81,10,458.15,completed,2026-08-17T09:20:01.208332,2026-08-17T09:20:01.208332
4223,137,69,4,211.41,10,761.08,processing,2026-06-30T10:14:01.208332,2026-06-30T10:14:01.208332
4224,117,79,1,177.33,5,168.46,completed,2026-03-20T14:56:01.208332,2026-03-20T14:56:01.208332
4225,203,62,2,88.56,20,141.7,shipped,2026-05-30T13:46:01.208332,2026-05-30T13:46:01.208332
4226,309,74,1,241.53,5,229.45,processing,2026-02-27T14:43:01.208332,2026-02-27T14:43:01.208332
4227,427,9,1,149.34,0,149.34,completed,2026-03-09T01:02:01.208332,2026-03-09T01:02:01.208332
4228,425,15,5,134.78,20,539.12,completed,2026-07-05T12:56:01.208332,2026-07-05T12:56:01.208332
4229,184,85,5,179.75,15,763.94,completed,2026-07-21T22:33:01.208332,2026-07-21T22:33:01.208332
4230,421,27,4,78.11,0,312.44,completed,2026-04-06T22:49:01.208332,2026-04-06T22:49:01.208332
4231,244,93,4,127.01,0,508.04,completed,2026-04-26T19:24:01.208332,2026-04-26T19:24:01.208332
4232,128,6,3,94.28,0,282.84,processing,2026-06-04T20:51:01.208332,2026-06-04T20:51:01.208332
4233,49,52,3,101.29,20,243.1,cancelled,2026-07-24T16:56:01.208332,2026-07-24T16:56:01.208332
4234,12,22,3,146.59,0,439.77,completed,2026-07-10T05:14:01.208332,2026-07-10T05:14:01.208332
4235,254,19,3,106.58,0,319.74,completed,2026-06-15T18:56:01.208332,2026-06-15T18:56:01.208332
4236,220,41,1,117.02,20,93.62,cancelled,2026-03-30T18:40:01.208332,2026-03-30T18:40:01.208332
4237,149,36,1,202.99,20,162.39,shipped,2026-06-06T20:35:01.208332,2026-06-06T20:35:01.208332
4238,206,9,4,149.34,20,477.89,shipped,2026-07-08T08:56:01.208332,2026-07-08T08:56:01.208332
4239,460,96,1,67.93,20,54.34,completed,2026-05-28T11:52:01.208332,2026-05-28T11:52:01.208332
4240,359,34,5,167.45,10,753.52,processing,2026-06-07T22:52:01.208332,2026-06-07T22:52:01.208332
4241,323,6,5,94.28,10,424.26,cancelled,2026-08-16T17:03:01.208332,2026-08-16T17:03:01.208332
4242,2,52,4,101.29,20,324.13,completed,2026-06-03T22:23:01.208332,2026-06-03T22:23:01.208332
4243,50,35,1,196.82,5,186.98,shipped,2026-04-13T21:48:01.208332,2026-04-13T21:48:01.208332
4244,265,14,2,20.65,20,33.04,processing,2026-04-24T00:38:01.208332,2026-04-24T00:38:01.208332
4245,95,51,4,227.16,0,908.64,shipped,2026-06-02T23:30:01.208332,2026-06-02T23:30:01.208332
4246,316,85,5,179.75,10,808.88,completed,2026-07-20T02:26:01.208332,2026-07-20T02:26:01.208332
4247,358,75,4,16.16,15,54.94,processing,2026-06-16T04:49:01.208332,2026-06-16T04:49:01.208332
4248,226,40,5,157.04,5,745.94,completed,2026-06-06T20:35:01.208332,2026-06-06T20:35:01.208332
4249,353,12,3,155.49,0,466.47,completed,2026-06-10T16:54:01.208332,2026-06-10T16:54:01.208332
4250,161,85,1,179.75,0,179.75,processing,2026-03-18T04:38:01.208332,2026-03-18T04:38:01.208332
4251,70,93,5,127.01,15,539.79,completed,2026-03-28T11:20:01.208332,2026-03-28T11:20:01.208332
4252,433,88,4,114.54,0,458.16,cancelled,2026-04-09T10:53:01.208332,2026-04-09T10:53:01.208332
4253,476,49,1,107.82,0,107.82,completed,2026-03-16T05:46:01.208332,2026-03-16T05:46:01.208332
4254,243,11,4,184.85,15,628.49,completed,2026-07-06T03:54:01.208332,2026-07-06T03:54:01.208332
4255,117,77,5,235.95,20,943.8,processing,2026-07-14T00:11:01.208332,2026-07-14T00:11:01.208332
4256,414,51,2,227.16,5,431.6,completed,2026-04-21T19:56:01.208332,2026-04-21T19:56:01.208332
4257,211,91,2,146.76,0,293.52,processing,2026-05-28T06:59:01.208332,2026-05-28T06:59:01.208332
4258,134,42,3,118.02,10,318.65,shipped,2026-03-05T18:12:01.208332,2026-03-05T18:12:01.208332
4259,249,1,1,101.81,0,101.81,cancelled,2026-06-11T18:06:01.208332,2026-06-11T18:06:01.208332
4260,334,74,3,241.53,20,579.67,completed,2026-03-20T08:03:01.208332,2026-03-20T08:03:01.208332
4261,272,75,3,16.16,0,48.48,completed,2026-03-04T03:31:01.208332,2026-03-04T03:31:01.208332
4262,472,49,4,107.82,15,366.59,completed,2026-07-31T02:24:01.208332,2026-07-31T02:24:01.208332
4263,403,95,5,12.44,10,55.98,shipped,2026-05-13T18:30:01.208332,2026-05-13T18:30:01.208332
4264,255,53,1,81.67,0,81.67,shipped,2026-07-17T06:20:01.208332,2026-07-17T06:20:01.208332
4265,135,21,1,172.56,20,138.05,completed,2026-07-17T12:07:01.208332,2026-07-17T12:07:01.208332
4266,162,55,3,62.66,5,178.58,shipped,2026-07-11T06:32:01.208332,2026-07-11T06:32:01.208332
4267,175,69,1,211.41,10,190.27,completed,2026-05-16T15:09:01.208332,2026-05-16T15:09:01.208332
4268,394,41,2,117.02,0,234.04,processing,2026-07-15T19:44:01.208332,2026-07-15T19:44:01.208332
4269,413,78,1,152.1,5,144.49,completed,2026-03-19T10:05:01.208332,2026-03-19T10:05:01.208332
4270,439,48,3,179.54,20,430.9,shipped,2026-05-08T05:22:01.208332,2026-05-08T05:22:01.208332
4271,402,17,2,85.34,20,136.54,completed,2026-05-10T19:50:01.208332,2026-05-10T19:50:01.208332
4272,359,38,1,42.0,0,42.0,cancelled,2026-05-06T18:39:01.208332,2026-05-06T18:39:01.208332
4273,172,78,5,152.1,0,760.5,completed,2026-04-06T06:27:01.208332,2026-04-06T06:27:01.208332
4274,5,89,4,214.41,0,857.64,completed,2026-07-29T08:25:01.208332,2026-07-29T08:25:01.208332
4275,61,23,2,210.09,0,420.18,shipped,2026-03-28T13:21:01.208332,2026-03-28T13:21:01.208332
4276,220,62,4,88.56,0,354.24,completed,2026-05-07T15:23:01.208332,2026-05-07T15:23:01.208332
4277,392,41,5,117.02,0,585.1,completed,2026-05-05T14:55:01.208332,2026-05-05T14:55:01.208332
4278,54,11,2,184.85,0,369.7,completed,2026-07-02T16:39:01.208332,2026-07-02T16:39:01.208332
4279,48,48,5,179.54,20,718.16,completed,2026-08-16T17:34:01.208332,2026-08-16T17:34:01.208332
4280,274,67,4,63.81,0,255.24,processing,2026-02-24T17:06:01.208332,2026-02-24T17:06:01.208332
4281,8,14,4,20.65,10,74.34,shipped,2026-05-28T13:59:01.208332,2026-05-28T13:59:01.208332
4282,247,92,4,16.89,10,60.8,completed,2026-03-18T20:57:01.208332,2026-03-18T20:57:01.208332
4283,448,11,2,184.85,10,332.73,completed,2026-06-12T00:15:01.208332,2026-06-12T00:15:01.208332
4284,228,2,3,63.38,5,180.63,cancelled,2026-03-20T03:47:01.208332,2026-03-20T03:47:01.208332
4285,210,34,2,167.45,15,284.66,shipped,2026-07-21T10:00:01.208332,2026-07-21T10:00:01.208332
4286,39,19,1,106.58,0,106.58,completed,2026-03-05T07:59:01.208332,2026-03-05T07:59:01.208332
4287,271,33,2,128.65,15,218.71,shipped,2026-07-11T21:38:01.208332,2026-07-11T21:38:01.208332
4288,176,30,4,15.86,0,63.44,processing,2026-06-30T09:08:01.208332,2026-06-30T09:08:01.208332
4289,374,50,5,24.94,0,124.7,processing,2026-05-18T13:23:01.208332,2026-05-18T13:23:01.208332
4290,180,82,2,131.43,0,262.86,completed,2026-08-21T14:54:01.208332,2026-08-21T14:54:01.208332
4291,486,66,2,189.77,0,379.54,completed,2026-03-18T21:14:01.208332,2026-03-18T21:14:01.208332
4292,344,72,2,194.06,10,349.31,completed,2026-04-23T15:15:01.208332,2026-04-23T15:15:01.208332
4293,186,97,3,143.24,0,429.72,cancelled,2026-03-01T07:42:01.208332,2026-03-01T07:42:01.208332
4294,484,55,3,62.66,0,187.98,completed,2026-06-22T10:35:01.208332,2026-06-22T10:35:01.208332
4295,147,84,4,114.05,0,456.2,completed,2026-07-08T06:27:01.208332,2026-07-08T06:27:01.208332
4296,446,26,1,123.56,0,123.56,completed,2026-03-21T01:47:01.208332,2026-03-21T01:47:01.208332
4297,79,92,4,16.89,0,67.56,processing,2026-07-13T17:27:01.208332,2026-07-13T17:27:01.208332
4298,315,98,4,165.02,15,561.07,processing,2026-08-13T17:39:01.208332,2026-08-13T17:39:01.208332
4299,376,11,4,184.85,5,702.43,shipped,2026-08-06T15:38:01.208332,2026-08-06T15:38:01.208332
4300,392,27,2,78.11,15,132.79,cancelled,2026-04-18T00:33:01.208332,2026-04-18T00:33:01.208332
4301,329,87,2,203.97,5,387.54,completed,2026-03-26T11:53:01.208332,2026-03-26T11:53:01.208332
4302,99,72,5,194.06,5,921.78,completed,2026-06-28T07:32:01.208332,2026-06-28T07:32:01.208332
4303,420,10,4,36.02,0,144.08,completed,2026-07-03T14:49:01.208332,2026-07-03T14:49:01.208332
4304,336,70,1,40.29,20,32.23,completed,2026-07-27T18:04:01.208332,2026-07-27T18:04:01.208332
4305,311,50,2,24.94,20,39.9,completed,2026-03-03T04:34:01.208332,2026-03-03T04:34:01.208332
4306,169,92,2,16.89,0,33.78,processing,2026-05-04T23:30:01.208332,2026-05-04T23:30:01.208332
4307,406,30,3,15.86,15,40.44,processing,2026-06-02T20:54:01.208332,2026-06-02T20:54:01.208332
4308,425,19,3,106.58,10,287.77,completed,2026-08-05T07:24:01.208332,2026-08-05T07:24:01.208332
4309,170,30,3,15.86,0,47.58,cancelled,2026-03-02T02:37:01.208332,2026-03-02T02:37:01.208332
4310,404,82,1,131.43,10,118.29,cancelled,2026-03-08T04:22:01.208332,2026-03-08T04:22:01.208332
4311,447,51,4,227.16,5,863.21,completed,2026-05-26T13:25:01.208332,2026-05-26T13:25:01.208332
4312,264,9,4,149.34,0,597.36,completed,2026-03-26T22:56:01.208332,2026-03-26T22:56:01.208332
4313,131,33,3,128.65,0,385.95,shipped,2026-04-12T06:34:01.208332,2026-04-12T06:34:01.208332
4314,28,69,2,211.41,20,338.26,completed,2026-06-01T00:10:01.208332,2026-06-01T00:10:01.208332
4315,353,9,4,149.34,10,537.62,completed,2026-06-16T09:10:01.208332,2026-06-16T09:10:01.208332
4316,231,91,5,146.76,0,733.8,cancelled,2026-02-26T10:23:01.208332,2026-02-26T10:23:01.208332
4317,352,84,3,114.05,0,342.15,processing,2026-06-20T18:30:01.208332,2026-06-20T18:30:01.208332
4318,64,19,5,106.58,5,506.25,processing,2026-08-17T10:10:01.208332,2026-08-17T10:10:01.208332
4319,263,85,3,179.75,20,431.4,cancelled,2026-06-01T16:42:01.208332,2026-06-01T16:42:01.208332
4320,198,80,5,203.33,10,914.99,processing,2026-05-12T01:46:01.208332,2026-05-12T01:46:01.208332
4321,271,66,2,189.77,20,303.63,processing,2026-06-29T07:38:01.208332,2026-06-29T07:38:01.208332
4322,32,40,3,157.04,5,447.56,cancelled,2026-06-08T23:04:01.208332,2026-06-08T23:04:01.208332
4323,69,62,1,88.56,0,88.56,shipped,2026-07-26T11:16:01.208332,2026-07-26T11:16:01.208332
4324,349,18,3,131.71,5,375.37,completed,2026-04-06T22:23:01.208332,2026-04-06T22:23:01.208332
4325,415,12,5,155.49,10,699.71,shipped,2026-07-09T17:06:01.208332,2026-07-09T17:06:01.208332
4326,364,33,2,128.65,0,257.3,completed,2026-03-19T15:57:01.208332,2026-03-19T15:57:01.208332
4327,426,72,2,194.06,10,349.31,completed,2026-05-16T10:23:01.208332,2026-05-16T10:23:01.208332
4328,267,31,2,156.71,10,282.08,completed,2026-07-17T20:11:01.208332,2026-07-17T20:11:01.208332
4329,78,15,5,134.78,5,640.2,shipped,2026-03-01T01:48:01.208332,2026-03-01T01:48:01.208332
4330,472,21,5,172.56,0,862.8,completed,2026-08-21T14:55:01.208332,2026-08-21T14:55:01.208332
4331,265,66,1,189.77,15,161.3,processing,2026-06-08T20:00:01.208332,2026-06-08T20:00:01.208332
4332,474,28,2,206.42,0,412.84,completed,2026-03-17T15:34:01.208332,2026-03-17T15:34:01.208332
4333,418,15,1,134.78,0,134.78,completed,2026-04-06T11:20:01.208332,2026-04-06T11:20:01.208332
4334,456,1,1,101.81,0,101.81,processing,2026-06-29T12:17:01.208332,2026-06-29T12:17:01.208332
4335,198,60,4,164.26,5,624.19,completed,2026-03-16T11:07:01.208332,2026-03-16T11:07:01.208332
4336,466,4,5,15.68,20,62.72,processing,2026-06-18T12:54:01.208332,2026-06-18T12:54:01.208332
4337,344,72,4,194.06,15,659.8,completed,2026-05-04T21:50:01.208332,2026-05-04T21:50:01.208332
4338,6,71,1,237.46,20,189.97,completed,2026-04-18T09:18:01.208332,2026-04-18T09:18:01.208332
4339,191,50,1,24.94,0,24.94,cancelled,2026-03-06T19:59:01.208332,2026-03-06T19:59:01.208332
4340,121,71,3,237.46,0,712.38,completed,2026-06-21T21:43:01.208332,2026-06-21T21:43:01.208332
4341,329,11,5,184.85,10,831.83,completed,2026-07-11T01:31:01.208332,2026-07-11T01:31:01.208332
4342,403,62,3,88.56,5,252.4,processing,2026-07-16T03:30:01.208332,2026-07-16T03:30:01.208332
4343,329,18,2,131.71,0,263.42,shipped,2026-04-20T21:51:01.208332,2026-04-20T21:51:01.208332
4344,444,76,3,172.56,20,414.14,completed,2026-06-26T17:05:01.208332,2026-06-26T17:05:01.208332
4345,18,1,2,101.81,15,173.08,completed,2026-07-14T08:04:01.208332,2026-07-14T08:04:01.208332
4346,235,97,4,143.24,0,572.96,completed,2026-02-24T05:41:01.208332,2026-02-24T05:41:01.208332
4347,419,36,3,202.99,15,517.62,shipped,2026-06-10T16:48:01.208332,2026-06-10T16:48:01.208332
4348,225,10,3,36.02,0,108.06,cancelled,2026-08-06T23:22:01.208332,2026-08-06T23:22:01.208332
4349,24,56,4,16.97,15,57.7,shipped,2026-05-05T14:00:01.208332,2026-05-05T14:00:01.208332
4350,138,12,1,155.49,0,155.49,cancelled,2026-08-07T08:18:01.208332,2026-08-07T08:18:01.208332
4351,202,48,3,179.54,20,430.9,cancelled,2026-03-11T08:28:01.208332,2026-03-11T08:28:01.208332
4352,47,91,2,146.76,0,293.52,shipped,2026-02-23T21:17:01.208332,2026-02-23T21:17:01.208332
4353,278,42,1,118.02,5,112.12,processing,2026-06-15T09:29:01.208332,2026-06-15T09:29:01.208332
4354,138,99,5,200.3,5,951.42,processing,2026-03-03T05:40:01.208332,2026-03-03T05:40:01.208332
4355,315,2,3,63.38,20,152.11,completed,2026-06-05T20:27:01.208332,2026-06-05T20:27:01.208332
4356,221,54,5,139.17,0,695.85,processing,2026-04-18T03:45:01.208332,2026-04-18T03:45:01.208332
4357,73,49,5,107.82,15,458.23,processing,2026-06-06T21:40:01.208332,2026-06-06T21:40:01.208332
4358,319,52,2,101.29,5,192.45,shipped,2026-06-14T02:05:01.208332,2026-06-14T02:05:01.208332
4359,402,2,5,63.38,0,316.9,shipped,2026-06-01T21:22:01.208332,2026-06-01T21:22:01.208332
4360,286,72,5,194.06,15,824.75,completed,2026-06-06T14:10:01.208332,2026-06-06T14:10:01.208332
4361,242,68,4,191.02,20,611.26,completed,2026-06-15T10:34:01.208332,2026-06-15T10:34:01.208332
4362,187,4,3,15.68,20,37.63,shipped,2026-06-11T06:03:01.208332,2026-06-11T06:03:01.208332
4363,93,47,4,46.2,20,147.84,processing,2026-03-09T17:07:01.208332,2026-03-09T17:07:01.208332
4364,233,49,1,107.82,15,91.65,completed,2026-06-11T20:39:01.208332,2026-06-11T20:39:01.208332
4365,65,3,1,83.25,0,83.25,cancelled,2026-05-13T04:06:01.208332,2026-05-13T04:06:01.208332
4366,392,46,4,224.33,20,717.86,cancelled,2026-08-17T23:29:01.208332,2026-08-17T23:29:01.208332
4367,268,74,5,241.53,20,966.12,completed,2026-08-01T11:10:01.208332,2026-08-01T11:10:01.208332
4368,195,2,3,63.38,0,190.14,completed,2026-06-04T07:45:01.208332,2026-06-04T07:45:01.208332
4369,390,74,3,241.53,0,724.59,completed,2026-08-13T20:32:01.208332,2026-08-13T20:32:01.208332
4370,402,60,3,164.26,0,492.78,completed,2026-05-27T12:45:01.208332,2026-05-27T12:45:01.208332
4371,498,16,4,113.51,5,431.34,completed,2026-05-17T18:40:01.208332,2026-05-17T18:40:01.208332
4372,362,12,2,155.49,5,295.43,shipped,2026-04-18T15:05:01.208332,2026-04-18T15:05:01.208332
4373,309,24,1,60.44,0,60.44,cancelled,2026-06-02T05:34:01.208332,2026-06-02T05:34:01.208332
4374,409,83,5,213.9,0,1069.5,completed,2026-04-15T15:09:01.208332,2026-04-15T15:09:01.208332
4375,312,92,5,16.89,5,80.23,completed,2026-08-13T17:08:01.208332,2026-08-13T17:08:01.208332
4376,224,35,2,196.82,0,393.64,processing,2026-03-21T06:01:01.208332,2026-03-21T06:01:01.208332
4377,483,62,3,88.56,10,239.11,completed,2026-06-10T13:46:01.208332,2026-06-10T13:46:01.208332
4378,231,7,3,89.48,15,228.17,completed,2026-07-06T17:57:01.208332,2026-07-06T17:57:01.208332
4379,137,17,1,85.34,20,68.27,completed,2026-06-04T08:52:01.208332,2026-06-04T08:52:01.208332
4380,349,38,3,42.0,5,119.7,completed,2026-07-25T07:43:01.208332,2026-07-25T07:43:01.208332
4381,164,56,5,16.97,0,84.85,processing,2026-02-24T02:58:01.208332,2026-02-24T02:58:01.208332
4382,73,17,3,85.34,5,243.22,completed,2026-07-24T18:53:01.208332,2026-07-24T18:53:01.208332
4383,364,74,1,241.53,15,205.3,completed,2026-03-04T15:51:01.208332,2026-03-04T15:51:01.208332
4384,324,52,2,101.29,15,172.19,completed,2026-08-06T03:52:01.208332,2026-08-06T03:52:01.208332
4385,210,36,1,202.99,5,192.84,completed,2026-03-26T20:26:01.208332,2026-03-26T20:26:01.208332
4386,424,18,3,131.71,20,316.1,shipped,2026-07-30T23:29:01.208332,2026-07-30T23:29:01.208332
4387,91,65,2,210.38,10,378.68,completed,2026-06-14T19:58:01.208332,2026-06-14T19:58:01.208332
4388,455,93,3,127.01,0,381.03,completed,2026-03-06T05:34:01.208332,2026-03-06T05:34:01.208332
4389,249,67,5,63.81,0,319.05,cancelled,2026-03-24T21:25:01.208332,2026-03-24T21:25:01.208332
4390,135,92,4,16.89,0,67.56,completed,2026-03-11T23:58:01.208332,2026-03-11T23:58:01.208332
4391,215,10,4,36.02,10,129.67,completed,2026-08-10T20:14:01.208332,2026-08-10T20:14:01.208332
4392,4,62,1,88.56,0,88.56,completed,2026-07-16T17:46:01.208332,2026-07-16T17:46:01.208332
4393,483,72,1,194.06,0,194.06,processing,2026-03-16T17:54:01.208332,2026-03-16T17:54:01.208332
4394,191,1,5,101.81,0,509.05,shipped,2026-07-27T05:09:01.208332,2026-07-27T05:09:01.208332
4395,454,14,1,20.65,0,20.65,shipped,2026-03-29T10:42:01.208332,2026-03-29T10:42:01.208332
4396,42,96,1,67.93,15,57.74,completed,2026-04-30T15:08:01.208332,2026-04-30T15:08:01.208332
4397,485,57,1,183.8,20,147.04,completed,2026-06-07T06:36:01.208332,2026-06-07T06:36:01.208332
4398,103,6,1,94.28,5,89.57,shipped,2026-03-08T12:02:01.208332,2026-03-08T12:02:01.208332
4399,304,41,1,117.02,0,117.02,shipped,2026-08-16T19:28:01.208332,2026-08-16T19:28:01.208332
4400,132,90,1,221.59,10,199.43,completed,2026-06-08T02:13:01.208332,2026-06-08T02:13:01.208332
4401,288,92,3,16.89,15,43.07,completed,2026-04-17T22:39:01.208332,2026-04-17T22:39:01.208332
4402,416,83,2,213.9,20,342.24,processing,2026-06-06T21:45:01.208332,2026-06-06T21:45:01.208332
4403,240,53,5,81.67,10,367.52,completed,2026-06-07T22:12:01.208332,2026-06-07T22:12:01.208332
4404,443,53,3,81.67,0,245.01,completed,2026-06-11T22:44:01.208332,2026-06-11T22:44:01.208332
4405,143,61,1,53.61,5,50.93,cancelled,2026-07-25T20:21:01.208332,2026-07-25T20:21:01.208332
4406,46,80,5,203.33,0,1016.65,shipped,2026-08-20T12:42:01.208332,2026-08-20T12:42:01.208332
4407,104,40,5,157.04,0,785.2,cancelled,2026-04-03T09:55:01.208332,2026-04-03T09:55:01.208332
4408,397,10,1,36.02,0,36.02,completed,2026-04-25T02:09:01.208332,2026-04-25T02:09:01.208332
4409,79,46,5,224.33,15,953.4,shipped,2026-06-14T18:52:01.208332,2026-06-14T18:52:01.208332
4410,114,88,2,114.54,0,229.08,completed,2026-05-19T20:16:01.208332,2026-05-19T20:16:01.208332
4411,110,94,3,91.68,5,261.29,processing,2026-04-11T04:59:01.208332,2026-04-11T04:59:01.208332
4412,392,31,3,156.71,20,376.1,completed,2026-08-09T18:54:01.208332,2026-08-09T18:54:01.208332
4413,216,68,1,191.02,5,181.47,completed,2026-07-30T12:41:01.208332,2026-07-30T12:41:01.208332
4414,280,56,1,16.97,15,14.42,shipped,2026-05-12T17:51:01.208332,2026-05-12T17:51:01.208332
4415,100,76,5,172.56,0,862.8,completed,2026-07-04T06:15:01.208332,2026-07-04T06:15:01.208332
4416,457,39,5,247.09,10,1111.9,processing,2026-03-31T03:20:01.208332,2026-03-31T03:20:01.208332
4417,156,23,3,210.09,20,504.22,shipped,2026-04-06T01:51:01.208332,2026-04-06T01:51:01.208332
4418,472,81,3,137.86,5,392.9,completed,2026-08-09T04:04:01.208332,2026-08-09T04:04:01.208332
4419,277,7,3,89.48,0,268.44,shipped,2026-03-05T06:14:01.208332,2026-03-05T06:14:01.208332
4420,418,57,3,183.8,15,468.69,shipped,2026-03-04T17:20:01.208332,2026-03-04T17:20:01.208332
4421,185,58,5,245.37,0,1226.85,completed,2026-04-28T18:11:01.208332,2026-04-28T18:11:01.208332
4422,187,51,2,227.16,0,454.32,completed,2026-06-06T09:00:01.208332,2026-06-06T09:00:01.208332
4423,374,2,5,63.38,0,316.9,completed,2026-06-02T01:20:01.208332,2026-06-02T01:20:01.208332
4424,462,99,3,200.3,0,600.9,shipped,2026-03-03T08:04:01.208332,2026-03-03T08:04:01.208332
4425,323,90,3,221.59,15,565.05,cancelled,2026-02-28T14:45:01.208332,2026-02-28T14:45:01.208332
4426,308,14,2,20.65,0,41.3,completed,2026-08-15T17:31:01.208332,2026-08-15T17:31:01.208332
4427,52,60,5,164.26,5,780.23,processing,2026-03-12T20:21:01.208332,2026-03-12T20:21:01.208332
4428,352,3,2,83.25,0,166.5,completed,2026-07-20T05:23:01.208332,2026-07-20T05:23:01.208332
4429,361,57,4,183.8,0,735.2,cancelled,2026-06-28T14:46:01.208332,2026-06-28T14:46:01.208332
4430,91,22,1,146.59,5,139.26,processing,2026-07-04T03:21:01.208332,2026-07-04T03:21:01.208332
4431,190,30,3,15.86,20,38.06,completed,2026-08-10T01:32:01.208332,2026-08-10T01:32:01.208332
4432,358,11,2,184.85,0,369.7,completed,2026-08-05T03:48:01.208332,2026-08-05T03:48:01.208332
4433,342,18,2,131.71,5,250.25,completed,2026-08-06T15:24:01.208332,2026-08-06T15:24:01.208332
4434,402,73,3,155.74,20,373.78,completed,2026-08-17T17:19:01.208332,2026-08-17T17:19:01.208332
4435,6,21,4,172.56,20,552.19,cancelled,2026-07-21T12:02:01.208332,2026-07-21T12:02:01.208332
4436,471,7,1,89.48,0,89.48,completed,2026-03-15T19:18:01.208332,2026-03-15T19:18:01.208332
4437,110,93,2,127.01,0,254.02,cancelled,2026-08-18T13:33:01.208332,2026-08-18T13:33:01.208332
4438,352,88,5,114.54,0,572.7,cancelled,2026-05-14T17:25:01.208332,2026-05-14T17:25:01.208332
4439,456,80,3,203.33,0,609.99,completed,2026-05-14T08:17:01.208332,2026-05-14T08:17:01.208332
4440,23,64,1,190.48,20,152.38,cancelled,2026-05-15T05:36:01.208332,2026-05-15T05:36:01.208332
4441,98,17,4,85.34,10,307.22,completed,2026-06-03T20:36:01.208332,2026-06-03T20:36:01.208332
4442,477,46,5,224.33,15,953.4,cancelled,2026-05-01T06:07:01.208332,2026-05-01T06:07:01.208332
4443,15,30,1,15.86,0,15.86,shipped,2026-02-25T08:50:01.208332,2026-02-25T08:50:01.208332
4444,148,87,5,203.97,0,1019.85,completed,2026-08-19T03:38:01.208332,2026-08-19T03:38:01.208332
4445,396,93,1,127.01,0,127.01,processing,2026-06-29T05:09:01.208332,2026-06-29T05:09:01.208332
4446,61,1,3,101.81,0,305.43,completed,2026-03-18T13:06:01.208332,2026-03-18T13:06:01.208332
4447,450,28,4,206.42,0,825.68,processing,2026-05-26T19:13:01.208332,2026-05-26T19:13:01.208332
4448,358,98,3,165.02,0,495.06,processing,2026-03-08T16:58:01.208332,2026-03-08T16:58:01.208332
4449,154,81,5,137.86,0,689.3,completed,2026-08-16T12:37:01.208332,2026-08-16T12:37:01.208332
4450,335,44,5,75.9,10,341.55,completed,2026-08-04T23:10:01.208332,2026-08-04T23:10:01.208332
4451,492,70,3,40.29,0,120.87,completed,2026-07-11T22:42:01.208332,2026-07-11T22:42:01.208332
4452,466,48,5,179.54,0,897.7,completed,2026-03-22T06:28:01.208332,2026-03-22T06:28:01.208332
4453,186,50,1,24.94,0,24.94,shipped,2026-03-06T09:33:01.208332,2026-03-06T09:33:01.208332
4454,494,63,5,91.0,10,409.5,cancelled,2026-02-25T23:22:01.208332,2026-02-25T23:22:01.208332
4455,10,51,5,227.16,5,1079.01,processing,2026-08-14T05:58:01.208332,2026-08-14T05:58:01.208332
4456,31,10,5,36.02,5,171.1,shipped,2026-07-04T03:33:01.208332,2026-07-04T03:33:01.208332
4457,245,34,1,167.45,20,133.96,completed,2026-06-30T04:50:01.208332,2026-06-30T04:50:01.208332
4458,246,65,3,210.38,15,536.47,completed,2026-06-27T10:17:01.208332,2026-06-27T10:17:01.208332
4459,367,28,2,206.42,10,371.56,completed,2026-07-28T00:33:01.208332,2026-07-28T00:33:01.208332
4460,158,75,3,16.16,20,38.78,completed,2026-04-05T13:31:01.208332,2026-04-05T13:31:01.208332
4461,2,51,4,227.16,5,863.21,completed,2026-05-03T05:24:01.208332,2026-05-03T05:24:01.208332
4462,172,42,1,118.02,0,118.02,cancelled,2026-03-24T20:23:01.208332,2026-03-24T20:23:01.208332
4463,179,2,1,63.38,5,60.21,shipped,2026-04-03T06:51:01.208332,2026-04-03T06:51:01.208332
4464,161,33,2,128.65,5,244.44,completed,2026-03-29T00:43:01.208332,2026-03-29T00:43:01.208332
4465,55,59,5,152.05,0,760.25,processing,2026-03-29T01:16:01.208332,2026-03-29T01:16:01.208332
4466,32,81,2,137.86,15,234.36,processing,2026-08-14T23:58:01.208332,2026-08-14T23:58:01.208332
4467,360,100,2,63.18,0,126.36,completed,2026-07-17T06:46:01.208332,2026-07-17T06:46:01.208332
4468,158,43,1,193.8,0,193.8,cancelled,2026-02-26T08:55:01.208332,2026-02-26T08:55:01.208332
4469,404,5,5,88.78,0,443.9,shipped,2026-06-20T16:20:01.208332,2026-06-20T16:20:01.208332
4470,430,87,1,203.97,0,203.97,completed,2026-04-09T01:39:01.208332,2026-04-09T01:39:01.208332
4471,327,98,5,165.02,10,742.59,shipped,2026-08-08T21:36:01.208332,2026-08-08T21:36:01.208332
4472,262,33,2,128.65,0,257.3,completed,2026-03-23T04:08:01.208332,2026-03-23T04:08:01.208332
4473,46,50,4,24.94,5,94.77,completed,2026-04-04T15:19:01.208332,2026-04-04T15:19:01.208332
4474,316,1,3,101.81,15,259.62,shipped,2026-04-25T11:52:01.208332,2026-04-25T11:52:01.208332
4475,172,97,5,143.24,10,644.58,processing,2026-07-17T09:43:01.208332,2026-07-17T09:43:01.208332
4476,231,42,5,118.02,20,472.08,completed,2026-03-29T11:18:01.208332,2026-03-29T11:18:01.208332
4477,88,76,5,172.56,20,690.24,completed,2026-05-11T16:39:01.208332,2026-05-11T16:39:01.208332
4478,86,51,1,227.16,0,227.16,completed,2026-08-16T03:11:01.208332,2026-08-16T03:11:01.208332
4479,215,86,2,186.11,20,297.78,cancelled,2026-02-25T03:22:01.208332,2026-02-25T03:22:01.208332
4480,73,59,3,152.05,0,456.15,completed,2026-05-29T09:10:01.208332,2026-05-29T09:10:01.208332
4481,40,33,4,128.65,5,488.87,completed,2026-08-04T14:31:01.208332,2026-08-04T14:31:01.208332
4482,356,77,2,235.95,0,471.9,shipped,2026-08-07T18:33:01.208332,2026-08-07T18:33:01.208332
4483,59,12,3,155.49,20,373.18,completed,2026-03-25T02:36:01.208332,2026-03-25T02:36:01.208332
4484,366,97,5,143.24,0,716.2,completed,2026-03-28T12:52:01.208332,2026-03-28T12:52:01.208332
4485,221,90,2,221.59,0,443.18,processing,2026-06-21T09:18:01.208332,2026-06-21T09:18:01.208332
4486,372,85,2,179.75,0,359.5,processing,2026-04-28T18:46:01.208332,2026-04-28T18:46:01.208332
4487,403,16,5,113.51,10,510.8,shipped,2026-08-08T05:36:01.208332,2026-08-08T05:36:01.208332
4488,371,1,3,101.81,10,274.89,shipped,2026-03-12T19:04:01.208332,2026-03-12T19:04:01.208332
4489,55,99,1,200.3,10,180.27,completed,2026-05-14T01:35:01.208332,2026-05-14T01:35:01.208332
4490,275,48,3,179.54,10,484.76,completed,2026-06-03T19:58:01.208332,2026-06-03T19:58:01.208332
4491,374,76,3,172.56,10,465.91,shipped,2026-07-10T01:31:01.208332,2026-07-10T01:31:01.208332
4492,354,61,2,53.61,15,91.14,completed,2026-06-29T08:13:01.208332,2026-06-29T08:13:01.208332
4493,196,72,5,194.06,0,970.3,completed,2026-07-02T15:17:01.208332,2026-07-02T15:17:01.208332
4494,385,99,3,200.3,0,600.9,processing,2026-05-21T18:03:01.208332,2026-05-21T18:03:01.208332
4495,392,90,5,221.59,20,886.36,completed,2026-04-03T21:51:01.208332,2026-04-03T21:51:01.208332
4496,281,49,5,107.82,0,539.1,processing,2026-05-27T04:07:01.208332,2026-05-27T04:07:01.208332
4497,246,23,5,210.09,0,1050.45,completed,2026-04-24T23:34:01.208332,2026-04-24T23:34:01.208332
4498,444,7,1,89.48,10,80.53,completed,2026-03-20T17:44:01.208332,2026-03-20T17:44:01.208332
4499,370,97,4,143.24,0,572.96,completed,2026-02-23T19:41:01.208332,2026-02-23T19:41:01.208332
4500,91,71,2,237.46,10,427.43,processing,2026-04-18T05:15:01.208332,2026-04-18T05:15:01.208332
4501,66,81,2,137.86,0,275.72,completed,2026-06-24T04:48:01.208332,2026-06-24T04:48:01.208332
4502,31,33,1,128.65,0,128.65,shipped,2026-04-15T08:13:01.208332,2026-04-15T08:13:01.208332
4503,143,84,2,114.05,15,193.88,cancelled,2026-03-19T13:40:01.208332,2026-03-19T13:40:01.208332
4504,441,68,1,191.02,0,191.02,completed,2026-05-11T07:45:01.208332,2026-05-11T07:45:01.208332
4505,296,78,2,152.1,15,258.57,cancelled,2026-02-25T10:57:01.208332,2026-02-25T10:57:01.208332
4506,65,95,1,12.44,0,12.44,cancelled,2026-03-02T04:09:01.208332,2026-03-02T04:09:01.208332
4507,107,7,3,89.48,15,228.17,completed,2026-06-30T06:42:01.208332,2026-06-30T06:42:01.208332
4508,113,17,2,85.34,15,145.08,shipped,2026-05-14T11:58:01.208332,2026-05-14T11:58:01.208332
4509,184,17,1,85.34,0,85.34,cancelled,2026-05-02T11:43:01.208332,2026-05-02T11:43:01.208332
4510,100,6,2,94.28,10,169.7,shipped,2026-03-12T15:02:01.208332,2026-03-12T15:02:01.208332
4511,172,7,4,89.48,0,357.92,completed,2026-05-06T15:57:01.208332,2026-05-06T15:57:01.208332
4512,2,88,1,114.54,0,114.54,processing,2026-07-03T19:19:01.208332,2026-07-03T19:19:01.208332
4513,119,57,4,183.8,5,698.44,shipped,2026-04-29T09:08:01.208332,2026-04-29T09:08:01.208332
4514,463,75,1,16.16,10,14.54,completed,2026-06-01T09:43:01.208332,2026-06-01T09:43:01.208332
4515,68,99,1,200.3,15,170.25,cancelled,2026-02-27T18:29:01.208332,2026-02-27T18:29:01.208332
4516,83,77,1,235.95,5,224.15,cancelled,2026-06-27T20:50:01.208332,2026-06-27T20:50:01.208332
4517,381,10,4,36.02,0,144.08,processing,2026-05-03T10:23:01.208332,2026-05-03T10:23:01.208332
4518,21,21,5,172.56,15,733.38,processing,2026-08-16T14:15:01.208332,2026-08-16T14:15:01.208332
4519,112,16,1,113.51,0,113.51,cancelled,2026-04-09T17:38:01.208332,2026-04-09T17:38:01.208332
4520,278,36,1,202.99,10,182.69,shipped,2026-05-05T01:37:01.208332,2026-05-05T01:37:01.208332
4521,84,20,5,40.55,0,202.75,completed,2026-07-19T11:59:01.208332,2026-07-19T11:59:01.208332
4522,481,16,4,113.51,5,431.34,processing,2026-02-26T03:29:01.208332,2026-02-26T03:29:01.208332
4523,29,47,4,46.2,10,166.32,completed,2026-08-03T16:06:01.208332,2026-08-03T16:06:01.208332
4524,497,54,4,139.17,5,528.85,completed,2026-08-16T06:39:01.208332,2026-08-16T06:39:01.208332
4525,197,30,4,15.86,0,63.44,processing,2026-03-10T21:51:01.208332,2026-03-10T21:51:01.208332
4526,263,51,3,227.16,0,681.48,completed,2026-03-06T14:27:01.208332,2026-03-06T14:27:01.208332
4527,298,37,3,143.78,0,431.34,completed,2026-06-23T00:35:01.208332,2026-06-23T00:35:01.208332
4528,226,56,4,16.97,0,67.88,completed,2026-06-28T06:33:01.208332,2026-06-28T06:33:01.208332
4529,310,99,2,200.3,15,340.51,processing,2026-04-05T12:10:01.208332,2026-04-05T12:10:01.208332
4530,214,45,1,66.28,0,66.28,processing,2026-06-21T10:07:01.208332,2026-06-21T10:07:01.208332
4531,193,22,4,146.59,0,586.36,completed,2026-03-19T04:03:01.208332,2026-03-19T04:03:01.208332
4532,198,18,4,131.71,20,421.47,completed,2026-03-16T23:36:01.208332,2026-03-16T23:36:01.208332
4533,152,19,3,106.58,0,319.74,shipped,2026-07-16T15:42:01.208332,2026-07-16T15:42:01.208332
4534,341,18,3,131.71,15,335.86,cancelled,2026-06-04T14:20:01.208332,2026-06-04T14:20:01.208332
4535,165,35,2,196.82,0,393.64,processing,2026-06-27T05:44:01.208332,2026-06-27T05:44:01.208332
4536,436,66,1,189.77,10,170.79,shipped,2026-07-07T09:25:01.208332,2026-07-07T09:25:01.208332
4537,486,77,5,235.95,0,1179.75,processing,2026-07-08T07:03:01.208332,2026-07-08T07:03:01.208332
4538,477,53,2,81.67,15,138.84,cancelled,2026-04-08T07:23:01.208332,2026-04-08T07:23:01.208332
4539,160,92,1,16.89,15,14.36,processing,2026-06-12T23:14:01.208332,2026-06-12T23:14:01.208332
4540,350,49,3,107.82,0,323.46,processing,2026-04-01T04:36:01.208332,2026-04-01T04:36:01.208332
4541,174,31,2,156.71,15,266.41,completed,2026-08-18T09:32:01.208332,2026-08-18T09:32:01.208332
4542,485,59,2,152.05,0,304.1,completed,2026-06-24T23:16:01.208332,2026-06-24T23:16:01.208332
4543,187,69,2,211.41,0,422.82,completed,2026-04-09T07:04:01.208332,2026-04-09T07:04:01.208332
4544,487,26,1,123.56,20,98.85,completed,2026-06-29T02:56:01.208332,2026-06-29T02:56:01.208332
4545,40,11,3,184.85,20,443.64,processing,2026-06-25T06:55:01.208332,2026-06-25T06:55:01.208332
4546,256,52,1,101.29,0,101.29,cancelled,2026-08-21T00:39:01.208332,2026-08-21T00:39:01.208332
4547,137,48,4,179.54,20,574.53,shipped,2026-07-06T02:01:01.208332,2026-07-06T02:01:01.208332
4548,470,89,5,214.41,15,911.24,shipped,2026-04-13T11:44:01.208332,2026-04-13T11:44:01.208332
4549,170,59,4,152.05,10,547.38,cancelled,2026-07-03T05:36:01.208332,2026-07-03T05:36:01.208332
4550,409,35,3,196.82,0,590.46,completed,2026-04-30T05:22:01.208332,2026-04-30T05:22:01.208332
4551,224,48,5,179.54,5,852.81,completed,2026-07-29T15:43:01.208332,2026-07-29T15:43:01.208332
4552,202,50,5,24.94,20,99.76,shipped,2026-05-26T03:05:01.208332,2026-05-26T03:05:01.208332
4553,493,9,4,149.34,0,597.36,completed,2026-08-07T12:29:01.208332,2026-08-07T12:29:01.208332
4554,65,11,2,184.85,0,369.7,completed,2026-04-16T13:57:01.208332,2026-04-16T13:57:01.208332
4555,12,69,1,211.41,10,190.27,processing,2026-04-25T01:04:01.208332,2026-04-25T01:04:01.208332
4556,470,40,5,157.04,0,785.2,completed,2026-07-21T22:08:01.208332,2026-07-21T22:08:01.208332
4557,95,98,4,165.02,10,594.07,completed,2026-03-21T13:22:01.208332,2026-03-21T13:22:01.208332
4558,403,48,5,179.54,5,852.81,completed,2026-05-06T21:12:01.208332,2026-05-06T21:12:01.208332
4559,433,58,2,245.37,0,490.74,completed,2026-07-28T23:08:01.208332,2026-07-28T23:08:01.208332
4560,7,59,3,152.05,0,456.15,completed,2026-04-08T05:11:01.208332,2026-04-08T05:11:01.208332
4561,398,92,5,16.89,0,84.45,completed,2026-04-12T23:12:01.208332,2026-04-12T23:12:01.208332
4562,198,16,3,113.51,0,340.53,completed,2026-06-25T03:34:01.208332,2026-06-25T03:34:01.208332
4563,334,70,5,40.29,0,201.45,completed,2026-04-09T17:04:01.208332,2026-04-09T17:04:01.208332
4564,482,54,1,139.17,0,139.17,completed,2026-07-15T00:02:01.208332,2026-07-15T00:02:01.208332
4565,454,40,2,157.04,15,266.97,completed,2026-07-20T23:32:01.208332,2026-07-20T23:32:01.208332
4566,232,73,4,155.74,0,622.96,shipped,2026-06-23T08:16:01.208332,2026-06-23T08:16:01.208332
4567,116,14,1,20.65,0,20.65,cancelled,2026-05-31T20:08:01.208332,2026-05-31T20:08:01.208332
4568,352,94,1,91.68,5,87.1,processing,2026-08-13T17:55:01.208332,2026-08-13T17:55:01.208332
4569,421,46,2,224.33,0,448.66,completed,2026-08-12T05:59:01.208332,2026-08-12T05:59:01.208332
4570,41,48,5,179.54,5,852.81,processing,2026-03-12T09:58:01.208332,2026-03-12T09:58:01.208332
4571,144,41,2,117.02,0,234.04,cancelled,2026-04-30T15:14:01.208332,2026-04-30T15:14:01.208332
4572,144,95,2,12.44,5,23.64,processing,2026-08-04T11:15:01.208332,2026-08-04T11:15:01.208332
4573,409,59,3,152.05,0,456.15,cancelled,2026-07-27T06:28:01.208332,2026-07-27T06:28:01.208332
4574,334,87,4,203.97,0,815.88,shipped,2026-03-16T01:34:01.208332,2026-03-16T01:34:01.208332
4575,100,83,2,213.9,20,342.24,cancelled,2026-06-21T13:58:01.208332,2026-06-21T13:58:01.208332
4576,13,89,5,214.41,5,1018.45,completed,2026-07-18T14:54:01.208332,2026-07-18T14:54:01.208332
4577,449,95,2,12.44,0,24.88,shipped,2026-08-07T08:05:01.208332,2026-08-07T08:05:01.208332
4578,237,58,2,245.37,10,441.67,shipped,2026-05-12T20:57:01.208332,2026-05-12T20:57:01.208332
4579,350,42,4,118.02,0,472.08,shipped,2026-03-31T02:14:01.208332,2026-03-31T02:14:01.208332
4580,2,15,3,134.78,0,404.34,completed,2026-06-21T03:29:01.208332,2026-06-21T03:29:01.208332
4581,474,98,3,165.02,20,396.05,shipped,2026-03-23T08:39:01.208332,2026-03-23T08:39:01.208332
4582,478,69,1,211.41,0,211.41,completed,2026-08-11T10:59:01.208332,2026-08-11T10:59:01.208332
4583,167,84,5,114.05,15,484.71,completed,2026-08-21T17:53:01.208332,2026-08-21T17:53:01.208332
4584,19,4,2,15.68,5,29.79,cancelled,2026-07-29T11:45:01.208332,2026-07-29T11:45:01.208332
4585,92,94,2,91.68,0,183.36,completed,2026-04-20T21:13:01.208332,2026-04-20T21:13:01.208332
4586,164,60,2,164.26,0,328.52,completed,2026-05-12T01:03:01.208332,2026-05-12T01:03:01.208332
4587,310,39,2,247.09,10,444.76,completed,2026-06-29T15:04:01.208332,2026-06-29T15:04:01.208332
4588,394,28,4,206.42,10,743.11,cancelled,2026-07-20T08:22:01.208332,2026-07-20T08:22:01.208332
4589,356,12,4,155.49,0,621.96,completed,2026-08-07T23:22:01.208332,2026-08-07T23:22:01.208332
4590,102,16,2,113.51,5,215.67,completed,2026-06-16T21:49:01.208332,2026-06-16T21:49:01.208332
4591,180,91,2,146.76,10,264.17,shipped,2026-07-14T18:51:01.208332,2026-07-14T18:51:01.208332
4592,91,93,1,127.01,10,114.31,completed,2026-06-20T23:52:01.208332,2026-06-20T23:52:01.208332
4593,295,93,4,127.01,20,406.43,completed,2026-04-09T09:43:01.208332,2026-04-09T09:43:01.208332
4594,66,93,3,127.01,10,342.93,cancelled,2026-04-28T17:21:01.208332,2026-04-28T17:21:01.208332
4595,350,28,2,206.42,0,412.84,completed,2026-03-26T08:38:01.208332,2026-03-26T08:38:01.208332
4596,328,89,4,214.41,0,857.64,processing,2026-06-30T21:42:01.208332,2026-06-30T21:42:01.208332
4597,98,67,5,63.81,10,287.15,completed,2026-03-27T07:55:01.208332,2026-03-27T07:55:01.208332
4598,148,47,4,46.2,15,157.08,completed,2026-06-29T20:16:01.208332,2026-06-29T20:16:01.208332
4599,401,46,2,224.33,0,448.66,shipped,2026-04-05T20:33:01.208332,2026-04-05T20:33:01.208332
4600,219,12,5,155.49,0,777.45,completed,2026-08-19T13:04:01.208332,2026-08-19T13:04:01.208332
4601,241,51,1,227.16,0,227.16,shipped,2026-06-03T22:42:01.208332,2026-06-03T22:42:01.208332
4602,24,66,2,189.77,5,360.56,shipped,2026-06-14T02:58:01.208332,2026-06-14T02:58:01.208332
4603,404,16,5,113.51,20,454.04,completed,2026-03-24T10:24:01.208332,2026-03-24T10:24:01.208332
4604,196,5,1,88.78,0,88.78,completed,2026-05-24T01:17:01.208332,2026-05-24T01:17:01.208332
4605,80,51,1,227.16,0,227.16,processing,2026-06-20T23:34:01.208332,2026-06-20T23:34:01.208332
4606,114,72,5,194.06,15,824.75,completed,2026-08-17T17:00:01.208332,2026-08-17T17:00:01.208332
4607,362,12,4,155.49,15,528.67,cancelled,2026-07-18T02:20:01.208332,2026-07-18T02:20:01.208332
4608,223,91,3,146.76,10,396.25,completed,2026-07-30T01:42:01.208332,2026-07-30T01:42:01.208332
4609,400,52,4,101.29,0,405.16,shipped,2026-04-23T15:18:01.208332,2026-04-23T15:18:01.208332
4610,386,34,2,167.45,0,334.9,completed,2026-04-02T19:05:01.208332,2026-04-02T19:05:01.208332
4611,354,20,2,40.55,0,81.1,cancelled,2026-08-10T00:20:01.208332,2026-08-10T00:20:01.208332
4612,261,3,1,83.25,20,66.6,completed,2026-06-14T04:15:01.208332,2026-06-14T04:15:01.208332
4613,130,20,3,40.55,10,109.48,cancelled,2026-06-25T15:11:01.208332,2026-06-25T15:11:01.208332
4614,290,20,2,40.55,0,81.1,completed,2026-07-07T06:21:01.208332,2026-07-07T06:21:01.208332
4615,208,8,4,220.49,0,881.96,processing,2026-07-23T01:36:01.208332,2026-07-23T01:36:01.208332
4616,173,28,3,206.42,15,526.37,shipped,2026-03-04T13:48:01.208332,2026-03-04T13:48:01.208332
4617,125,82,4,131.43,20,420.58,completed,2026-07-19T00:06:01.208332,2026-07-19T00:06:01.208332
4618,35,83,1,213.9,10,192.51,completed,2026-03-05T16:30:01.208332,2026-03-05T16:30:01.208332
4619,204,88,4,114.54,0,458.16,completed,2026-03-14T15:06:01.208332,2026-03-14T15:06:01.208332
4620,4,63,3,91.0,0,273.0,processing,2026-07-29T13:39:01.208332,2026-07-29T13:39:01.208332
4621,487,40,1,157.04,15,133.48,completed,2026-06-05T20:24:01.208332,2026-06-05T20:24:01.208332
4622,77,2,1,63.38,0,63.38,shipped,2026-07-14T15:22:01.208332,2026-07-14T15:22:01.208332
4623,90,52,1,101.29,10,91.16,completed,2026-07-16T10:05:01.208332,2026-07-16T10:05:01.208332
4624,340,52,2,101.29,10,182.32,cancelled,2026-07-24T08:42:01.208332,2026-07-24T08:42:01.208332
4625,243,85,3,179.75,5,512.29,completed,2026-03-07T02:44:01.208332,2026-03-07T02:44:01.208332
4626,375,36,4,202.99,0,811.96,completed,2026-04-30T09:55:01.208332,2026-04-30T09:55:01.208332
4627,129,73,1,155.74,20,124.59,cancelled,2026-03-27T07:48:01.208332,2026-03-27T07:48:01.208332
4628,338,9,3,149.34,0,448.02,cancelled,2026-05-12T12:50:01.208332,2026-05-12T12:50:01.208332
4629,138,10,1,36.02,10,32.42,cancelled,2026-07-13T02:56:01.208332,2026-07-13T02:56:01.208332
4630,176,43,4,193.8,0,775.2,processing,2026-02-26T16:14:01.208332,2026-02-26T16:14:01.208332
4631,478,86,1,186.11,10,167.5,shipped,2026-07-04T20:00:01.208332,2026-07-04T20:00:01.208332
4632,304,28,5,206.42,0,1032.1,processing,2026-05-16T16:12:01.208332,2026-05-16T16:12:01.208332
4633,255,46,2,224.33,0,448.66,completed,2026-05-21T11:06:01.208332,2026-05-21T11:06:01.208332
4634,416,18,1,131.71,0,131.71,shipped,2026-03-26T07:32:01.208332,2026-03-26T07:32:01.208332
4635,500,21,1,172.56,0,172.56,cancelled,2026-06-16T23:12:01.208332,2026-06-16T23:12:01.208332
4636,255,13,2,225.88,15,384.0,completed,2026-06-24T01:04:01.208332,2026-06-24T01:04:01.208332
4637,77,40,1,157.04,0,157.04,completed,2026-06-07T15:36:01.208332,2026-06-07T15:36:01.208332
4638,385,92,4,16.89,10,60.8,shipped,2026-05-08T01:25:01.208332,2026-05-08T01:25:01.208332
4639,273,73,4,155.74,5,591.81,processing,2026-03-02T05:07:01.208332,2026-03-02T05:07:01.208332
4640,489,67,4,63.81,0,255.24,completed,2026-03-09T02:31:01.208332,2026-03-09T02:31:01.208332
4641,219,63,4,91.0,0,364.0,processing,2026-03-10T03:28:01.208332,2026-03-10T03:28:01.208332
4642,395,24,2,60.44,5,114.84,shipped,2026-06-22T07:08:01.208332,2026-06-22T07:08:01.208332
4643,346,98,1,165.02,5,156.77,completed,2026-08-17T04:55:01.208332,2026-08-17T04:55:01.208332
4644,357,74,5,241.53,10,1086.89,shipped,2026-06-16T18:20:01.208332,2026-06-16T18:20:01.208332
4645,333,70,4,40.29,0,161.16,cancelled,2026-04-07T18:50:01.208332,2026-04-07T18:50:01.208332
4646,480,27,5,78.11,15,331.97,completed,2026-06-29T17:59:01.208332,2026-06-29T17:59:01.208332
4647,104,15,5,134.78,0,673.9,shipped,2026-06-18T06:43:01.208332,2026-06-18T06:43:01.208332
4648,169,40,2,157.04,0,314.08,processing,2026-08-16T05:38:01.208332,2026-08-16T05:38:01.208332
4649,345,93,5,127.01,15,539.79,completed,2026-04-25T13:26:01.208332,2026-04-25T13:26:01.208332
4650,120,16,2,113.51,0,227.02,completed,2026-03-24T11:02:01.208332,2026-03-24T11:02:01.208332
4651,301,9,3,149.34,20,358.42,completed,2026-02-27T21:07:01.208332,2026-02-27T21:07:01.208332
4652,249,49,3,107.82,0,323.46,cancelled,2026-06-06T02:19:01.208332,2026-06-06T02:19:01.208332
4653,234,37,4,143.78,0,575.12,completed,2026-07-03T00:37:01.208332,2026-07-03T00:37:01.208332
4654,1,18,4,131.71,10,474.16,shipped,2026-05-19T02:46:01.208332,2026-05-19T02:46:01.208332
4655,157,40,5,157.04,15,667.42,shipped,2026-07-12T09:50:01.208332,2026-07-12T09:50:01.208332
4656,255,52,3,101.29,10,273.48,processing,2026-05-16T02:56:01.208332,2026-05-16T02:56:01.208332
4657,231,40,1,157.04,5,149.19,completed,2026-07-22T04:28:01.208332,2026-07-22T04:28:01.208332
4658,198,45,4,66.28,15,225.35,completed,2026-03-01T17:55:01.208332,2026-03-01T17:55:01.208332
4659,440,43,1,193.8,0,193.8,completed,2026-05-08T15:17:01.208332,2026-05-08T15:17:01.208332
4660,181,41,2,117.02,5,222.34,completed,2026-03-31T20:35:01.208332,2026-03-31T20:35:01.208332
4661,302,95,4,12.44,0,49.76,shipped,2026-06-06T11:05:01.208332,2026-06-06T11:05:01.208332
4662,316,24,4,60.44,5,229.67,completed,2026-03-09T23:51:01.208332,2026-03-09T23:51:01.208332
4663,452,82,5,131.43,15,558.58,completed,2026-04-29T18:54:01.208332,2026-04-29T18:54:01.208332
4664,292,90,4,221.59,0,886.36,completed,2026-04-23T01:15:01.208332,2026-04-23T01:15:01.208332
4665,26,89,3,214.41,10,578.91,cancelled,2026-05-19T10:08:01.208332,2026-05-19T10:08:01.208332
4666,5,23,3,210.09,0,630.27,completed,2026-03-15T15:29:01.208332,2026-03-15T15:29:01.208332
4667,271,21,4,172.56,5,655.73,completed,2026-06-26T08:57:01.208332,2026-06-26T08:57:01.208332
4668,219,39,2,247.09,0,494.18,completed,2026-07-28T22:36:01.208332,2026-07-28T22:36:01.208332
4669,315,38,5,42.0,10,189.0,processing,2026-07-28T07:48:01.208332,2026-07-28T07:48:01.208332
4670,431,73,3,155.74,10,420.5,completed,2026-05-06T05:28:01.208332,2026-05-06T05:28:01.208332
4671,473,37,4,143.78,15,488.85,completed,2026-05-13T17:16:01.208332,2026-05-13T17:16:01.208332
4672,153,43,3,193.8,20,465.12,completed,2026-08-06T15:26:01.208332,2026-08-06T15:26:01.208332
4673,382,29,3,63.91,15,162.97,completed,2026-04-11T10:57:01.208332,2026-04-11T10:57:01.208332
4674,406,40,5,157.04,0,785.2,processing,2026-05-06T14:25:01.208332,2026-05-06T14:25:01.208332
4675,476,78,5,152.1,0,760.5,processing,2026-07-10T16:11:01.208332,2026-07-10T16:11:01.208332
4676,125,91,3,146.76,0,440.28,shipped,2026-06-08T21:04:01.208332,2026-06-08T21:04:01.208332
4677,146,29,5,63.91,0,319.55,shipped,2026-08-02T06:21:01.208332,2026-08-02T06:21:01.208332
4678,136,3,5,83.25,20,333.0,cancelled,2026-06-26T15:57:01.208332,2026-06-26T15:57:01.208332
4679,359,72,2,194.06,0,388.12,completed,2026-04-05T11:20:01.208332,2026-04-05T11:20:01.208332
4680,304,43,5,193.8,5,920.55,processing,2026-03-18T22:56:01.208332,2026-03-18T22:56:01.208332
4681,371,62,2,88.56,10,159.41,processing,2026-06-25T09:18:01.208332,2026-06-25T09:18:01.208332
4682,329,99,5,200.3,10,901.35,completed,2026-07-29T19:36:01.208332,2026-07-29T19:36:01.208332
4683,52,32,2,109.47,0,218.94,completed,2026-08-18T16:43:01.208332,2026-08-18T16:43:01.208332
4684,458,98,5,165.02,5,783.85,completed,2026-03-19T02:21:01.208332,2026-03-19T02:21:01.208332
4685,354,23,1,210.09,20,168.07,completed,2026-05-21T18:00:01.208332,2026-05-21T18:00:01.208332
4686,246,42,3,118.02,20,283.25,completed,2026-05-29T00:02:01.208332,2026-05-29T00:02:01.208332
4687,99,37,4,143.78,0,575.12,shipped,2026-04-25T21:20:01.208332,2026-04-25T21:20:01.208332
4688,410,75,2,16.16,20,25.86,completed,2026-07-15T04:23:01.208332,2026-07-15T04:23:01.208332
4689,20,32,1,109.47,0,109.47,completed,2026-04-19T12:49:01.208332,2026-04-19T12:49:01.208332
4690,291,56,3,16.97,5,48.36,completed,2026-08-11T16:47:01.208332,2026-08-11T16:47:01.208332
4691,76,93,5,127.01,0,635.05,completed,2026-06-06T17:45:01.208332,2026-06-06T17:45:01.208332
4692,422,4,2,15.68,15,26.66,completed,2026-08-01T19:44:01.208332,2026-08-01T19:44:01.208332
4693,55,18,1,131.71,0,131.71,shipped,2026-07-07T04:33:01.208332,2026-07-07T04:33:01.208332
4694,171,51,3,227.16,10,613.33,processing,2026-07-02T07:12:01.208332,2026-07-02T07:12:01.208332
4695,201,25,3,116.03,10,313.28,cancelled,2026-04-26T00:24:01.208332,2026-04-26T00:24:01.208332
4696,347,61,1,53.61,10,48.25,shipped,2026-08-13T16:56:01.208332,2026-08-13T16:56:01.208332
4697,498,11,5,184.85,10,831.83,completed,2026-04-04T08:34:01.208332,2026-04-04T08:34:01.208332
4698,134,91,3,146.76,10,396.25,completed,2026-04-18T21:51:01.208332,2026-04-18T21:51:01.208332
4699,133,90,3,221.59,5,631.53,completed,2026-05-05T05:04:01.208332,2026-05-05T05:04:01.208332
4700,44,10,2,36.02,10,64.84,completed,2026-06-03T20:32:01.208332,2026-06-03T20:32:01.208332
4701,25,27,3,78.11,0,234.33,shipped,2026-03-30T06:38:01.208332,2026-03-30T06:38:01.208332
4702,81,86,2,186.11,0,372.22,completed,2026-07-29T18:55:01.208332,2026-07-29T18:55:01.208332
4703,100,40,4,157.04,0,628.16,completed,2026-03-28T22:23:01.208332,2026-03-28T22:23:01.208332
4704,209,27,1,78.11,0,78.11,completed,2026-04-19T10:34:01.208332,2026-04-19T10:34:01.208332
4705,340,58,5,245.37,5,1165.51,cancelled,2026-05-26T10:16:01.208332,2026-05-26T10:16:01.208332
4706,355,87,4,203.97,20,652.7,processing,2026-07-23T03:47:01.208332,2026-07-23T03:47:01.208332
4707,426,4,1,15.68,10,14.11,cancelled,2026-07-17T16:21:01.208332,2026-07-17T16:21:01.208332
4708,161,91,2,146.76,10,264.17,completed,2026-07-30T05:19:01.208332,2026-07-30T05:19:01.208332
4709,196,97,5,143.24,0,716.2,cancelled,2026-03-23T10:47:01.208332,2026-03-23T10:47:01.208332
4710,46,83,4,213.9,5,812.82,completed,2026-08-04T11:38:01.208332,2026-08-04T11:38:01.208332
4711,33,60,3,164.26,0,492.78,completed,2026-03-02T10:22:01.208332,2026-03-02T10:22:01.208332
4712,107,41,1,117.02,0,117.02,processing,2026-04-06T04:10:01.208332,2026-04-06T04:10:01.208332
4713,407,47,1,46.2,0,46.2,processing,2026-03-25T02:05:01.208332,2026-03-25T02:05:01.208332
4714,313,36,4,202.99,5,771.36,completed,2026-04-26T04:35:01.208332,2026-04-26T04:35:01.208332
4715,230,97,3,143.24,15,365.26,completed,2026-08-01T08:48:01.208332,2026-08-01T08:48:01.208332
4716,102,26,2,123.56,10,222.41,processing,2026-03-23T12:13:01.208332,2026-03-23T12:13:01.208332
4717,407,30,1,15.86,0,15.86,completed,2026-02-26T13:19:01.208332,2026-02-26T13:19:01.208332
4718,170,52,5,101.29,0,506.45,completed,2026-04-03T20:00:01.208332,2026-04-03T20:00:01.208332
4719,450,2,2,63.38,0,126.76,completed,2026-04-04T13:12:01.208332,2026-04-04T13:12:01.208332
4720,130,53,4,81.67,5,310.35,cancelled,2026-03-07T22:14:01.208332,2026-03-07T22:14:01.208332
4721,355,16,4,113.51,20,363.23,completed,2026-05-17T15:56:01.208332,2026-05-17T15:56:01.208332
4722,478,2,4,63.38,20,202.82,completed,2026-05-12T07:22:01.208332,2026-05-12T07:22:01.208332
4723,398,62,5,88.56,10,398.52,completed,2026-04-27T20:03:01.208332,2026-04-27T20:03:01.208332
4724,128,96,1,67.93,0,67.93,cancelled,2026-04-15T04:56:01.208332,2026-04-15T04:56:01.208332
4725,190,27,1,78.11,0,78.11,completed,2026-08-14T00:06:01.208332,2026-08-14T00:06:01.208332
4726,467,30,5,15.86,10,71.37,completed,2026-07-13T16:43:01.208332,2026-07-13T16:43:01.208332
4727,418,63,2,91.0,0,182.0,completed,2026-02-28T21:15:01.208332,2026-02-28T21:15:01.208332
4728,139,92,2,16.89,0,33.78,processing,2026-03-18T17:28:01.208332,2026-03-18T17:28:01.208332
4729,152,59,1,152.05,20,121.64,cancelled,2026-06-09T11:05:01.208332,2026-06-09T11:05:01.208332
4730,409,99,1,200.3,0,200.3,cancelled,2026-05-17T06:52:01.208332,2026-05-17T06:52:01.208332
4731,84,21,2,172.56,0,345.12,completed,2026-03-05T02:04:01.208332,2026-03-05T02:04:01.208332
4732,30,57,4,183.8,20,588.16,cancelled,2026-04-11T17:42:01.208332,2026-04-11T17:42:01.208332
4733,453,70,4,40.29,15,136.99,completed,2026-07-14T21:35:01.208332,2026-07-14T21:35:01.208332
4734,426,61,4,53.61,0,214.44,completed,2026-07-23T18:08:01.208332,2026-07-23T18:08:01.208332
4735,212,14,5,20.65,20,82.6,processing,2026-07-25T03:11:01.208332,2026-07-25T03:11:01.208332
4736,480,24,3,60.44,0,181.32,completed,2026-05-04T22:12:01.208332,2026-05-04T22:12:01.208332
4737,328,70,2,40.29,10,72.52,shipped,2026-08-01T09:55:01.208332,2026-08-01T09:55:01.208332
4738,79,87,4,203.97,15,693.5,completed,2026-03-22T14:27:01.208332,2026-03-22T14:27:01.208332
4739,259,9,2,149.34,0,298.68,processing,2026-04-22T05:51:01.208332,2026-04-22T05:51:01.208332
4740,21,75,3,16.16,5,46.06,processing,2026-05-06T08:39:01.208332,2026-05-06T08:39:01.208332
4741,145,92,3,16.89,10,45.6,cancelled,2026-07-05T12:39:01.208332,2026-07-05T12:39:01.208332
4742,76,32,4,109.47,0,437.88,completed,2026-06-17T18:38:01.208332,2026-06-17T18:38:01.208332
4743,232,74,1,241.53,20,193.22,completed,2026-03-29T12:21:01.208332,2026-03-29T12:21:01.208332
4744,67,11,1,184.85,0,184.85,processing,2026-03-17T07:16:01.208332,2026-03-17T07:16:01.208332
4745,235,66,1,189.77,0,189.77,completed,2026-06-30T11:07:01.208332,2026-06-30T11:07:01.208332
4746,353,71,4,237.46,20,759.87,cancelled,2026-08-09T18:06:01.208332,2026-08-09T18:06:01.208332
4747,315,7,1,89.48,5,85.01,completed,2026-07-29T06:10:01.208332,2026-07-29T06:10:01.208332
4748,442,63,3,91.0,15,232.05,cancelled,2026-03-02T03:53:01.208332,2026-03-02T03:53:01.208332
4749,478,29,5,63.91,0,319.55,completed,2026-04-28T18:33:01.208332,2026-04-28T18:33:01.208332
4750,301,80,5,203.33,0,1016.65,completed,2026-06-30T00:26:01.208332,2026-06-30T00:26:01.208332
4751,92,77,3,235.95,15,601.67,completed,2026-08-03T20:15:01.208332,2026-08-03T20:15:01.208332
4752,253,14,2,20.65,0,41.3,shipped,2026-03-21T11:13:01.208332,2026-03-21T11:13:01.208332
4753,485,50,3,24.94,0,74.82,processing,2026-04-04T16:55:01.208332,2026-04-04T16:55:01.208332
4754,233,24,2,60.44,0,120.88,completed,2026-04-30T06:21:01.208332,2026-04-30T06:21:01.208332
4755,77,19,1,106.58,5,101.25,shipped,2026-03-27T15:58:01.208332,2026-03-27T15:58:01.208332
4756,348,42,3,118.02,10,318.65,cancelled,2026-08-02T15:04:01.208332,2026-08-02T15:04:01.208332
4757,196,25,2,116.03,15,197.25,completed,2026-07-07T13:44:01.208332,2026-07-07T13:44:01.208332
4758,355,70,2,40.29,0,80.58,completed,2026-08-20T07:17:01.208332,2026-08-20T07:17:01.208332
4759,151,39,4,247.09,20,790.69,completed,2026-02-26T23:17:01.208332,2026-02-26T23:17:01.208332
4760,258,67,4,63.81,10,229.72,processing,2026-06-12T16:24:01.208332,2026-06-12T16:24:01.208332
4761,473,43,1,193.8,0,193.8,completed,2026-05-19T04:20:01.208332,2026-05-19T04:20:01.208332
4762,412,22,1,146.59,20,117.27,processing,2026-05-02T17:13:01.208332,2026-05-02T17:13:01.208332
4763,350,49,5,107.82,15,458.23,completed,2026-04-28T04:44:01.208332,2026-04-28T04:44:01.208332
4764,314,99,3,200.3,0,600.9,cancelled,2026-07-17T01:17:01.208332,2026-07-17T01:17:01.208332
4765,230,64,3,190.48,10,514.3,completed,2026-07-01T09:24:01.208332,2026-07-01T09:24:01.208332
4766,204,55,2,62.66,0,125.32,processing,2026-08-15T02:37:01.208332,2026-08-15T02:37:01.208332
4767,380,41,4,117.02,0,468.08,completed,2026-04-13T09:18:01.208332,2026-04-13T09:18:01.208332
4768,232,64,4,190.48,0,761.92,completed,2026-07-18T06:51:01.208332,2026-07-18T06:51:01.208332
4769,82,46,5,224.33,0,1121.65,shipped,2026-02-26T18:59:01.208332,2026-02-26T18:59:01.208332
4770,42,52,3,101.29,10,273.48,completed,2026-03-10T20:07:01.208332,2026-03-10T20:07:01.208332
4771,415,78,2,152.1,0,304.2,completed,2026-06-22T16:15:01.208332,2026-06-22T16:15:01.208332
4772,294,93,2,127.01,0,254.02,completed,2026-06-11T11:09:01.208332,2026-06-11T11:09:01.208332
4773,60,10,3,36.02,20,86.45,shipped,2026-08-16T11:02:01.208332,2026-08-16T11:02:01.208332
4774,112,6,2,94.28,10,169.7,completed,2026-04-22T10:37:01.208332,2026-04-22T10:37:01.208332
4775,388,86,5,186.11,5,884.02,shipped,2026-04-06T22:34:01.208332,2026-04-06T22:34:01.208332
4776,126,60,2,164.26,15,279.24,completed,2026-05-08T23:35:01.208332,2026-05-08T23:35:01.208332
4777,424,80,3,203.33,15,518.49,completed,2026-07-12T16:05:01.208332,2026-07-12T16:05:01.208332
4778,22,56,4,16.97,0,67.88,cancelled,2026-04-25T14:59:01.208332,2026-04-25T14:59:01.208332
4779,133,80,5,203.33,0,1016.65,cancelled,2026-06-21T06:07:01.208332,2026-06-21T06:07:01.208332
4780,283,44,1,75.9,0,75.9,cancelled,2026-04-01T20:59:01.208332,2026-04-01T20:59:01.208332
4781,55,29,5,63.91,20,255.64,completed,2026-07-28T13:53:01.208332,2026-07-28T13:53:01.208332
4782,23,35,5,196.82,10,885.69,completed,2026-07-28T15:21:01.208332,2026-07-28T15:21:01.208332
4783,361,21,1,172.56,20,138.05,completed,2026-06-20T12:54:01.208332,2026-06-20T12:54:01.208332
4784,91,20,1,40.55,20,32.44,completed,2026-03-27T01:45:01.208332,2026-03-27T01:45:01.208332
4785,191,96,3,67.93,10,183.41,completed,2026-06-24T05:56:01.208332,2026-06-24T05:56:01.208332
4786,365,48,5,179.54,0,897.7,shipped,2026-07-31T22:16:01.208332,2026-07-31T22:16:01.208332
4787,279,54,5,139.17,5,661.06,completed,2026-05-07T16:23:01.208332,2026-05-07T16:23:01.208332
4788,458,2,1,63.38,20,50.7,completed,2026-06-09T16:52:01.208332,2026-06-09T16:52:01.208332
4789,272,42,3,118.02,10,318.65,completed,2026-06-01T09:34:01.208332,2026-06-01T09:34:01.208332
4790,200,40,3,157.04,20,376.9,cancelled,2026-03-19T21:55:01.208332,2026-03-19T21:55:01.208332
4791,1,6,4,94.28,0,377.12,processing,2026-06-07T08:48:01.208332,2026-06-07T08:48:01.208332
4792,469,64,4,190.48,15,647.63,shipped,2026-05-30T01:34:01.208332,2026-05-30T01:34:01.208332
4793,126,41,5,117.02,0,585.1,cancelled,2026-07-14T20:29:01.208332,2026-07-14T20:29:01.208332
4794,492,50,4,24.94,0,99.76,shipped,2026-08-14T18:19:01.208332,2026-08-14T18:19:01.208332
4795,384,40,1,157.04,10,141.34,cancelled,2026-05-13T20:24:01.208332,2026-05-13T20:24:01.208332
4796,67,28,3,206.42,15,526.37,completed,2026-03-28T10:04:01.208332,2026-03-28T10:04:01.208332
4797,313,19,4,106.58,20,341.06,completed,2026-03-21T23:08:01.208332,2026-03-21T23:08:01.208332
4798,39,25,2,116.03,0,232.06,cancelled,2026-04-20T05:43:01.208332,2026-04-20T05:43:01.208332
4799,33,6,3,94.28,0,282.84,completed,2026-06-14T23:04:01.208332,2026-06-14T23:04:01.208332
4800,273,28,1,206.42,0,206.42,shipped,2026-07-06T23:45:01.208332,2026-07-06T23:45:01.208332
4801,481,66,5,189.77,20,759.08,cancelled,2026-07-30T11:56:01.208332,2026-07-30T11:56:01.208332
4802,444,15,1,134.78,5,128.04,processing,2026-07-30T15:33:01.208332,2026-07-30T15:33:01.208332
4803,229,20,4,40.55,10,145.98,processing,2026-06-14T12:55:01.208332,2026-06-14T12:55:01.208332
4804,314,36,5,202.99,15,862.71,completed,2026-05-30T12:11:01.208332,2026-05-30T12:11:01.208332
4805,334,21,5,172.56,15,733.38,completed,2026-03-31T20:31:01.208332,2026-03-31T20:31:01.208332
4806,377,71,1,237.46,0,237.46,shipped,2026-04-04T12:40:01.208332,2026-04-04T12:40:01.208332
4807,217,53,1,81.67,15,69.42,cancelled,2026-06-28T21:06:01.208332,2026-06-28T21:06:01.208332
4808,87,91,1,146.76,0,146.76,completed,2026-02-24T13:53:01.208332,2026-02-24T13:53:01.208332
4809,480,26,2,123.56,10,222.41,completed,2026-04-25T21:15:01.208332,2026-04-25T21:15:01.208332
4810,279,51,2,227.16,20,363.46,completed,2026-03-13T03:22:01.208332,2026-03-13T03:22:01.208332
4811,165,81,1,137.86,0,137.86,completed,2026-07-20T23:37:01.208332,2026-07-20T23:37:01.208332
4812,139,32,5,109.47,0,547.35,cancelled,2026-06-03T16:37:01.208332,2026-06-03T16:37:01.208332
4813,1,46,5,224.33,15,953.4,shipped,2026-03-25T01:27:01.208332,2026-03-25T01:27:01.208332
4814,432,79,2,177.33,15,301.46,processing,2026-07-15T07:02:01.208332,2026-07-15T07:02:01.208332
4815,393,79,1,177.33,0,177.33,shipped,2026-05-16T17:15:01.208332,2026-05-16T17:15:01.208332
4816,274,90,4,221.59,0,886.36,shipped,2026-07-23T08:30:01.208332,2026-07-23T08:30:01.208332
4817,388,56,2,16.97,20,27.15,completed,2026-04-05T22:44:01.208332,2026-04-05T22:44:01.208332
4818,433,72,2,194.06,20,310.5,processing,2026-05-25T21:53:01.208332,2026-05-25T21:53:01.208332
4819,458,50,2,24.94,0,49.88,shipped,2026-07-21T21:13:01.208332,2026-07-21T21:13:01.208332
4820,209,96,1,67.93,10,61.14,cancelled,2026-04-25T19:20:01.208332,2026-04-25T19:20:01.208332
4821,59,81,5,137.86,20,551.44,shipped,2026-07-10T03:21:01.208332,2026-07-10T03:21:01.208332
4822,91,51,4,227.16,0,908.64,shipped,2026-04-09T17:09:01.208332,2026-04-09T17:09:01.208332
4823,283,40,1,157.04,0,157.04,completed,2026-08-19T18:06:01.208332,2026-08-19T18:06:01.208332
4824,98,20,5,40.55,20,162.2,completed,2026-03-24T03:39:01.208332,2026-03-24T03:39:01.208332
4825,461,29,5,63.91,0,319.55,cancelled,2026-03-13T15:33:01.208332,2026-03-13T15:33:01.208332
4826,277,66,2,189.77,0,379.54,completed,2026-08-06T00:31:01.208332,2026-08-06T00:31:01.208332
4827,237,95,5,12.44,15,52.87,completed,2026-07-29T10:53:01.208332,2026-07-29T10:53:01.208332
4828,271,62,3,88.56,15,225.83,cancelled,2026-08-13T08:05:01.208332,2026-08-13T08:05:01.208332
4829,482,90,1,221.59,5,210.51,shipped,2026-08-16T00:38:01.208332,2026-08-16T00:38:01.208332
4830,253,50,1,24.94,15,21.2,shipped,2026-03-03T12:11:01.208332,2026-03-03T12:11:01.208332
4831,387,81,3,137.86,20,330.86,completed,2026-06-09T13:10:01.208332,2026-06-09T13:10:01.208332
4832,4,82,5,131.43,10,591.44,cancelled,2026-03-13T21:14:01.208332,2026-03-13T21:14:01.208332
4833,417,35,2,196.82,20,314.91,processing,2026-03-09T06:18:01.208332,2026-03-09T06:18:01.208332
4834,66,60,5,164.26,5,780.23,shipped,2026-08-16T17:28:01.208332,2026-08-16T17:28:01.208332
4835,60,59,5,152.05,15,646.21,completed,2026-03-15T17:53:01.208332,2026-03-15T17:53:01.208332
4836,497,76,4,172.56,10,621.22,processing,2026-07-28T22:10:01.208332,2026-07-28T22:10:01.208332
4837,330,32,5,109.47,15,465.25,completed,2026-04-19T00:19:01.208332,2026-04-19T00:19:01.208332
4838,339,64,2,190.48,15,323.82,completed,2026-06-26T13:55:01.208332,2026-06-26T13:55:01.208332
4839,367,94,2,91.68,15,155.86,shipped,2026-05-05T17:45:01.208332,2026-05-05T17:45:01.208332
4840,189,90,4,221.59,10,797.72,completed,2026-05-04T14:09:01.208332,2026-05-04T14:09:01.208332
4841,314,46,5,224.33,20,897.32,completed,2026-03-12T17:56:01.208332,2026-03-12T17:56:01.208332
4842,166,58,2,245.37,0,490.74,processing,2026-06-15T20:57:01.208332,2026-06-15T20:57:01.208332
4843,304,73,2,155.74,0,311.48,completed,2026-04-23T23:20:01.208332,2026-04-23T23:20:01.208332
4844,309,35,4,196.82,15,669.19,completed,2026-06-19T11:06:01.208332,2026-06-19T11:06:01.208332
4845,392,57,3,183.8,0,551.4,processing,2026-06-09T01:30:01.208332,2026-06-09T01:30:01.208332
4846,12,57,3,183.8,15,468.69,completed,2026-05-21T02:27:01.208332,2026-05-21T02:27:01.208332
4847,392,80,4,203.33,5,772.65,completed,2026-06-11T01:16:01.208332,2026-06-11T01:16:01.208332
4848,33,98,4,165.02,10,594.07,shipped,2026-06-16T05:39:01.208332,2026-06-16T05:39:01.208332
4849,249,3,5,83.25,0,416.25,processing,2026-06-04T07:32:01.208332,2026-06-04T07:32:01.208332
4850,235,40,4,157.04,0,628.16,completed,2026-06-05T09:19:01.208332,2026-06-05T09:19:01.208332
4851,352,80,5,203.33,0,1016.65,completed,2026-05-08T10:34:01.208332,2026-05-08T10:34:01.208332
4852,39,66,2,189.77,20,303.63,processing,2026-06-14T07:54:01.208332,2026-06-14T07:54:01.208332
4853,434,39,1,247.09,5,234.74,completed,2026-05-18T17:03:01.208332,2026-05-18T17:03:01.208332
4854,148,59,5,152.05,15,646.21,completed,2026-04-27T02:32:01.208332,2026-04-27T02:32:01.208332
4855,205,94,5,91.68,10,412.56,processing,2026-07-20T18:26:01.208332,2026-07-20T18:26:01.208332
4856,55,49,3,107.82,20,258.77,processing,2026-06-09T23:07:01.208332,2026-06-09T23:07:01.208332
4857,15,34,3,167.45,0,502.35,processing,2026-02-25T09:31:01.208332,2026-02-25T09:31:01.208332
4858,86,85,5,179.75,20,719.0,completed,2026-05-06T09:57:01.208332,2026-05-06T09:57:01.208332
4859,168,22,1,146.59,20,117.27,completed,2026-08-04T04:28:01.208332,2026-08-04T04:28:01.208332
4860,84,52,2,101.29,5,192.45,shipped,2026-03-02T17:07:01.208332,2026-03-02T17:07:01.208332
4861,205,38,5,42.0,10,189.0,completed,2026-08-06T18:05:01.208332,2026-08-06T18:05:01.208332
4862,10,70,2,40.29,0,80.58,completed,2026-05-31T22:15:01.208332,2026-05-31T22:15:01.208332
4863,184,67,1,63.81,20,51.05,completed,2026-04-04T21:51:01.208332,2026-04-04T21:51:01.208332
4864,285,70,5,40.29,10,181.31,cancelled,2026-03-30T04:17:01.208332,2026-03-30T04:17:01.208332
4865,412,6,3,94.28,5,268.7,cancelled,2026-04-20T03:27:01.208332,2026-04-20T03:27:01.208332
4866,418,70,5,40.29,0,201.45,processing,2026-06-16T06:10:01.208332,2026-06-16T06:10:01.208332
4867,378,61,3,53.61,20,128.66,cancelled,2026-07-29T04:12:01.208332,2026-07-29T04:12:01.208332
4868,55,71,3,237.46,5,676.76,completed,2026-08-21T18:36:01.208332,2026-08-21T18:36:01.208332
4869,8,20,4,40.55,20,129.76,completed,2026-05-02T01:21:01.208332,2026-05-02T01:21:01.208332
4870,25,1,2,101.81,0,203.62,completed,2026-06-27T07:50:01.208332,2026-06-27T07:50:01.208332
4871,369,50,4,24.94,0,99.76,processing,2026-06-11T09:36:01.208332,2026-06-11T09:36:01.208332
4872,183,83,2,213.9,0,427.8,completed,2026-08-08T11:17:01.208332,2026-08-08T11:17:01.208332
4873,199,38,1,42.0,10,37.8,processing,2026-04-12T02:57:01.208332,2026-04-12T02:57:01.208332
4874,99,57,5,183.8,15,781.15,completed,2026-07-27T08:47:01.208332,2026-07-27T08:47:01.208332
4875,222,58,5,245.37,0,1226.85,shipped,2026-05-26T02:29:01.208332,2026-05-26T02:29:01.208332
4876,468,93,1,127.01,15,107.96,processing,2026-03-17T03:17:01.208332,2026-03-17T03:17:01.208332
4877,242,21,4,172.56,15,586.7,completed,2026-07-19T21:32:01.208332,2026-07-19T21:32:01.208332
4878,16,15,2,134.78,5,256.08,cancelled,2026-05-02T09:14:01.208332,2026-05-02T09:14:01.208332
4879,63,7,2,89.48,0,178.96,completed,2026-08-09T21:15:01.208332,2026-08-09T21:15:01.208332
4880,156,33,2,128.65,10,231.57,completed,2026-06-11T23:17:01.208332,2026-06-11T23:17:01.208332
4881,202,62,3,88.56,15,225.83,shipped,2026-04-27T00:42:01.208332,2026-04-27T00:42:01.208332
4882,287,52,3,101.29,0,303.87,completed,2026-04-19T08:56:01.208332,2026-04-19T08:56:01.208332
4883,194,19,2,106.58,0,213.16,completed,2026-04-23T12:13:01.208332,2026-04-23T12:13:01.208332
4884,313,77,4,235.95,20,755.04,completed,2026-05-21T13:24:01.208332,2026-05-21T13:24:01.208332
4885,162,55,2,62.66,0,125.32,completed,2026-08-13T12:39:01.208332,2026-08-13T12:39:01.208332
4886,64,78,1,152.1,0,152.1,completed,2026-04-07T13:04:01.208332,2026-04-07T13:04:01.208332
4887,478,82,3,131.43,5,374.58,completed,2026-07-17T23:35:01.208332,2026-07-17T23:35:01.208332
4888,133,64,3,190.48,5,542.87,shipped,2026-08-06T13:52:01.208332,2026-08-06T13:52:01.208332
4889,156,70,3,40.29,15,102.74,completed,2026-07-16T14:07:01.208332,2026-07-16T14:07:01.208332
4890,191,77,2,235.95,10,424.71,completed,2026-05-14T03:58:01.208332,2026-05-14T03:58:01.208332
4891,88,13,2,225.88,10,406.58,completed,2026-04-05T14:23:01.208332,2026-04-05T14:23:01.208332
4892,4,63,1,91.0,0,91.0,completed,2026-04-16T22:20:01.208332,2026-04-16T22:20:01.208332
4893,374,45,2,66.28,0,132.56,cancelled,2026-03-25T20:36:01.208332,2026-03-25T20:36:01.208332
4894,425,77,1,235.95,0,235.95,completed,2026-07-08T11:56:01.208332,2026-07-08T11:56:01.208332
4895,202,17,2,85.34,0,170.68,completed,2026-08-11T23:51:01.208332,2026-08-11T23:51:01.208332
4896,476,92,4,16.89,0,67.56,cancelled,2026-08-10T15:36:01.208332,2026-08-10T15:36:01.208332
4897,74,82,4,131.43,5,499.43,shipped,2026-03-24T04:32:01.208332,2026-03-24T04:32:01.208332
4898,396,35,5,196.82,15,836.48,cancelled,2026-06-02T22:01:01.208332,2026-06-02T22:01:01.208332
4899,127,80,3,203.33,10,548.99,cancelled,2026-04-23T00:46:01.208332,2026-04-23T00:46:01.208332
4900,346,42,5,118.02,0,590.1,completed,2026-03-26T17:20:01.208332,2026-03-26T17:20:01.208332
4901,300,86,3,186.11,0,558.33,completed,2026-06-27T14:52:01.208332,2026-06-27T14:52:01.208332
4902,72,92,3,16.89,0,50.67,completed,2026-05-08T12:33:01.208332,2026-05-08T12:33:01.208332
4903,258,42,4,118.02,0,472.08,completed,2026-06-15T13:06:01.208332,2026-06-15T13:06:01.208332
4904,230,9,1,149.34,0,149.34,completed,2026-08-09T09:28:01.208332,2026-08-09T09:28:01.208332
4905,271,82,1,131.43,0,131.43,processing,2026-04-20T18:17:01.208332,2026-04-20T18:17:01.208332
4906,48,34,4,167.45,5,636.31,completed,2026-04-20T12:47:01.208332,2026-04-20T12:47:01.208332
4907,242,30,3,15.86,15,40.44,completed,2026-04-03T16:56:01.208332,2026-04-03T16:56:01.208332
4908,396,19,3,106.58,5,303.75,processing,2026-08-01T16:15:01.208332,2026-08-01T16:15:01.208332
4909,375,96,3,67.93,0,203.79,shipped,2026-07-25T06:57:01.208332,2026-07-25T06:57:01.208332
4910,61,46,5,224.33,0,1121.65,processing,2026-07-01T10:53:01.208332,2026-07-01T10:53:01.208332
4911,236,26,3,123.56,0,370.68,processing,2026-07-27T20:44:01.208332,2026-07-27T20:44:01.208332
4912,105,5,3,88.78,0,266.34,processing,2026-05-23T11:54:01.208332,2026-05-23T11:54:01.208332
4913,274,4,2,15.68,0,31.36,processing,2026-03-18T07:40:01.208332,2026-03-18T07:40:01.208332
4914,112,54,1,139.17,20,111.34,completed,2026-07-16T23:04:01.208332,2026-07-16T23:04:01.208332
4915,353,26,2,123.56,20,197.7,processing,2026-06-20T21:23:01.208332,2026-06-20T21:23:01.208332
4916,471,77,2,235.95,5,448.3,completed,2026-08-13T01:17:01.208332,2026-08-13T01:17:01.208332
4917,263,61,5,53.61,10,241.25,completed,2026-08-04T13:11:01.208332,2026-08-04T13:11:01.208332
4918,416,72,1,194.06,0,194.06,completed,2026-07-18T05:10:01.208332,2026-07-18T05:10:01.208332
4919,246,70,4,40.29,0,161.16,completed,2026-02-25T08:29:01.208332,2026-02-25T08:29:01.208332
4920,424,72,4,194.06,0,776.24,cancelled,2026-04-22T02:51:01.208332,2026-04-22T02:51:01.208332
4921,33,41,2,117.02,0,234.04,cancelled,2026-05-15T15:20:01.208332,2026-05-15T15:20:01.208332
4922,157,53,3,81.67,20,196.01,completed,2026-06-23T21:51:01.208332,2026-06-23T21:51:01.208332
4923,475,42,2,118.02,5,224.24,processing,2026-07-21T10:46:01.208332,2026-07-21T10:46:01.208332
4924,26,13,5,225.88,10,1016.46,completed,2026-07-30T18:57:01.208332,2026-07-30T18:57:01.208332
4925,183,55,4,62.66,0,250.64,completed,2026-04-17T20:28:01.208332,2026-04-17T20:28:01.208332
4926,446,49,4,107.82,0,431.28,shipped,2026-07-07T10:35:01.208332,2026-07-07T10:35:01.208332
4927,227,96,4,67.93,0,271.72,shipped,2026-06-11T10:59:01.208332,2026-06-11T10:59:01.208332
4928,302,9,3,149.34,0,448.02,shipped,2026-04-02T19:26:01.208332,2026-04-02T19:26:01.208332
4929,70,76,5,172.56,10,776.52,shipped,2026-04-11T09:00:01.208332,2026-04-11T09:00:01.208332
4930,323,56,3,16.97,0,50.91,processing,2026-03-05T04:26:01.208332,2026-03-05T04:26:01.208332
4931,301,74,5,241.53,20,966.12,cancelled,2026-02-28T21:02:01.208332,2026-02-28T21:02:01.208332
4932,19,15,1,134.78,10,121.3,processing,2026-06-12T00:29:01.208332,2026-06-12T00:29:01.208332
4933,175,62,2,88.56,10,159.41,processing,2026-02-26T16:28:01.208332,2026-02-26T16:28:01.208332
4934,464,30,3,15.86,0,47.58,cancelled,2026-03-12T22:18:01.208332,2026-03-12T22:18:01.208332
4935,44,70,5,40.29,5,191.38,processing,2026-06-24T09:33:01.208332,2026-06-24T09:33:01.208332
4936,149,37,2,143.78,15,244.43,shipped,2026-04-18T06:24:01.208332,2026-04-18T06:24:01.208332
4937,142,95,5,12.44,20,49.76,completed,2026-05-28T15:52:01.208332,2026-05-28T15:52:01.208332
4938,318,97,5,143.24,15,608.77,processing,2026-05-17T22:37:01.208332,2026-05-17T22:37:01.208332
4939,190,57,2,183.8,10,330.84,completed,2026-08-08T09:52:01.208332,2026-08-08T09:52:01.208332
4940,422,100,4,63.18,0,252.72,cancelled,2026-06-19T05:12:01.208332,2026-06-19T05:12:01.208332
4941,293,45,5,66.28,0,331.4,processing,2026-08-14T17:05:01.208332,2026-08-14T17:05:01.208332
4942,380,15,5,134.78,0,673.9,completed,2026-03-28T05:05:01.208332,2026-03-28T05:05:01.208332
4943,37,57,5,183.8,5,873.05,processing,2026-07-06T16:42:01.208332,2026-07-06T16:42:01.208332
4944,312,85,1,179.75,20,143.8,completed,2026-03-20T15:48:01.208332,2026-03-20T15:48:01.208332
4945,271,70,2,40.29,15,68.49,shipped,2026-06-14T08:39:01.208332,2026-06-14T08:39:01.208332
4946,461,11,4,184.85,0,739.4,completed,2026-08-11T05:07:01.208332,2026-08-11T05:07:01.208332
4947,385,75,5,16.16,0,80.8,completed,2026-08-09T08:00:01.208332,2026-08-09T08:00:01.208332
4948,474,43,1,193.8,20,155.04,completed,2026-04-12T23:59:01.208332,2026-04-12T23:59:01.208332
4949,218,64,2,190.48,10,342.86,processing,2026-05-05T19:37:01.208332,2026-05-05T19:37:01.208332
4950,54,11,2,184.85,15,314.25,cancelled,2026-04-04T05:14:01.208332,2026-04-04T05:14:01.208332
4951,16,27,5,78.11,10,351.5,shipped,2026-04-26T19:21:01.208332,2026-04-26T19:21:01.208332
4952,435,69,1,211.41,20,169.13,processing,2026-03-10T12:15:01.208332,2026-03-10T12:15:01.208332
4953,126,79,4,177.33,20,567.46,completed,2026-06-01T16:17:01.208332,2026-06-01T16:17:01.208332
4954,141,44,5,75.9,0,379.5,completed,2026-08-04T03:56:01.208332,2026-08-04T03:56:01.208332
4955,378,80,5,203.33,15,864.15,completed,2026-07-27T14:15:01.208332,2026-07-27T14:15:01.208332
4956,427,14,4,20.65,5,78.47,completed,2026-06-08T15:43:01.208332,2026-06-08T15:43:01.208332
4957,190,41,2,117.02,10,210.64,shipped,2026-07-30T10:04:01.208332,2026-07-30T10:04:01.208332
4958,474,55,5,62.66,0,313.3,completed,2026-04-04T19:58:01.208332,2026-04-04T19:58:01.208332
4959,46,81,3,137.86,15,351.54,processing,2026-05-26T10:57:01.208332,2026-05-26T10:57:01.208332
4960,385,3,4,83.25,15,283.05,cancelled,2026-02-25T18:18:01.208332,2026-02-25T18:18:01.208332
4961,164,25,2,116.03,15,197.25,completed,2026-05-06T10:14:01.208332,2026-05-06T10:14:01.208332
4962,383,96,1,67.93,0,67.93,completed,2026-06-08T09:31:01.208332,2026-06-08T09:31:01.208332
4963,404,75,1,16.16,0,16.16,processing,2026-04-09T20:36:01.208332,2026-04-09T20:36:01.208332
4964,65,74,4,241.53,0,966.12,cancelled,2026-03-20T01:34:01.208332,2026-03-20T01:34:01.208332
4965,444,41,3,117.02,0,351.06,cancelled,2026-04-08T21:34:01.208332,2026-04-08T21:34:01.208332
4966,219,6,5,94.28,0,471.4,processing,2026-06-29T05:23:01.208332,2026-06-29T05:23:01.208332
4967,168,69,1,211.41,20,169.13,cancelled,2026-05-26T00:53:01.208332,2026-05-26T00:53:01.208332
4968,63,6,3,94.28,0,282.84,completed,2026-03-06T16:51:01.208332,2026-03-06T16:51:01.208332
4969,154,28,4,206.42,0,825.68,completed,2026-05-07T12:00:01.208332,2026-05-07T12:00:01.208332
4970,464,44,5,75.9,5,360.52,shipped,2026-04-02T00:49:01.208332,2026-04-02T00:49:01.208332
4971,388,52,2,101.29,5,192.45,completed,2026-03-09T22:56:01.208332,2026-03-09T22:56:01.208332
4972,354,45,5,66.28,15,281.69,shipped,2026-06-12T17:59:01.208332,2026-06-12T17:59:01.208332
4973,291,32,2,109.47,0,218.94,processing,2026-04-08T15:39:01.208332,2026-04-08T15:39:01.208332
4974,31,91,1,146.76,15,124.75,processing,2026-04-25T09:02:01.208332,2026-04-25T09:02:01.208332
4975,165,97,4,143.24,0,572.96,cancelled,2026-05-01T08:34:01.208332,2026-05-01T08:34:01.208332
4976,490,38,4,42.0,15,142.8,completed,2026-04-09T10:30:01.208332,2026-04-09T10:30:01.208332
4977,334,43,4,193.8,20,620.16,completed,2026-05-02T23:16:01.208332,2026-05-02T23:16:01.208332
4978,300,63,5,91.0,0,455.0,completed,2026-04-29T14:25:01.208332,2026-04-29T14:25:01.208332
4979,405,15,1,134.78,5,128.04,completed,2026-04-17T10:10:01.208332,2026-04-17T10:10:01.208332
4980,202,87,5,203.97,0,1019.85,completed,2026-06-23T18:03:01.208332,2026-06-23T18:03:01.208332
4981,430,66,2,189.77,5,360.56,completed,2026-05-23T02:25:01.208332,2026-05-23T02:25:01.208332
4982,234,4,2,15.68,10,28.22,shipped,2026-06-11T19:46:01.208332,2026-06-11T19:46:01.208332
4983,393,84,4,114.05,5,433.39,completed,2026-02-24T10:50:01.208332,2026-02-24T10:50:01.208332
4984,469,32,3,109.47,0,328.41,completed,2026-05-29T11:41:01.208332,2026-05-29T11:41:01.208332
4985,194,33,3,128.65,0,385.95,cancelled,2026-07-22T07:53:01.208332,2026-07-22T07:53:01.208332
4986,350,53,1,81.67,0,81.67,completed,2026-08-05T05:15:01.208332,2026-08-05T05:15:01.208332
4987,320,90,4,221.59,0,886.36,completed,2026-06-19T03:00:01.208332,2026-06-19T03:00:01.208332
4988,172,69,3,211.41,5,602.52,completed,2026-07-24T08:58:01.208332,2026-07-24T08:58:01.208332
4989,22,48,1,179.54,0,179.54,cancelled,2026-03-29T23:43:01.208332,2026-03-29T23:43:01.208332
4990,287,70,1,40.29,0,40.29,completed,2026-05-23T21:01:01.208332,2026-05-23T21:01:01.208332
4991,5,34,2,167.45,5,318.15,completed,2026-05-11T00:03:01.208332,2026-05-11T00:03:01.208332
4992,217,18,5,131.71,20,526.84,completed,2026-03-14T05:58:01.208332,2026-03-14T05:58:01.208332
4993,325,34,3,167.45,5,477.23,processing,2026-03-16T17:26:01.208332,2026-03-16T17:26:01.208332
4994,387,75,2,16.16,10,29.09,completed,2026-04-22T07:18:01.208332,2026-04-22T07:18:01.208332
4995,475,3,5,83.25,5,395.44,completed,2026-06-08T07:09:01.208332,2026-06-08T07:09:01.208332
4996,215,64,4,190.48,0,761.92,cancelled,2026-06-30T03:37:01.208332,2026-06-30T03:37:01.208332
4997,441,78,1,152.1,10,136.89,completed,2026-03-27T05:16:01.208332,2026-03-27T05:16:01.208332
4998,259,69,3,211.41,10,570.81,shipped,2026-05-27T06:51:01.208332,2026-05-27T06:51:01.208332
4999,392,35,3,196.82,20,472.37,completed,2026-08-17T12:40:01.208332,2026-08-17T12:40:01.208332
5000,58,91,2,146.76,20,234.82,completed,2026-07-24T22:57:01.208332,2026-07-24T22:57:01.208332
